surname,variant,variant_source,country,country_source,attested_by,phonetic_skeleton
'Ali,Ali,curated,,,,al
'Ali,AJELLO,sounds,,,,al
'Ali,ALOJA,sounds,,,,al
"*** GEORGINA BRAYLEY *** , aged 20","*** GEORGINA BRAYLEY *** , the Scotswoman",sounds,AR,archive,Lerena, rn brl 
"*** GEORGINA BRAYLEY *** , aged 20","*** GEORGINA BRAYLEY *** , the Scotswoman",sounds,ES,archive,Lerena, rn brl 
"*** GEORGINA BRAYLEY *** , aged 20","*** GEORGINA BRAYLEY *** , the Scotswoman",sounds,UY,archive,Lerena, rn brl 
"*** GEORGINA BRAYLEY *** , the Scotswoman","*** GEORGINA BRAYLEY *** , aged 20",sounds,AR,archive,Lerena, rn brl 
"*** GEORGINA BRAYLEY *** , the Scotswoman","*** GEORGINA BRAYLEY *** , aged 20",sounds,ES,archive,Lerena, rn brl 
"*** GEORGINA BRAYLEY *** , the Scotswoman","*** GEORGINA BRAYLEY *** , aged 20",sounds,UY,archive,Lerena, rn brl 
?,,,IT,archive,Falco,
[,,,IT,archive,Falco,
[BRIGIDO?],Bairéid,sounds,IT,archive,Falco,brd
[BRIGIDO?],Barde,sounds,IT,archive,Falco,brd
[BRUNO?],,,IT,archive,Falco,brn
[S,Z]ORBONE,curated,IT,archive,Falco,s
[VILLA?],Vogel,sounds,IT,archive,Falco,vl
[VILLA?],Vögele,sounds,IT,archive,Falco,vl
[VILLA?],Voegele,sounds,IT,archive,Falco,vl
[VILLA?],Vela,sounds,IT,archive,Falco,vl
Aabel,Abel,curated,,,,abl
Aabel,Abele,sounds,,,,abl
Aabel,Aubel,sounds,,,,abl
Aabel,Abbel,sounds,,,,abl
Aabel,Abello,sounds,,,,abl
Aadland,Odland,curated,,,,adlnd
Aadland,Ådland,curated,,,,adlnd
Aaker,Åker,curated,,,,akr
Aaker,Akre,sounds,,,,akr
Aaker,Aakre,sounds,,,,akr
Aakre,Akre,curated,,,,akr
Aakre,Åker,sounds,,,,akr
Aakre,Aaker,sounds,,,,akr
Aamodt,Aamot,curated,,,,amdt
Aamodt,Åmodt,curated,,,,amdt
Aamodt,Åmot,curated,,,,amdt
Aamodt,Aamoth,curated,,,,amdt
Aamot,Aamodt,curated,,,,amt
Aamot,Åmot,sounds,,,,amt
Aamot,Aamoth,sounds,,,,amt
Aamoth,Aamodt,curated,,,,amt
Aamoth,Aamot,sounds,,,,amt
Aamoth,Åmot,sounds,,,,amt
Aarents,Arnold,curated,,,,arnts
Aarne,Arnold,curated,,,,arn
Aarne,Aron,sounds,,,,arn
Aarne,Aaron,sounds,,,,arn
Aarne,Arne,sounds,,,,arn
Aarne,Arn,sounds,,,,arn
Aarne,Arnau,sounds,,,,arn
Aarne,Arena,sounds,,,,arn
Aarne,ARGENIO,sounds,,,,arn
Aaron,Aron,curated,,,,arn
Aaron,Aarons,curated,,,,arn
Aaron,Ahrens,curated,,,,arn
Aaron,Aarne,sounds,,,,arn
Aaron,Arne,sounds,,,,arn
Aaron,Arn,sounds,,,,arn
Aaron,Arnau,sounds,,,,arn
Aaron,Arena,sounds,,,,arn
Aaron,ARGENIO,sounds,,,,arn
Aaronovich,Aharonovich,curated,,,,arnvc
Aarons,Aaron,curated,,,,arns
Aarons,Arens,sounds,,,,arns
Aarset,Aarseth,curated,,,,arst
Aarseth,Aarset,curated,,,,arst
Aarts,Aerts,curated,,,,arts
Aasland,Åsland,curated,,,,aslnd
Abalakov,Abalakow,curated,,,,ablkv
Abalakow,Abalakov,curated,,,,ablkv
Abate,Abbate,curated,IT,archive,Falco,abt
Abate,Abatte,curated,IT,archive,Falco,abt
Abate,Abbot,sounds,IT,archive,Falco,abt
Abate,Abbott,sounds,IT,archive,Falco,abt
Abate,Abott,sounds,IT,archive,Falco,abt
Abate,Abot,sounds,IT,archive,Falco,abt
Abatiello,,,IT,archive,Falco,abtl
Abatte,Abate,curated,,,,abt
Abatte,Abbot,sounds,,,,abt
Abatte,Abbott,sounds,,,,abt
Abatte,Abott,sounds,,,,abt
Abatte,Abot,sounds,,,,abt
Abatte,Abbate,sounds,,,,abt
Abbate,Abate,curated,IT,archive,Falco,abt
Abbate,Abbot,sounds,IT,archive,Falco,abt
Abbate,Abbott,sounds,IT,archive,Falco,abt
Abbate,Abott,sounds,IT,archive,Falco,abt
Abbate,Abot,sounds,IT,archive,Falco,abt
Abbate,Abatte,sounds,IT,archive,Falco,abt
ABBATECOLA,,,IT,archive,Falco,abtcl
Abbel,Abel,curated,,,,abl
Abbel,Abele,sounds,,,,abl
Abbel,Aabel,sounds,,,,abl
Abbel,Aubel,sounds,,,,abl
Abbel,Abello,sounds,,,,abl
Abbiss,Abbs,curated,,,,abs
Abbot,Abbott,curated,AU,archive,D'Arcy,abt
Abbot,Abbott,curated,GB,archive,D'Arcy,abt
Abbot,Abbott,curated,IE,archive,D'Arcy,abt
Abbot,Abott,curated,AU,archive,D'Arcy,abt
Abbot,Abott,curated,GB,archive,D'Arcy,abt
Abbot,Abott,curated,IE,archive,D'Arcy,abt
Abbot,Abot,curated,AU,archive,D'Arcy,abt
Abbot,Abot,curated,GB,archive,D'Arcy,abt
Abbot,Abot,curated,IE,archive,D'Arcy,abt
Abbot,Abbate,sounds,AU,archive,D'Arcy,abt
Abbot,Abbate,sounds,GB,archive,D'Arcy,abt
Abbot,Abbate,sounds,IE,archive,D'Arcy,abt
Abbot,Abate,sounds,AU,archive,D'Arcy,abt
Abbot,Abate,sounds,GB,archive,D'Arcy,abt
Abbot,Abate,sounds,IE,archive,D'Arcy,abt
Abbot,Abatte,sounds,AU,archive,D'Arcy,abt
Abbot,Abatte,sounds,GB,archive,D'Arcy,abt
Abbot,Abatte,sounds,IE,archive,D'Arcy,abt
Abbott,Abbot,curated,,,,abt
Abbott,Abott,curated,,,,abt
Abbott,Abot,curated,,,,abt
Abbott,Abbate,sounds,,,,abt
Abbott,Abate,sounds,,,,abt
Abbott,Abatte,sounds,,,,abt
Abbs,Abbiss,curated,,,,abs
Abedi,Abidi,curated,,,,abd
Abel,Albrecht,curated,,,,abl
Abel,Albert,curated,,,,abl
Abel,Havel,curated,,,,abl
Abel,Abele,curated,,,,abl
Abel,Appel,curated,,,,abl
Abel,Alberto,curated,,,,abl
Abel,Aabel,curated,,,,abl
Abel,Avraham,curated,,,,abl
Abel,Obel,curated,,,,abl
Abel,Apelt,curated,,,,abl
Abel,Aubel,curated,,,,abl
Abel,Abbel,curated,,,,abl
Abel,Abelius,curated,,,,abl
Abel,Obelt,curated,,,,abl
Abel,Oppl,curated,,,,abl
Abel,Abello,sounds,,,,abl
Abele,Abel,curated,,,,abl
Abele,Aabel,sounds,,,,abl
Abele,Aubel,sounds,,,,abl
Abele,Abbel,sounds,,,,abl
Abele,Abello,sounds,,,,abl
Abelius,Abel,curated,,,,abls
Abello,Bello,curated,,,,abl
Abello,Abel,sounds,,,,abl
Abello,Abele,sounds,,,,abl
Abello,Aabel,sounds,,,,abl
Abello,Aubel,sounds,,,,abl
Abello,Abbel,sounds,,,,abl
ABENZO,,,IT,archive,Falco,abnz
Abidi,Abedi,curated,,,,abd
Abot,Abbott,curated,,,,abt
Abot,Abbot,curated,,,,abt
Abot,Abott,sounds,,,,abt
Abot,Abbate,sounds,,,,abt
Abot,Abate,sounds,,,,abt
Abot,Abatte,sounds,,,,abt
Abott,Abbott,curated,,,,abt
Abott,Abbot,curated,,,,abt
Abott,Abot,sounds,,,,abt
Abott,Abbate,sounds,,,,abt
Abott,Abate,sounds,,,,abt
Abott,Abatte,sounds,,,,abt
Abrahamsen,Abrahamson,curated,,,,abrhmsn
Abrahamsen,Abrahamsson,sounds,,,,abrhmsn
Abrahamsohn,Abrahamson,curated,,,,abrhmshn
Abrahamson,Abrahamsson,curated,,,,abrhmsn
Abrahamson,Abrahamsen,curated,,,,abrhmsn
Abrahamson,Abrahamsohn,curated,,,,abrhmsn
Abrahamson,Abramson,curated,,,,abrhmsn
Abrahamsson,Abrahamson,curated,,,,abrhmsn
Abrahamsson,Abrahamsen,sounds,,,,abrhmsn
Abrahamyan,Abramyan,curated,,,,abrhmn
Abramczik,Abramczyk,curated,,,,abrmsk
Abramczyk,Abramczik,curated,,,,abrmck
Abramo,Bram,curated,,,,abrm
Abramson,Abrahamson,curated,,,,abrmsn
Abramyan,Abrahamyan,curated,,,,abrmn
Abril,April,curated,,,,abrl
ABRUZZO,,,IT,archive,Falco,abrz
Acél,Aczél,curated,,,,asl
Acél,Atzél,curated,,,,asl
Acheson,Atkinson,curated,,,,assn
Achterberg,Amberg,curated,,,,actrbrg
Acsádi,Acsády,curated,,,,acsd
Acsády,Acsádi,curated,,,,acsd
ACT,,,IT,archive,Falco,act
Aczél,Acél,curated,,,,asl
Adam,Adams,curated,,,,adm
Adam,Addams,curated,,,,adm
Adam,Adamian,curated,,,,adm
Adam,Adama,sounds,,,,adm
Adam,Adamo,sounds,,,,adm
Adama,Adams,curated,,,,adm
Adama,Addams,curated,,,,adm
Adama,Adamian,curated,,,,adm
Adama,Adam,sounds,,,,adm
Adama,Adamo,sounds,,,,adm
Adamczak,Adamczyk,curated,,,,admck
Adamczyk,Adamczak,curated,,,,admck
Adamian,Adams,curated,,,,admn
Adamian,Adama,curated,,,,admn
Adamian,Adam,curated,,,,admn
Adamian,Addams,curated,,,,admn
Adamian,Adamo,curated,,,,admn
Adamič,Adamich,curated,,,,admc
Adamič,Adamick,curated,,,,admc
Adamich,Adamič,curated,,,,admc
Adamick,Adamič,curated,,,,admk
Adamo,Adams,curated,,,,adm
Adamo,Addams,curated,,,,adm
Adamo,Adamian,curated,,,,adm
Adamo,Adama,sounds,,,,adm
Adamo,Adam,sounds,,,,adm
Adamović,Adamowicz,curated,,,,admvc
Adamović,Adamovich,sounds,,,,admvc
Adamovich,Adamowicz,curated,,,,admvc
Adamovich,Adamović,sounds,,,,admvc
Adamowicz,Adamović,curated,,,,admvc
Adamowicz,Adamovich,curated,,,,admvc
Adams,Addams,curated,,,,adms
Adams,Adama,curated,,,,adms
Adams,Adam,curated,,,,adms
Adams,Adamo,curated,,,,adms
Adams,Adamian,curated,,,,adms
Adamsen,Adamsson,curated,,,,admsn
Adamsen,Adamson,sounds,,,,admsn
Adamson,Adamsson,curated,,,,admsn
Adamson,Adamsen,sounds,,,,admsn
Adamsson,Adamson,curated,,,,admsn
Adamsson,Adamsen,curated,,,,admsn
Addams,Adams,curated,,,,adms
Addams,Adama,curated,,,,adms
Addams,Adam,curated,,,,adms
Addams,Adamo,curated,,,,adms
Addams,Adamian,curated,,,,adms
Adelbrecht,Albrecht,curated,,,,adlbrct
Adelmann von Adelmannsfelden,,,AU,archive,D'Arcy,adlmn vn
Adelmann von Adelmannsfelden,,,GB,archive,D'Arcy,adlmn vn
Adelmann von Adelmannsfelden,,,IE,archive,D'Arcy,adlmn vn
Adewale,Adewole,curated,,,,advl
Adewole,Adewale,curated,,,,advl
Ådland,Aadland,curated,,,,adlnd
Adolf,Adolph,curated,,,,adlf
Adolf,Adolfo,curated,,,,adlf
Adolf,Adolphus,curated,,,,adlf
Adolf,Adolphe,curated,,,,adlf
Adolf,Adolpho,curated,,,,adlf
Adolfo,Adolf,curated,,,,adlf
Adolfo,Adolph,sounds,,,,adlf
Adolfo,Adolphe,sounds,,,,adlf
Adolfo,Adolpho,sounds,,,,adlf
Adolfsson,Adolphson,curated,,,,adlfsn
Adolph,Adolf,curated,,,,adlf
Adolph,Adolfo,sounds,,,,adlf
Adolph,Adolphe,sounds,,,,adlf
Adolph,Adolpho,sounds,,,,adlf
Adolphe,Adolf,curated,,,,adlf
Adolphe,Adolph,sounds,,,,adlf
Adolphe,Adolfo,sounds,,,,adlf
Adolphe,Adolpho,sounds,,,,adlf
Adolpho,Adolf,curated,,,,adlf
Adolpho,Adolph,sounds,,,,adlf
Adolpho,Adolfo,sounds,,,,adlf
Adolpho,Adolphe,sounds,,,,adlf
Adolphson,Adolfsson,curated,,,,adlfsn
Adolphus,Adolf,curated,,,,adlfs
Aerts,Aarts,curated,,,,arts
Afanasiev,Afanasyev,curated,,,,afnsv
Afanasiev,Afanasyew,sounds,,,,afnsv
Afanasiev,Afanassiev,sounds,,,,afnsv
Afanassiev,Afanasyev,curated,,,,afnsv
Afanassiev,Afanasyew,sounds,,,,afnsv
Afanassiev,Afanasiev,sounds,,,,afnsv
Afanasyev,Afanasyew,curated,,,,afnsv
Afanasyev,Afanasiev,curated,,,,afnsv
Afanasyev,Afanassiev,curated,,,,afnsv
Afanasyew,Afanasyev,curated,,,,afnsv
Afanasyew,Afanasiev,sounds,,,,afnsv
Afanasyew,Afanassiev,sounds,,,,afnsv
AFFINITA,,,IT,archive,Falco,afnt
Ağacanov,Agadzhanov,curated,,,,agcnv
Ağacanov,Aghajanyan,curated,,,,agcnv
Agadzhanov,Aghajanyan,curated,,,,agdznv
Agadzhanov,Aghajanian,curated,,,,agdznv
Agadzhanov,Ağacanov,curated,,,,agdznv
Agadzhanov,Agadzhanyan,curated,,,,agdznv
Agadzhanyan,Agadzhanov,curated,,,,agdznn
Agadzhanyan,Aghajanyan,curated,,,,agdznn
Agayev,,,,,,agv
AGED,,,IT,archive,Falco,ad
Agerre,Agirre,curated,,,,ar
Agerre,Araujo,sounds,,,,ar
Agerre,Auer,sounds,,,,ar
AGGRESTI,,,IT,archive,Falco,agrst
Aghajanian,Agadzhanov,curated,,,,agnn
Aghajanian,Aghajanyan,curated,,,,agnn
Aghajanyan,Agadzhanov,curated,,,,agnn
Aghajanyan,Aghajanian,curated,,,,agnn
Aghajanyan,Ağacanov,curated,,,,agnn
Aghajanyan,Agadzhanyan,curated,,,,agnn
Agirre,Agerre,curated,,,,ar
Agirre,Aguirre,curated,,,,ar
Agirre,Araujo,sounds,,,,ar
Agirre,Auer,sounds,,,,ar
Agnelli,Agnello,curated,,,,agnl
Agnello,Agnelli,curated,,,,agnl
AGUILAR,,,AR,archive,Lerena,aglr
AGUILAR,,,ES,archive,Lerena,aglr
AGUILAR,,,UY,archive,Lerena,aglr
Aguirre,Agirre,curated,,,,agr
Aharonovich,Aaronovich,curated,,,,ahrnvc
Ahlgren,Algren,curated,,,,ahlgrn
Ahlgren,Algreen,curated,,,,ahlgrn
Ahlkvist,Ahlquist,curated,,,,ahlkvst
Ahlkvist,Ahlqvist,curated,,,,ahlkvst
Ahlman,Ahlmann,curated,,,,ahlmn
Ahlmann,Ahlman,curated,,,,ahlmn
Ahlquist,Ahlqvist,curated,,,,ahlkst
Ahlquist,Ahlkvist,curated,,,,ahlkst
Ahlqvist,Ahlquist,curated,,,,ahlqvst
Ahlqvist,Ahlkvist,curated,,,,ahlqvst
Ahn,An,curated,,,,ahn
Ahrens,Aaron,curated,,,,ahrns
Ai,Ngai,curated,,,,a
Ai,Au,sounds,,,,a
Ai,Ao,sounds,,,,a
Ai,Aue,sounds,,,,a
Ai,Đào,sounds,,,,a
Aichinger,Eichinger,curated,,,,asnr
Aichler,Eichler,curated,,,,aclr
Aikenhead,Aitkenhead,curated,,,,aknhd
Aitkenhead,Aikenhead,curated,,,,atknhd
AJELLO,Ali,sounds,IT,archive,Falco,al
AJELLO,'Ali,sounds,IT,archive,Falco,al
AJELLO,ALOJA,sounds,IT,archive,Falco,al
Åker,Aaker,curated,,,,akr
Åker,Akre,sounds,,,,akr
Åker,Aakre,sounds,,,,akr
Akre,Aakre,curated,,,,akr
Akre,Åker,sounds,,,,akr
Akre,Aaker,sounds,,,,akr
Akulaw,Akulov,curated,,,,aklv
Akulov,Akulaw,curated,,,,aklv
Alain,Allen,curated,,,,aln
Alain,Alleyn,sounds,,,,aln
Alain,Alleyne,sounds,,,,aln
Alain,Alano,sounds,,,,aln
Alain,Allan,sounds,,,,aln
Alain,Alena,sounds,,,,aln
Alain,Alan,sounds,,,,aln
Alan,Allen,curated,,,,aln
Alan,Alleyn,sounds,,,,aln
Alan,Alleyne,sounds,,,,aln
Alan,Alain,sounds,,,,aln
Alan,Alano,sounds,,,,aln
Alan,Allan,sounds,,,,aln
Alan,Alena,sounds,,,,aln
ALANDRO,Alejandro,sounds,IT,archive,Falco,alndr
Alano,Allen,curated,,,,aln
Alano,Alleyn,sounds,,,,aln
Alano,Alleyne,sounds,,,,aln
Alano,Alain,sounds,,,,aln
Alano,Allan,sounds,,,,aln
Alano,Alena,sounds,,,,aln
Alano,Alan,sounds,,,,aln
ALBANTI,,,IT,archive,Falco,albnt
Albercht,Albrecht,curated,,,,albrct
Albercht,Allbrecht,sounds,,,,albrct
ALBERGO,,,IT,archive,Falco,albrg
Albert,Abel,curated,,,,albrt
Albert,Albrecht,curated,,,,albrt
Albert,Alberto,sounds,,,,albrt
Alberto,Abel,curated,IT,archive,Falco,albrt
Alberto,Albrecht,curated,IT,archive,Falco,albrt
Alberto,Albert,sounds,IT,archive,Falco,albrt
Alberts,Albrecht,curated,,,,albrts
Alberts,Albertus,sounds,,,,albrts
Albertus,Albrecht,curated,,,,albrts
Albertus,Alberts,sounds,,,,albrts
Albrecht,Abel,curated,,,,albrct
Albrecht,Albert,curated,,,,albrct
Albrecht,Alberts,curated,,,,albrct
Albrecht,Alberto,curated,,,,albrct
Albrecht,Avraham,curated,,,,albrct
Albrecht,Albertus,curated,,,,albrct
Albrecht,Adelbrecht,curated,,,,albrct
Albrecht,Albercht,curated,,,,albrct
Albrecht,Allbrecht,curated,,,,albrct
Aleixandre,Alexander,curated,,,,alksndr
Aleixandre,Alexandre,sounds,,,,alksndr
Aleixandre,Alexandru,sounds,,,,alksndr
Alejandro,Alexander,curated,,,,alndr
Alejandro,ALANDRO,sounds,,,,alndr
Alekhnovich,Alyakhnovich,curated,,,,alhnvc
Alekhnovich,Olekhnovich/Olekhnovych,curated,,,,alhnvc
Aleksandersen,Alexanderson,curated,,,,alksndrs
Aleksandersen,Alexandersson,sounds,,,,alksndrs
Aleksandersen,Alexandersen,sounds,,,,alksndrs
Alekseyenko,Alexejenko,curated,,,,alksnk
Alekseyenko,Aleksiienko,curated,,,,alksnk
Alekseyenko,Aleksieienko,curated,,,,alksnk
Alekseyenko,Oleksiienko,curated,,,,alksnk
Aleksieienko,Alekseyenko,curated,,,,alksnk
Aleksieienko,Alexejenko,sounds,,,,alksnk
Aleksieienko,Aleksiienko,sounds,,,,alksnk
Aleksiienko,Alekseyenko,curated,,,,alksnk
Aleksiienko,Alexejenko,sounds,,,,alksnk
Aleksiienko,Aleksieienko,sounds,,,,alksnk
Alena,Lenke,curated,,,,aln
Alena,Alleyn,sounds,,,,aln
Alena,Alleyne,sounds,,,,aln
Alena,Alain,sounds,,,,aln
Alena,Allen,sounds,,,,aln
Alena,Alano,sounds,,,,aln
Alena,Allan,sounds,,,,aln
Alena,Alan,sounds,,,,aln
Alessandro,Alexander,curated,,,,alsndr
Alex,Alexander,curated,,,,alks
Alexander,Zander,curated,,,,alksndr
Alexander,Alexandre,curated,,,,alksndr
Alexander,Sandy,curated,,,,alksndr
Alexander,Alejandro,curated,,,,alksndr
Alexander,Alessandro,curated,,,,alksndr
Alexander,Aleixandre,curated,,,,alksndr
Alexander,Sándor,curated,,,,alksndr
Alexander,Alex,curated,,,,alksndr
Alexander,Alexandru,curated,,,,alksndr
Alexander,Sandro,curated,,,,alksndr
Alexandersen,Alexanderson,curated,,,,alksndrs
Alexandersen,Aleksandersen,sounds,,,,alksndrs
Alexandersen,Alexandersson,sounds,,,,alksndrs
Alexanderson,Aleksandersen,curated,,,,alksndrs
Alexanderson,Alexandersson,curated,,,,alksndrs
Alexanderson,Alexandersen,curated,,,,alksndrs
Alexandersson,Alexanderson,curated,,,,alksndrs
Alexandersson,Aleksandersen,sounds,,,,alksndrs
Alexandersson,Alexandersen,sounds,,,,alksndrs
Alexandre,Alexander,curated,,,,alksndr
Alexandre,Aleixandre,sounds,,,,alksndr
Alexandre,Alexandru,sounds,,,,alksndr
Alexandru,Alexander,curated,,,,alksndr
Alexandru,Alexandre,sounds,,,,alksndr
Alexandru,Aleixandre,sounds,,,,alksndr
Alexejenko,Alekseyenko,curated,,,,alksnk
Alexejenko,Aleksiienko,sounds,,,,alksnk
Alexejenko,Aleksieienko,sounds,,,,alksnk
ALFÈ,,,IT,archive,Falco,alf
ALFONZO,,,IT,archive,Falco,alfnz
Algreen,Ahlgren,curated,,,,algrn
Algreen,Algren,sounds,,,,algrn
Algren,Ahlgren,curated,,,,algrn
Algren,Algreen,sounds,,,,algrn
Ali,Alizadeh,curated,,,,al
Ali,'Ali,curated,,,,al
Ali,Alioğlu,curated,,,,al
Ali,AJELLO,sounds,,,,al
Ali,ALOJA,sounds,,,,al
Aliev,Əliyev,curated,,,,alv
Aliev,Alijev,curated,,,,alv
Aliev,Galiev,curated,,,,alv
Aliev,Alıyev,sounds,,,,alv
Aliev,Aliyev,sounds,,,,alv
Alievrin,Əliyev,curated,,,,alvrn
Alievrin,Galiev,curated,,,,alvrn
Alijev,Aliev,curated,,,,alv
Alijev,Aliyev,curated,,,,alv
Alijev,Alıyev,sounds,,,,alv
Alijevas,Əliyev,curated,,,,alvs
Alilany,Əliyev,curated,,,,alln
Alilany,Aliylany,sounds,,,,alln
Alilany,Aliyleni,sounds,,,,alln
Alimov,Olimov,curated,,,,almv
Alimov,Ġa̋limov,curated,,,,almv
Alioğlu,Ali,curated,,,,algl
Aliyev,Əliyev,curated,,,,alv
Aliyev,Alijev,curated,,,,alv
Aliyev,Aliev,sounds,,,,alv
Aliyev,Alıyev,sounds,,,,alv
Aliylany,Əliyev,curated,,,,alln
Aliylany,Alilany,sounds,,,,alln
Aliylany,Aliyleni,sounds,,,,alln
Aliyleni,Əliyev,curated,,,,alln
Aliyleni,Alilany,sounds,,,,alln
Aliyleni,Aliylany,sounds,,,,alln
Alizadeh,Ali,curated,,,,alzdh
Allan,Allen,curated,,,,aln
Allan,Alleyn,sounds,,,,aln
Allan,Alleyne,sounds,,,,aln
Allan,Alain,sounds,,,,aln
Allan,Alano,sounds,,,,aln
Allan,Alena,sounds,,,,aln
Allan,Alan,sounds,,,,aln
Allbrecht,Albrecht,curated,,,,albrct
Allbrecht,Albercht,sounds,,,,albrct
Allen,Alain,curated,,,,aln
Allen,Alano,curated,,,,aln
Allen,Allan,curated,,,,aln
Allen,Alan,curated,,,,aln
Allen,Alleyn,sounds,,,,aln
Allen,Alleyne,sounds,,,,aln
Allen,Alena,sounds,,,,aln
Aller,Allers,curated,,,,alr
Allers,Aller,curated,,,,alrs
Alleyn,Alleyne,curated,,,,aln
Alleyn,Alain,sounds,,,,aln
Alleyn,Allen,sounds,,,,aln
Alleyn,Alano,sounds,,,,aln
Alleyn,Allan,sounds,,,,aln
Alleyn,Alena,sounds,,,,aln
Alleyn,Alan,sounds,,,,aln
Alleyne,Alleyn,curated,,,,aln
Alleyne,Alain,sounds,,,,aln
Alleyne,Allen,sounds,,,,aln
Alleyne,Alano,sounds,,,,aln
Alleyne,Allan,sounds,,,,aln
Alleyne,Alena,sounds,,,,aln
Alleyne,Alan,sounds,,,,aln
ALMA,,,IT,archive,Falco,alm
ALOJA,Ali,sounds,IT,archive,Falco,al
ALOJA,'Ali,sounds,IT,archive,Falco,al
ALOJA,AJELLO,sounds,IT,archive,Falco,al
ALPIERI,,,IT,archive,Falco,alpr
Alt,Altmann,curated,,,,alt
Alt,Alte,sounds,,,,alt
ALTARELLI,,,IT,archive,Falco,altrl
ALTAVILLA,ALTAVILLI,sounds,IT,archive,Falco,altvl
ALTAVILLI,ALTAVILLA,sounds,IT,archive,Falco,altvl
Alte,Altmann,curated,,,,alt
Alte,Alt,sounds,,,,alt
Altemann,Altmann,curated,,,,altmn
Altemann,Altman,sounds,,,,altmn
Alter,Altmann,curated,,,,altr
Altermann,Altmann,curated,,,,altrmn
Altman,Altmann,curated,,,,altmn
Altman,Altemann,sounds,,,,altmn
Altmann,Alt,curated,,,,altmn
Altmann,Alter,curated,,,,altmn
Altmann,Altman,curated,,,,altmn
Altmann,Altermann,curated,,,,altmn
Altmann,Alte,curated,,,,altmn
Altmann,Altemann,curated,,,,altmn
Álvares,Álvarez,curated,,,,alvrs
Álvares,Alvarez,curated,,,,alvrs
Álvares,Àlvarez,curated,,,,alvrs
Álvarez,Álvares,curated,AR,archive,Lerena,alvrz
Álvarez,Álvares,curated,ES,archive,Lerena,alvrz
Álvarez,Álvares,curated,UY,archive,Lerena,alvrz
Alyakhnovich,Olekhnovich/Olekhnovych,curated,,,,alhnvc
Alyakhnovich,Alekhnovich,curated,,,,alhnvc
Alıyev,Əliyev,curated,,,,alv
Alıyev,Aliev,sounds,,,,alv
Alıyev,Aliyev,sounds,,,,alv
Alıyev,Alijev,sounds,,,,alv
Amadeus,Theophilus,curated,,,,amds
Amann,Ammann,curated,,,,amn
Amann,Amtmann,curated,,,,amn
Amann,AMINO,sounds,,,,amn
Amberg,Achterberg,curated,,,,ambrg
AMBRINO,,,IT,archive,Falco,ambrn
AMENDOLA,,,IT,archive,Falco,amndl
AMIGALE,,,IT,archive,Falco,amgl
AMINO,Ammann,sounds,IT,archive,Falco,amn
AMINO,Amann,sounds,IT,archive,Falco,amn
Ammann,Amann,curated,,,,amn
Ammann,AMINO,sounds,,,,amn
Åmodt,Aamodt,curated,,,,amdt
AMORIELLO,,,IT,archive,Falco,amrl
Åmot,Aamodt,curated,,,,amt
Åmot,Aamot,sounds,,,,amt
Åmot,Aamoth,sounds,,,,amt
Amtmann,Amann,curated,,,,amtmn
An,On,curated,,,,an
An,Ahn,curated,,,,an
An,Aono,sounds,,,,an
An,ANNO,sounds,,,,an
ANANIA,ANGIOINO,sounds,IT,archive,Falco,ann
Ander,Anders,curated,,,,andr
Ander,Andre,sounds,,,,andr
Ander,Andrea,sounds,,,,andr
Ander,Andor,sounds,,,,andr
Ander,Andreu,sounds,,,,andr
Ander,Andrei,sounds,,,,andr
Ander,Andrey,sounds,,,,andr
Anders,Andre,curated,,,,andrs
Anders,András,curated,,,,andrs
Anders,Andrew,curated,,,,andrs
Anders,Andrea,curated,,,,andrs
Anders,André,curated,,,,andrs
Anders,Ander,curated,,,,andrs
Anders,Anderssen,curated,,,,andrs
Anders,Andor,curated,,,,andrs
Anders,Enders,curated,,,,andrs
Anders,Andersen,curated,,,,andrs
Anders,Andreu,curated,,,,andrs
Anders,Andrei,curated,,,,andrs
Anders,Andrés,curated,,,,andrs
Anders,Andreas,curated,,,,andrs
Anders,Andres,curated,,,,andrs
Anders,Andrey,curated,,,,andrs
Anders,Ondřej,curated,,,,andrs
Anders,Anderßen,curated,,,,andrs
Anders,Anderßon,curated,,,,andrs
Andersen,Anders,curated,,,,andrsn
Andersen,Anderson,curated,,,,andrsn
Andersen,Andersson,curated,,,,andrsn
Andersen,Andréasson,sounds,,,,andrsn
Andersen,Andreassen,sounds,,,,andrsn
Andersen,Andriessen,sounds,,,,andrsn
Andersen,Andreasen,sounds,,,,andrsn
Andersen,Andressen,sounds,,,,andrsn
Andersen,Anderssen,sounds,,,,andrsn
Andersen,Anderßon,sounds,,,,andrsn
Andersohn,Anderson,curated,,,,andrshn
Andersohn,Anderssohn,sounds,,,,andrshn
Anderson,Andersson,curated,,,,andrsn
Anderson,Anderssen,curated,,,,andrsn
Anderson,Andersen,curated,,,,andrsn
Anderson,Anderzon,curated,,,,andrsn
Anderson,Anderßon,curated,,,,andrsn
Anderson,Andersohn,curated,,,,andrsn
Anderson,Andréasson,sounds,,,,andrsn
Anderson,Andreassen,sounds,,,,andrsn
Anderson,Andriessen,sounds,,,,andrsn
Anderson,Andreasen,sounds,,,,andrsn
Anderson,Andressen,sounds,,,,andrsn
Anderssen,Anders,curated,,,,andrsn
Anderssen,Anderson,curated,,,,andrsn
Anderssen,Andersson,curated,,,,andrsn
Anderssen,Andréasson,sounds,,,,andrsn
Anderssen,Andreassen,sounds,,,,andrsn
Anderssen,Andriessen,sounds,,,,andrsn
Anderssen,Andreasen,sounds,,,,andrsn
Anderssen,Andressen,sounds,,,,andrsn
Anderssen,Andersen,sounds,,,,andrsn
Anderssen,Anderßon,sounds,,,,andrsn
Anderssohn,Andersson,curated,,,,andrshn
Anderssohn,Andersohn,sounds,,,,andrshn
Anderßon,Anders,curated,,,,andrsn
Anderßon,Anderson,curated,,,,andrsn
Anderßon,Andreasson,curated,,,,andrsn
Anderßon,Anderssen,curated,,,,andrsn
Anderßon,Andersen,curated,,,,andrsn
Anderßon,Anderzon,curated,,,,andrsn
Anderßon,Anderssohn,curated,,,,andrsn
Anderßon,Andréasson,sounds,,,,andrsn
Anderßon,Andreassen,sounds,,,,andrsn
Anderßon,Andriessen,sounds,,,,andrsn
Anderßon,Andreasen,sounds,,,,andrsn
Anderßon,Andressen,sounds,,,,andrsn
Anderzon,Anderson,curated,,,,andrzn
Anderzon,Andersson,curated,,,,andrzn
Andor,Anders,curated,,,,andr
Andor,Andre,sounds,,,,andr
Andor,Andrea,sounds,,,,andr
Andor,Ander,sounds,,,,andr
Andor,Andreu,sounds,,,,andr
Andor,Andrei,sounds,,,,andr
Andor,Andrey,sounds,,,,andr
András,Anders,curated,,,,andrs
András,Andreas,sounds,,,,andrs
András,Andrés,sounds,,,,andrs
Andre,Anders,curated,,,,andr
Andre,Andrea,sounds,,,,andr
Andre,Ander,sounds,,,,andr
Andre,Andor,sounds,,,,andr
Andre,Andreu,sounds,,,,andr
Andre,Andrei,sounds,,,,andr
Andre,Andrey,sounds,,,,andr
Andrea,Anders,curated,IT,archive,Falco,andr
Andrea,Andre,sounds,IT,archive,Falco,andr
Andrea,Ander,sounds,IT,archive,Falco,andr
Andrea,Andor,sounds,IT,archive,Falco,andr
Andrea,Andreu,sounds,IT,archive,Falco,andr
Andrea,Andrei,sounds,IT,archive,Falco,andr
Andrea,Andrey,sounds,IT,archive,Falco,andr
Andreas,Andreassen,curated,,,,andrs
Andreas,Anders,curated,,,,andrs
Andreas,András,sounds,,,,andrs
Andreas,Andrés,sounds,,,,andrs
Andreasen,Andreassen,curated,,,,andrsn
Andreasen,Andréasson,sounds,,,,andrsn
Andreasen,Andriessen,sounds,,,,andrsn
Andreasen,Andressen,sounds,,,,andrsn
Andreasen,Anderssen,sounds,,,,andrsn
Andreasen,Andersen,sounds,,,,andrsn
Andreasen,Anderßon,sounds,,,,andrsn
Andreasen,Anderson,sounds,,,,andrsn
Andreassen,Andréasson,curated,,,,andrsn
Andreassen,Andreasson,curated,,,,andrsn
Andreassen,Andriessen,curated,,,,andrsn
Andreassen,Andreasen,curated,,,,andrsn
Andreassen,Andreas,curated,,,,andrsn
Andreassen,Andressen,curated,,,,andrsn
Andreassen,Anderssen,sounds,,,,andrsn
Andreassen,Andersen,sounds,,,,andrsn
Andreassen,Anderßon,sounds,,,,andrsn
Andreassen,Anderson,sounds,,,,andrsn
Andréasson,Andreassen,curated,,,,andrsn
Andréasson,Andersson,curated,,,,andrsn
Andréasson,Andriessen,sounds,,,,andrsn
Andréasson,Andreasen,sounds,,,,andrsn
Andréasson,Andressen,sounds,,,,andrsn
Andréasson,Anderssen,sounds,,,,andrsn
Andréasson,Andersen,sounds,,,,andrsn
Andréasson,Anderßon,sounds,,,,andrsn
Andréasson,Anderson,sounds,,,,andrsn
Andréen,Andrén,curated,,,,andrn
Andréen,Andrin,sounds,,,,andrn
Andrei,Anders,curated,,,,andr
Andrei,Andre,sounds,,,,andr
Andrei,Andrea,sounds,,,,andr
Andrei,Ander,sounds,,,,andr
Andrei,Andor,sounds,,,,andr
Andrei,Andreu,sounds,,,,andr
Andrei,Andrey,sounds,,,,andr
Andrén,Andréen,curated,,,,andrn
Andrén,Andreen,curated,,,,andrn
Andrén,Andrin,sounds,,,,andrn
ANDREOTTA,ANDRIOTTA,sounds,IT,archive,Falco,andrt
Andrés,Anders,curated,,,,andrs
Andrés,Andreas,sounds,,,,andrs
Andrés,András,sounds,,,,andrs
Andressen,Andreassen,curated,,,,andrsn
Andressen,Andréasson,sounds,,,,andrsn
Andressen,Andriessen,sounds,,,,andrsn
Andressen,Andreasen,sounds,,,,andrsn
Andressen,Anderssen,sounds,,,,andrsn
Andressen,Andersen,sounds,,,,andrsn
Andressen,Anderßon,sounds,,,,andrsn
Andressen,Anderson,sounds,,,,andrsn
Andreu,Anders,curated,,,,andr
Andreu,Andre,sounds,,,,andr
Andreu,Andrea,sounds,,,,andr
Andreu,Ander,sounds,,,,andr
Andreu,Andor,sounds,,,,andr
Andreu,Andrei,sounds,,,,andr
Andreu,Andrey,sounds,,,,andr
Andrew,Anders,curated,,,,andrv
Andrewes,Andrews,curated,,,,andrvs
Andrews,Andrewes,curated,,,,andrvs
Andrey,Anders,curated,,,,andr
Andrey,Andre,sounds,,,,andr
Andrey,Andrea,sounds,,,,andr
Andrey,Ander,sounds,,,,andr
Andrey,Andor,sounds,,,,andr
Andrey,Andreu,sounds,,,,andr
Andrey,Andrei,sounds,,,,andr
Andrienko,Andriienko,curated,,,,andrnk
Andriessen,Andreassen,curated,,,,andrsn
Andriessen,Andréasson,sounds,,,,andrsn
Andriessen,Andreasen,sounds,,,,andrsn
Andriessen,Andressen,sounds,,,,andrsn
Andriessen,Anderssen,sounds,,,,andrsn
Andriessen,Andersen,sounds,,,,andrsn
Andriessen,Anderßon,sounds,,,,andrsn
Andriessen,Anderson,sounds,,,,andrsn
Andriienko,Andrienko,curated,,,,andrnk
Andrin,Heinz,curated,,,,andrn
Andrin,Hein,curated,,,,andrn
Andrin,Andréen,sounds,,,,andrn
Andrin,Andrén,sounds,,,,andrn
ANDRIOTTA,ANDREOTTA,sounds,IT,archive,Falco,andrt
Ang,Weng,curated,,,,ang
Ang,Hong,curated,,,,ang
Ang,Đặng,sounds,,,,ang
ANGELANNA,,,IT,archive,Falco,anln
Angele,Angl,curated,,,,anl
Angele,Anile,sounds,,,,anl
ANGIOINO,ANANIA,sounds,IT,archive,Falco,ann
Angl,Angele,curated,,,,angl
Angl,ANIGALE,sounds,,,,angl
ANGUINA,ANGUINO,sounds,IT,archive,Falco,angn
ANGUINO,ANGUINA,sounds,IT,archive,Falco,angn
ANIGALE,Angl,sounds,IT,archive,Falco,angl
Anile,Angele,sounds,AU,archive,Mazza,anl
Anile,Angele,sounds,IT,archive,Mazza,anl
Anile,Angele,sounds,US,archive,Mazza,anl
Annecchino,ANNICCHINO,sounds,AU,archive,D'Arcy,ancsn
Annecchino,ANNICCHINO,sounds,GB,archive,D'Arcy,ancsn
Annecchino,ANNICCHINO,sounds,IE,archive,D'Arcy,ancsn
Annecchino,ANNICCHINO,sounds,IT,archive,Falco,ancsn
ANNICCHINO,Annecchino,sounds,IT,archive,Falco,ancsn
ANNO,An,sounds,IT,archive,Falco,an
ANNO,Aono,sounds,IT,archive,Falco,an
ANNORUM,,,IT,archive,Falco,anrm
Anthonessen,Antonsen,curated,,,,antnsn
Anthonessen,Antonsson,sounds,,,,antnsn
Anthonessen,Anthonsen,sounds,,,,antnsn
Anthonsen,Antonsen,curated,,,,antnsn
Anthonsen,Antonsson,sounds,,,,antnsn
Anthonsen,Anthonessen,sounds,,,,antnsn
Antić,ANTIOCO,sounds,HR,archive,Blažević,antc
Antić Papić,,,HR,archive,Blažević,antc ppc
ANTIOCO,Antić,sounds,IT,archive,Falco,antc
ANTONELLI,,,IT,archive,Falco,antnl
Antonsen,Antonsson,curated,,,,antnsn
Antonsen,Anthonsen,curated,,,,antnsn
Antonsen,Anthonessen,curated,,,,antnsn
Antonsson,Antonsen,curated,,,,antnsn
Antonsson,Anthonsen,sounds,,,,antnsn
Antonsson,Anthonessen,sounds,,,,antnsn
ANZEVINO,ANZIVINO,sounds,IT,archive,Falco,anzvn
ANZIVINO,ANZEVINO,sounds,IT,archive,Falco,anzvn
ANZIVOLA,,,IT,archive,Falco,anzvl
ANZO,,,IT,archive,Falco,anz
Ao,Ou,curated,,,,a
Ao,Ngo,curated,,,,a
Ao,Ai,sounds,,,,a
Ao,Au,sounds,,,,a
Ao,Aue,sounds,,,,a
Ao,Đào,sounds,,,,a
Aono,Seino,curated,,,,an
Aono,An,sounds,,,,an
Aono,ANNO,sounds,,,,an
Apelt,Abel,curated,,,,aplt
Appel,Abel,curated,,,,apl
Appel,Oppel,curated,,,,apl
Appelius,Oppel,curated,,,,apls
Appelkvist,Appelquist,curated,,,,aplkvst
Appelquist,Appelqvist,curated,,,,aplkst
Appelquist,Appelkvist,curated,,,,aplkst
Appelqvist,Appelquist,curated,,,,aplqvst
April,Abril,curated,,,,aprl
Araujo,Araúxo,curated,,,,ar
Araujo,de Araújo,curated,,,,ar
Araujo,Agerre,sounds,,,,ar
Araujo,Agirre,sounds,,,,ar
Araujo,Auer,sounds,,,,ar
Araúxo,Araújo,curated,,,,arks
Archambault,Archambeault,curated,,,,arcmblt
Archambeault,Archambault,curated,,,,arcmblt
Arena,Aron,sounds,AU,archive,Mazza,arn
Arena,Aron,sounds,IT,archive,Falco; Mazza,arn
Arena,Aron,sounds,US,archive,Mazza,arn
Arena,Aaron,sounds,AU,archive,Mazza,arn
Arena,Aaron,sounds,IT,archive,Falco; Mazza,arn
Arena,Aaron,sounds,US,archive,Mazza,arn
Arena,Aarne,sounds,AU,archive,Mazza,arn
Arena,Aarne,sounds,IT,archive,Falco; Mazza,arn
Arena,Aarne,sounds,US,archive,Mazza,arn
Arena,Arne,sounds,AU,archive,Mazza,arn
Arena,Arne,sounds,IT,archive,Falco; Mazza,arn
Arena,Arne,sounds,US,archive,Mazza,arn
Arena,Arn,sounds,AU,archive,Mazza,arn
Arena,Arn,sounds,IT,archive,Falco; Mazza,arn
Arena,Arn,sounds,US,archive,Mazza,arn
Arena,Arnau,sounds,AU,archive,Mazza,arn
Arena,Arnau,sounds,IT,archive,Falco; Mazza,arn
Arena,Arnau,sounds,US,archive,Mazza,arn
Arena,ARGENIO,sounds,AU,archive,Mazza,arn
Arena,ARGENIO,sounds,IT,archive,Falco; Mazza,arn
Arena,ARGENIO,sounds,US,archive,Mazza,arn
Arend,Arnold,curated,,,,arnd
Arend,Arendt,curated,,,,arnd
Arend,Arnaud,sounds,,,,arnd
Arendt,Arend,curated,,,,arndt
Arendt,Arndt,curated,,,,arndt
Arendt,Arent,curated,,,,arndt
Arens,Arnold,curated,,,,arns
Arens,Aarons,sounds,,,,arns
Arent,Arendt,curated,,,,arnt
Arent,Arnt,sounds,,,,arnt
ARGENIO,Aron,sounds,IT,archive,Falco,arn
ARGENIO,Aaron,sounds,IT,archive,Falco,arn
ARGENIO,Aarne,sounds,IT,archive,Falco,arn
ARGENIO,Arne,sounds,IT,archive,Falco,arn
ARGENIO,Arn,sounds,IT,archive,Falco,arn
ARGENIO,Arnau,sounds,IT,archive,Falco,arn
ARGENIO,Arena,sounds,IT,archive,Falco,arn
Armanno,,,AU,archive,Mazza,armn
Armanno,,,IT,archive,Mazza,armn
Armanno,,,US,archive,Mazza,armn
Armitage,Armytage,curated,,,,armt
Armytage,Armitage,curated,,,,armt
Arn,Arnold,curated,,,,arn
Arn,Aron,sounds,,,,arn
Arn,Aaron,sounds,,,,arn
Arn,Aarne,sounds,,,,arn
Arn,Arne,sounds,,,,arn
Arn,Arnau,sounds,,,,arn
Arn,Arena,sounds,,,,arn
Arn,ARGENIO,sounds,,,,arn
Arnaldo,Arnold,curated,,,,arnld
Arnaldo,Arnould,sounds,,,,arnld
Arnardóttir,Arnarsdóttir,curated,,,,arnrdtr
Arnardóttir,Arnarson,curated,,,,arnrdtr
Arnarsdóttir,Arnardóttir,curated,,,,arnrsdtr
Arnarsdóttir,Arnarson,curated,,,,arnrsdtr
Arnarson,Arnardóttir,curated,,,,arnrsn
Arnarson,Arnarsdóttir,curated,,,,arnrsn
Arnau,Arnold,curated,,,,arn
Arnau,Aron,sounds,,,,arn
Arnau,Aaron,sounds,,,,arn
Arnau,Aarne,sounds,,,,arn
Arnau,Arne,sounds,,,,arn
Arnau,Arn,sounds,,,,arn
Arnau,Arena,sounds,,,,arn
Arnau,ARGENIO,sounds,,,,arn
Arnaud,Arnold,curated,,,,arnd
Arnaud,Arnould,curated,,,,arnd
Arnaud,Arend,sounds,,,,arnd
Arnault,Arnould,curated,,,,arnlt
Arndt,Arnold,curated,,,,arndt
Arndt,Arendt,curated,,,,arndt
Arne,Arnold,curated,,,,arn
Arne,Aron,sounds,,,,arn
Arne,Aaron,sounds,,,,arn
Arne,Aarne,sounds,,,,arn
Arne,Arn,sounds,,,,arn
Arne,Arnau,sounds,,,,arn
Arne,Arena,sounds,,,,arn
Arne,ARGENIO,sounds,,,,arn
Arnold,Arnould,curated,,,,arnld
Arnold,Arnaud,curated,,,,arnld
Arnold,Arend,curated,,,,arnld
Arnold,Aarne,curated,,,,arnld
Arnold,Arndt,curated,,,,arnld
Arnold,Arnt,curated,,,,arnld
Arnold,Arne,curated,,,,arnld
Arnold,Arn,curated,,,,arnld
Arnold,Arnau,curated,,,,arnld
Arnold,Arens,curated,,,,arnld
Arnold,Aarents,curated,,,,arnld
Arnold,Arnaldo,curated,,,,arnld
Arnold,von Arnold,curated,,,,arnld
Arnould,Arnold,curated,,,,arnld
Arnould,Arnaud,curated,,,,arnld
Arnould,Arnault,curated,,,,arnld
Arnould,Arnulf,curated,,,,arnld
Arnould,Arnaldo,sounds,,,,arnld
Arnst,Ernst,curated,,,,arnst
Arnt,Arnold,curated,,,,arnt
Arnt,Arent,sounds,,,,arnt
Arnulf,Arnould,curated,,,,arnlf
Aron,Aaron,curated,,,,arn
Aron,Aarne,sounds,,,,arn
Aron,Arne,sounds,,,,arn
Aron,Arn,sounds,,,,arn
Aron,Arnau,sounds,,,,arn
Aron,Arena,sounds,,,,arn
Aron,ARGENIO,sounds,,,,arn
ARRICALE,Arricole,sounds,IT,archive,Falco,arcl
Arricole,ARRICALE,sounds,AU,archive,D'Arcy,arcl
Arricole,ARRICALE,sounds,GB,archive,D'Arcy,arcl
Arricole,ARRICALE,sounds,IE,archive,D'Arcy,arcl
Arricole,ARRICALE,sounds,IT,archive,Falco,arcl
ARRIGALE,,,IT,archive,Falco,argl
ARRIVALE,,,IT,archive,Falco,arvl
Arutyunyan,Haroutunian,curated,,,,artnn
Asanaw,Asanov,curated,,,,asnv
Asanov,Asanaw,curated,,,,asnv
Aschenbrenner,Brenner,curated,,,,asnbrnr
Ashcraft,Ashcroft,curated,,,,ashcrft
Ashcroft,Ashcraft,curated,,,,ashcrft
Ashkenazi,Ashkenazy,curated,,,,ashknz
Ashkenazi,Askenasy,curated,,,,ashknz
Ashkenazi,Askenazi,curated,,,,ashknz
Ashkenazi,Aszkenasy,curated,,,,ashknz
Ashkenazi,Aszkenazy,curated,,,,ashknz
Ashkenazi,Aszkenaze,curated,,,,ashknz
Ashkenazi,Askénazy,curated,,,,ashknz
Ashkenazi,Askenazy,curated,,,,ashknz
Ashkenazi,Aszkenase,curated,,,,ashknz
Ashkenazi,Aškenazy,curated,,,,ashknz
Ashkenazy,Ashkenazi,curated,,,,ashknz
Askenasy,Ashkenazi,curated,,,,askns
Askenasy,Aszkenasy,sounds,,,,askns
Askenasy,Aszkenase,sounds,,,,askns
Askenazi,Ashkenazi,curated,,,,asknz
Askenazi,Aszkenazy,sounds,,,,asknz
Askenazi,Aszkenaze,sounds,,,,asknz
Askenazi,Askénazy,sounds,,,,asknz
Askénazy,Ashkenazi,curated,,,,asknz
Askénazy,Askenazi,sounds,,,,asknz
Askénazy,Aszkenazy,sounds,,,,asknz
Askénazy,Aszkenaze,sounds,,,,asknz
Åsland,Aasland,curated,,,,aslnd
Astapchuk,Ostaptchouk,curated,,,,astpck
Astapenka,Ostapenko,curated,,,,astpnk
Aszkenase,Ashkenazi,curated,,,,askns
Aszkenase,Askenasy,sounds,,,,askns
Aszkenase,Aszkenasy,sounds,,,,askns
Aszkenasy,Ashkenazi,curated,,,,askns
Aszkenasy,Askenasy,sounds,,,,askns
Aszkenasy,Aszkenase,sounds,,,,askns
Aszkenaze,Ashkenazi,curated,,,,asknz
Aszkenaze,Askenazi,sounds,,,,asknz
Aszkenaze,Aszkenazy,sounds,,,,asknz
Aszkenaze,Askénazy,sounds,,,,asknz
Aszkenazy,Ashkenazi,curated,,,,asknz
Aszkenazy,Askenazi,sounds,,,,asknz
Aszkenazy,Aszkenaze,sounds,,,,asknz
Aszkenazy,Askénazy,sounds,,,,asknz
Atalić,,,HR,archive,Blažević,atlc
Atamaniuk,Atamanjuk,curated,,,,atmnk
Atamanjuk,Atamaniuk,curated,,,,atmnk
Atkinson,Acheson,curated,AU,archive,D'Arcy,atknsn
Atkinson,Acheson,curated,GB,archive,D'Arcy,atknsn
Atkinson,Acheson,curated,IE,archive,D'Arcy,atknsn
ATTARDI,,,IT,archive,Falco,atrd
ATTARELLI,,,IT,archive,Falco,atrl
Attwell,Atwell,curated,,,,atvl
Atwell,Attwell,curated,AU,archive,D'Arcy,atvl
Atwell,Attwell,curated,GB,archive,D'Arcy,atvl
Atwell,Attwell,curated,IE,archive,D'Arcy,atvl
Atzél,Acél,curated,,,,atzl
Au,Ou,curated,,,,a
Au,Auer,curated,,,,a
Au,Ai,sounds,,,,a
Au,Ao,sounds,,,,a
Au,Aue,sounds,,,,a
Au,Đào,sounds,,,,a
Aubel,Abel,curated,,,,abl
Aubel,Abele,sounds,,,,abl
Aubel,Aabel,sounds,,,,abl
Aubel,Abbel,sounds,,,,abl
Aubel,Abello,sounds,,,,abl
Aubigny,Daubigny,curated,,,,abgn
Aue,Auer,curated,,,,a
Aue,Ai,sounds,,,,a
Aue,Au,sounds,,,,a
Aue,Ao,sounds,,,,a
Aue,Đào,sounds,,,,a
Auer,Aue,curated,,,,ar
Auer,Au,curated,,,,ar
Auer,Araujo,sounds,,,,ar
Auer,Agerre,sounds,,,,ar
Auer,Agirre,sounds,,,,ar
Aust,Austin,curated,,,,ast
Austen,Austin,curated,,,,astn
Austin,Aust,curated,,,,astn
Austin,Austen,curated,,,,astn
Averta,,,AU,archive,Mazza,avrt
Averta,,,IT,archive,Mazza,avrt
Averta,,,US,archive,Mazza,avrt
Avery,Avory,curated,,,,avr
Avory,Avery,curated,,,,avr
Avraham,Abel,curated,,,,avrhm
Avraham,Albrecht,curated,,,,avrhm
Azaraw,Azarov,curated,,,,azrv
Azaraw,Azarow,sounds,,,,azrv
Azarov,Azarow,curated,,,,azrv
Azarov,Azaraw,curated,,,,azrv
Azarow,Azarov,curated,,,,azrv
Azarow,Azaraw,sounds,,,,azrv
Azizov,Əzizov,curated,,,,azzv
B,Bā,sounds,IT,archive,Falco,b
B,Bai,sounds,IT,archive,Falco,b
B,Bo,sounds,IT,archive,Falco,b
B,Bào,sounds,IT,archive,Falco,b
B,Boo,sounds,IT,archive,Falco,b
B,Bu,sounds,IT,archive,Falco,b
B,BAJA,sounds,IT,archive,Falco,b
Bā,Bai,sounds,,,,b
Bā,Bo,sounds,,,,b
Bā,Bào,sounds,,,,b
Bā,Boo,sounds,,,,b
Bā,Bu,sounds,,,,b
Bā,B,sounds,,,,b
Bā,BAJA,sounds,,,,b
Baader,Bader,curated,,,,bdr
Babenco,Babenko,curated,,,,bbnc
Babenko,Babenco,curated,,,,bbnk
Babić,Babich,sounds,HR,archive,Blažević,bbc
Babić,Babych,sounds,HR,archive,Blažević,bbc
Babich,Babych,curated,,,,bbc
Babich,Babić,sounds,,,,bbc
Babitsch,Babych,curated,,,,bbts
Babych,Babich,curated,,,,bbc
Babych,Babitsch,curated,,,,bbc
Babych,Babić,sounds,,,,bbc
Bacchi,Bacs,sounds,HR,archive,Blažević,bcs
BACCHIELLO,BUCCIELLO,sounds,IT,archive,Falco,bcsl
Bäccman,Beckmann,curated,,,,bcmn
Bäccman,Bachmann,sounds,,,,bcmn
Bäccman,Bachman,sounds,,,,bcmn
Bach,Bachmann,curated,,,,bc
Bach,Bachman,curated,,,,bc
Bach,Bah,curated,,,,bc
Bachkow,Bochkov,curated,,,,bkv
Bachkow,Bekov,sounds,,,,bkv
Bachlechner,Lechner,curated,,,,bclcnr
Bachman,Bach,curated,,,,bcmn
Bachman,Bäccman,sounds,,,,bcmn
Bachman,Bachmann,sounds,,,,bcmn
Bachmann,Bach,curated,,,,bcmn
Bachmann,Bäccman,sounds,,,,bcmn
Bachmann,Bachman,sounds,,,,bcmn
Backer,Bakker,curated,,,,bkr
Backer,Becker,curated,,,,bkr
Backer,Beckmann,curated,,,,bkr
Backer,Baker,curated,,,,bkr
Backer,Beck,curated,,,,bkr
Backer,Boulanger,curated,,,,bkr
Backer,Piekarz,curated,,,,bkr
Backer,Baecker,curated,,,,bkr
Backer,Panettieri,curated,,,,bkr
Bäckman,Beckmann,curated,,,,bkmn
Bäckman,Beckman,sounds,,,,bkmn
Bäckman,Baeckman,sounds,,,,bkmn
Bäckmand,Beckmann,curated,,,,bkmnd
Bacs,Bacchi,sounds,,,,bcs
Bader,Baader,curated,,,,bdr
Baecker,Bäcker,curated,,,,bkr
Baecker,Becker,curated,,,,bkr
Baecker,Bakker,sounds,,,,bkr
Baecker,Baker,sounds,,,,bkr
Baecker,Backer,sounds,,,,bkr
Baeckman,Beckmann,curated,,,,bkmn
Baeckman,Beckman,sounds,,,,bkmn
Baeckman,Bäckman,sounds,,,,bkmn
Baehr,Bähr,curated,,,,bhr
Baehr,Bär,curated,,,,bhr
Baehr,Behr,curated,,,,bhr
Baehr,Bähre,sounds,,,,bhr
Baehrens,Behrens,curated,,,,bhrns
Baehrens,Bährens,sounds,,,,bhrns
Baek,Bai,curated,,,,bk
Baek,Boiko,sounds,,,,bk
Baek,Bojko,sounds,,,,bk
Baek,Buck,sounds,,,,bk
Baek,Bock,sounds,,,,bk
Baek,Boyka,sounds,,,,bk
Baek,Beck,sounds,,,,bk
Baek,Beke,sounds,,,,bk
Baek,Bek,sounds,,,,bk
Baek,Bok,sounds,,,,bk
Baek,Boyko,sounds,,,,bk
Baer,Bär,curated,,,,br
BAGLIOLATO,,,IT,archive,Falco,bgllt
Bah,Bach,curated,,,,bh
Bah,Beckh,sounds,,,,bh
Bah,Beh,sounds,,,,bh
Bahamolaw,Bogomolov,curated,,,,bhmlv
Bähncke,Behnke,curated,,,,bhnk
Bähncke,Behncke,curated,,,,bhnk
Bähr,Baehr,curated,,,,bhr
Bähr,Beer,curated,,,,bhr
Bähr,Bär,curated,,,,bhr
Bähr,Behr,curated,,,,bhr
Bähr,Bähre,curated,,,,bhr
Bähre,Bähr,curated,,,,bhr
Bähre,Baehr,sounds,,,,bhr
Bähre,Behr,sounds,,,,bhr
Bährens,Behrens,curated,,,,bhrns
Bährens,Baehrens,sounds,,,,bhrns
Bai,Baek,curated,,,,b
Bai,Bā,sounds,,,,b
Bai,Bo,sounds,,,,b
Bai,Bào,sounds,,,,b
Bai,Boo,sounds,,,,b
Bai,Bu,sounds,,,,b
Bai,B,sounds,,,,b
Bai,BAJA,sounds,,,,b
Baier,Bayer,curated,,,,br
Baier,Beier,curated,,,,br
Bailey,Bayley,curated,,,,bl
Bailey,Baily,curated,,,,bl
Baily,Bailey,curated,,,,bl
Baines,Baynes,curated,,,,bns
Baines,Bianchi,sounds,,,,bns
Baines,Bains,sounds,,,,bns
Bains,Baynes,curated,,,,bns
Bains,Baines,sounds,,,,bns
Bains,Bianchi,sounds,,,,bns
Bairéid,Barrett,curated,,,,brd
Bairéid,Barde,sounds,,,,brd
Bairéid,[BRIGIDO?],sounds,,,,brd
BAJA,Bā,sounds,IT,archive,Falco,b
BAJA,Bai,sounds,IT,archive,Falco,b
BAJA,Bo,sounds,IT,archive,Falco,b
BAJA,Bào,sounds,IT,archive,Falco,b
BAJA,Boo,sounds,IT,archive,Falco,b
BAJA,Bu,sounds,IT,archive,Falco,b
BAJA,B,sounds,IT,archive,Falco,b
Baker,Bakker,curated,,,,bkr
Baker,Becker,curated,,,,bkr
Baker,Bäcker,curated,,,,bkr
Baker,Boulanger,curated,,,,bkr
Baker,Boulenger,curated,,,,bkr
Baker,Backer,sounds,,,,bkr
Baker,Baecker,sounds,,,,bkr
Bakker,Becker,curated,,,,bkr
Bakker,Baker,curated,,,,bkr
Bakker,Backer,curated,,,,bkr
Bakker,Baecker,sounds,,,,bkr
Balashov,Balashow,curated,,,,blshv
Balashow,Balashov,curated,,,,blshv
Balasingam,Balasingham,curated,,,,blsngm
Balasingham,Balasingam,curated,,,,blsngm
Baldewein,Baldwin,curated,,,,bldvn
Baldewein,Baldovino,sounds,,,,bldvn
BALDI,,,IT,archive,Falco,bld
Baldovino,Baldwin,curated,,,,bldvn
Baldovino,Baldewein,sounds,,,,bldvn
Balduin,Baldwin,curated,,,,bldn
Baldwin,Baldovino,curated,,,,bldvn
Baldwin,Baudino,curated,,,,bldvn
Baldwin,Baldewein,curated,,,,bldvn
Baldwin,Balduin,curated,,,,bldvn
Bale,Bales,curated,,,,bl
Bales,Bale,curated,,,,bls
Bales,Belluschi,sounds,,,,bls
BALLADORO,,,IT,archive,Falco,bldr
BALLATO,BALLETTA,sounds,IT,archive,Falco,blt
BALLATO,BELLETTA,sounds,IT,archive,Falco,blt
BALLETTA,BALLATO,sounds,IT,archive,Falco,blt
BALLETTA,BELLETTA,sounds,IT,archive,Falco,blt
Baneth,Bennett,curated,,,,bnt
Baneth,Bent,sounds,,,,bnt
Baneth,Bennet,sounds,,,,bnt
Baneth,Benito,sounds,,,,bnt
Baneth,Benet,sounds,,,,bnt
Baneth,Benoît,sounds,,,,bnt
Baneth,Benett,sounds,,,,bnt
Baneth,Bento,sounds,,,,bnt
Baneth,BONATO,sounds,,,,bnt
Baneth,BONITO,sounds,,,,bnt
Bang,Feng,curated,,,,bng
Bang,Pang,curated,,,,bng
Bang,Bing,sounds,,,,bng
Bankes,Banks,curated,,,,bnks
Bankó,Benke,sounds,,,,bnk
Bankó,Benkei,sounds,,,,bnk
Bankó,Benik,sounds,,,,bnk
Bankó,Benkő,sounds,,,,bnk
Bankó,Bencke,sounds,,,,bnk
Banks,Bankes,curated,,,,bnks
Bào,Bā,sounds,,,,b
Bào,Bai,sounds,,,,b
Bào,Bo,sounds,,,,b
Bào,Boo,sounds,,,,b
Bào,Bu,sounds,,,,b
Bào,B,sounds,,,,b
Bào,BAJA,sounds,,,,b
Bär,Baehr,curated,,,,br
Bär,Beer,curated,,,,br
Bär,Bähr,curated,,,,br
Bär,Bahr,curated,,,,br
Bär,Bear,curated,,,,br
Bär,Baer,curated,,,,br
Barack,Beno,curated,,,,brk
Barak,Bennett,curated,,,,brk
Barbagallo,,,AU,archive,Mazza,brbgl
Barbagallo,,,IT,archive,Mazza,brbgl
Barbagallo,,,US,archive,Mazza,brbgl
Barbargallo,,,AU,archive,Mazza,brbrgl
Barbargallo,,,IT,archive,Mazza,brbrgl
Barbargallo,,,US,archive,Mazza,brbrgl
BARBATO,Barbuto,sounds,IT,archive,Falco,brbt
Barbuto,BARBATO,sounds,AU,archive,Mazza,brbt
Barbuto,BARBATO,sounds,IT,archive,Mazza,brbt
Barbuto,BARBATO,sounds,US,archive,Mazza,brbt
Barde,Bardens,curated,,,,brd
Barde,Bairéid,sounds,,,,brd
Barde,[BRIGIDO?],sounds,,,,brd
Bardel,Bardens,curated,,,,brdl
Barden,Bardens,curated,,,,brdn
Bardens,Barde,curated,,,,brdns
Bardens,Barden,curated,,,,brdns
Bardens,Bardel,curated,,,,brdns
Bardens,Bardenschlager,curated,,,,brdns
Bardenschlager,Bardens,curated,,,,brdnslr
Bardt,Barth,curated,,,,brdt
Barette,Barrett,curated,,,,brt
Barette,Barritt,sounds,,,,brt
Barette,Barret,sounds,,,,brt
Barette,Barit,sounds,,,,brt
Barette,Barth,sounds,,,,brt
Barette,Bart,sounds,,,,brt
Barette,Berth,sounds,,,,brt
Barette,Bert,sounds,,,,brt
Barette,Berta,sounds,,,,brt
Barette,Berthe,sounds,,,,brt
Barette,Bertha,sounds,,,,brt
Barit,Barrett,curated,,,,brt
Barit,Barritt,sounds,,,,brt
Barit,Barret,sounds,,,,brt
Barit,Barette,sounds,,,,brt
Barit,Barth,sounds,,,,brt
Barit,Bart,sounds,,,,brt
Barit,Berth,sounds,,,,brt
Barit,Bert,sounds,,,,brt
Barit,Berta,sounds,,,,brt
Barit,Berthe,sounds,,,,brt
Barit,Bertha,sounds,,,,brt
BARLETTA,,,IT,archive,Falco,brlt
Barnard,Bernhard,curated,,,,brnrd
Barnard,Bernard,sounds,,,,brnrd
Barnard,Bernardo,sounds,,,,brnrd
Barnard,BERNARDI,sounds,,,,brnrd
BARRAGAN,,,AR,archive,Lerena,brgn
BARRAGAN,,,ES,archive,Lerena,brgn
BARRAGAN,,,UY,archive,Lerena,brgn
Barret,Barrett,curated,,,,brt
Barret,Barritt,sounds,,,,brt
Barret,Barette,sounds,,,,brt
Barret,Barit,sounds,,,,brt
Barret,Barth,sounds,,,,brt
Barret,Bart,sounds,,,,brt
Barret,Berth,sounds,,,,brt
Barret,Bert,sounds,,,,brt
Barret,Berta,sounds,,,,brt
Barret,Berthe,sounds,,,,brt
Barret,Bertha,sounds,,,,brt
Barrett,Barritt,curated,,,,brt
Barrett,Barret,curated,,,,brt
Barrett,Barette,curated,,,,brt
Barrett,Barit,curated,,,,brt
Barrett,Bairéid,curated,,,,brt
Barrett,Barth,sounds,,,,brt
Barrett,Bart,sounds,,,,brt
Barrett,Berth,sounds,,,,brt
Barrett,Bert,sounds,,,,brt
Barrett,Berta,sounds,,,,brt
Barrett,Berthe,sounds,,,,brt
Barrett,Bertha,sounds,,,,brt
Barrie,Barry,curated,,,,br
Barritt,Barrett,curated,,,,brt
Barritt,Barret,sounds,,,,brt
Barritt,Barette,sounds,,,,brt
Barritt,Barit,sounds,,,,brt
Barritt,Barth,sounds,,,,brt
Barritt,Bart,sounds,,,,brt
Barritt,Berth,sounds,,,,brt
Barritt,Bert,sounds,,,,brt
Barritt,Berta,sounds,,,,brt
Barritt,Berthe,sounds,,,,brt
Barritt,Bertha,sounds,,,,brt
BARROS,Beers,sounds,AR,archive,Lerena,brs
BARROS,Beers,sounds,ES,archive,Lerena,brs
BARROS,Beers,sounds,UY,archive,Lerena,brs
BARROS,Bergius,sounds,AR,archive,Lerena,brs
BARROS,Bergius,sounds,ES,archive,Lerena,brs
BARROS,Bergius,sounds,UY,archive,Lerena,brs
BARROS,Béres,sounds,AR,archive,Lerena,brs
BARROS,Béres,sounds,ES,archive,Lerena,brs
BARROS,Béres,sounds,UY,archive,Lerena,brs
BARROS,BRESCIA,sounds,AR,archive,Lerena,brs
BARROS,BRESCIA,sounds,ES,archive,Lerena,brs
BARROS,BRESCIA,sounds,UY,archive,Lerena,brs
BARROS,Boras,sounds,AR,archive,Lerena,brs
BARROS,Boras,sounds,ES,archive,Lerena,brs
BARROS,Boras,sounds,UY,archive,Lerena,brs
Barry,Barrie,curated,,,,br
Bart,Barth,curated,,,,brt
Bart,Barritt,sounds,,,,brt
Bart,Barrett,sounds,,,,brt
Bart,Barret,sounds,,,,brt
Bart,Barette,sounds,,,,brt
Bart,Barit,sounds,,,,brt
Bart,Berth,sounds,,,,brt
Bart,Bert,sounds,,,,brt
Bart,Berta,sounds,,,,brt
Bart,Berthe,sounds,,,,brt
Bart,Bertha,sounds,,,,brt
Bartel,Bartl,curated,,,,brtl
Bartel,Barthle,sounds,,,,brtl
Bartel,Barthel,sounds,,,,brtl
Bartel,Bartell,sounds,,,,brtl
Bartel,Bartle,sounds,,,,brtl
Bartel,BARTOLO,sounds,,,,brtl
Bartel,BERTOLO,sounds,,,,brtl
Bartell,Bartl,curated,,,,brtl
Bartell,Barthle,sounds,,,,brtl
Bartell,Barthel,sounds,,,,brtl
Bartell,Bartel,sounds,,,,brtl
Bartell,Bartle,sounds,,,,brtl
Bartell,BARTOLO,sounds,,,,brtl
Bartell,BERTOLO,sounds,,,,brtl
Bartels,Bartl,curated,,,,brtls
Barth,Barthle,curated,,,,brt
Barth,Barthel,curated,,,,brt
Barth,Bart,curated,,,,brt
Barth,Bartholomäus,curated,,,,brt
Barth,Berth,curated,,,,brt
Barth,Bardt,curated,,,,brt
Barth,Barritt,sounds,,,,brt
Barth,Barrett,sounds,,,,brt
Barth,Barret,sounds,,,,brt
Barth,Barette,sounds,,,,brt
Barth,Barit,sounds,,,,brt
Barth,Bert,sounds,,,,brt
Barth,Berta,sounds,,,,brt
Barth,Berthe,sounds,,,,brt
Barth,Bertha,sounds,,,,brt
Barthel,Barth,curated,,,,brtl
Barthel,Bartl,curated,,,,brtl
Barthel,Barthle,sounds,,,,brtl
Barthel,Bartel,sounds,,,,brtl
Barthel,Bartell,sounds,,,,brtl
Barthel,Bartle,sounds,,,,brtl
Barthel,BARTOLO,sounds,,,,brtl
Barthel,BERTOLO,sounds,,,,brtl
Barthle,Barth,curated,,,,brtl
Barthle,Barthel,sounds,,,,brtl
Barthle,Bartl,sounds,,,,brtl
Barthle,Bartel,sounds,,,,brtl
Barthle,Bartell,sounds,,,,brtl
Barthle,Bartle,sounds,,,,brtl
Barthle,BARTOLO,sounds,,,,brtl
Barthle,BERTOLO,sounds,,,,brtl
Bartholomäus,Barth,curated,,,,brtlms
Bartl,Barthel,curated,,,,brtl
Bartl,Bartels,curated,,,,brtl
Bartl,Bartel,curated,,,,brtl
Bartl,Bartell,curated,,,,brtl
Bartl,Bartle,curated,,,,brtl
Bartl,Barthle,sounds,,,,brtl
Bartl,BARTOLO,sounds,,,,brtl
Bartl,BERTOLO,sounds,,,,brtl
Bartle,Bartl,curated,,,,brtl
Bartle,Barthle,sounds,,,,brtl
Bartle,Barthel,sounds,,,,brtl
Bartle,Bartel,sounds,,,,brtl
Bartle,Bartell,sounds,,,,brtl
Bartle,BARTOLO,sounds,,,,brtl
Bartle,BERTOLO,sounds,,,,brtl
BARTOLO,Barthle,sounds,IT,archive,Falco,brtl
BARTOLO,Barthel,sounds,IT,archive,Falco,brtl
BARTOLO,Bartl,sounds,IT,archive,Falco,brtl
BARTOLO,Bartel,sounds,IT,archive,Falco,brtl
BARTOLO,Bartell,sounds,IT,archive,Falco,brtl
BARTOLO,Bartle,sounds,IT,archive,Falco,brtl
BARTOLO,BERTOLO,sounds,IT,archive,Falco,brtl
Barton,Burton,curated,,,,brtn
Barton,Bartoň-Dobenín,curated,,,,brtn
Barton,Berton,sounds,,,,brtn
Bartoň-Dobenín,Bartoň,curated,,,,brtndbnn
Baruch,Bennett,curated,,,,brc
Baruch,Beno,curated,,,,brc
Baruch,Bruch,sounds,,,,brc
Baruch,Bjerch,sounds,,,,brc
Baruch,Birch,sounds,,,,brc
Baruch,Byorch,sounds,,,,brc
Baruch,Borić,sounds,,,,brc
Baruch,Birroca,sounds,,,,brc
Barysyevich,Borisevich,curated,,,,brsvc
Batey,Batty,curated,,,,bt
Batey,Bothe,sounds,,,,bt
Batey,Botha,sounds,,,,bt
Batey,Battye,sounds,,,,bt
Batey,Battey,sounds,,,,bt
Batey,BOTTO,sounds,,,,bt
BATTELLI,,,IT,archive,Falco,btl
Battey,Batty,curated,,,,bt
Battey,Bothe,sounds,,,,bt
Battey,Botha,sounds,,,,bt
Battey,Batey,sounds,,,,bt
Battey,Battye,sounds,,,,bt
Battey,BOTTO,sounds,,,,bt
BATTISTA,,,IT,archive,Falco,btst
Batty,Batey,curated,,,,bt
Batty,Battye,curated,,,,bt
Batty,Battey,curated,,,,bt
Batty,Bothe,sounds,,,,bt
Batty,Botha,sounds,,,,bt
Batty,BOTTO,sounds,,,,bt
Battye,Batty,curated,,,,bt
Battye,Bothe,sounds,,,,bt
Battye,Botha,sounds,,,,bt
Battye,Batey,sounds,,,,bt
Battye,Battey,sounds,,,,bt
Battye,BOTTO,sounds,,,,bt
Baudino,Baldwin,curated,,,,bdn
Baudino,Boden,sounds,,,,bdn
Bauer,Baur,curated,,,,br
Bauer,Bower,curated,,,,br
Bauer,Gebauer,curated,,,,br
Bauer,Lehenbauer,curated,,,,br
Bauer,Bauerle,curated,,,,br
Bauer,Bäuerle,curated,,,,br
Bauer,Lechenbauer,curated,,,,br
Bauerle,Bauer,curated,,,,brl
Bauerle,Brull,sounds,,,,brl
Bauerle,Bergel,sounds,,,,brl
Bauerle,BRAYLEY,sounds,,,,brl
Bauerle,Borello,sounds,,,,brl
Baumgärtner,,,,,,bmgrtnr
Baumhäckel,Specht,curated,,,,bmhkl
Baur,Bauer,curated,,,,br
Baur,Bur,curated,,,,br
Bayer,Baier,curated,,,,br
Bayer,Beyer,curated,,,,br
Bayer,Beier,curated,,,,br
Bayley,Bailey,curated,AU,archive,D'Arcy,bl
Bayley,Bailey,curated,GB,archive,D'Arcy,bl
Bayley,Bailey,curated,IE,archive,D'Arcy,bl
Baynes,Baines,curated,,,,bns
Baynes,Bains,curated,,,,bns
Baynes,Bianchi,sounds,,,,bns
Bayron,Byron,curated,,,,brn
Bazarov,Bazarow,curated,,,,bzrv
Bazarow,Bazarov,curated,,,,bzrv
Beal,Beale,curated,,,,bl
Beale,Beal,curated,,,,bl
Beamonte,Beaumont,curated,,,,bmnt
Bear,Bär,curated,,,,br
Beaumont,Beamonte,curated,,,,bmnt
Beavis,Bevis,curated,,,,bvs
Beck,Becker,curated,,,,bk
Beck,Beckmann,curated,,,,bk
Beck,Bäcker,curated,,,,bk
Beck,Beckman,curated,,,,bk
Beck,Beckerman,curated,,,,bk
Beck,Beke,curated,,,,bk
Beck,Bek,curated,,,,bk
Beck,Böck,curated,,,,bk
Beck,Baek,sounds,,,,bk
Beck,Boiko,sounds,,,,bk
Beck,Bojko,sounds,,,,bk
Beck,Buck,sounds,,,,bk
Beck,Bock,sounds,,,,bk
Beck,Boyka,sounds,,,,bk
Beck,Bok,sounds,,,,bk
Beck,Boyko,sounds,,,,bk
Becker,Bakker,curated,,,,bkr
Becker,Beckh,curated,,,,bkr
Becker,Beckmann,curated,,,,bkr
Becker,Bäcker,curated,,,,bkr
Becker,Baker,curated,,,,bkr
Becker,Beck,curated,,,,bkr
Becker,Pfister,curated,,,,bkr
Becker,Pistorius,curated,,,,bkr
Becker,Beckers,curated,,,,bkr
Becker,Boulanger,curated,,,,bkr
Becker,Baecker,curated,,,,bkr
Becker,Backer,sounds,,,,bkr
Beckerman,Beck,curated,,,,bkrmn
Beckers,Becker,curated,,,,bkrs
Beckh,Becker,curated,,,,bh
Beckh,Bah,sounds,,,,bh
Beckh,Beh,sounds,,,,bh
Beckman,Beckmann,curated,,,,bkmn
Beckman,Beck,curated,,,,bkmn
Beckman,Bäckman,sounds,,,,bkmn
Beckman,Baeckman,sounds,,,,bkmn
Beckmann,Becker,curated,,,,bkmn
Beckmann,Bäcker,curated,,,,bkmn
Beckmann,Beck,curated,,,,bkmn
Beckmann,Beckman,curated,,,,bkmn
Beckmann,Bäckman,curated,,,,bkmn
Beckmann,Backman,curated,,,,bkmn
Beckmann,Beckmeyer,curated,,,,bkmn
Beckmann,Bäccman,curated,,,,bkmn
Beckmann,Baeckman,curated,,,,bkmn
Beckmann,Bäckmand,curated,,,,bkmn
Beckmann,Beckmeier,curated,,,,bkmn
Beckmeier,Beckmann,curated,,,,bkmr
Beckmeier,Beckmeyer,sounds,,,,bkmr
Beckmeyer,Beckmann,curated,,,,bkmr
Beckmeyer,Beckmeier,sounds,,,,bkmr
Beecham,,,AU,archive,D'Arcy,bcm
Beecham,,,GB,archive,D'Arcy,bcm
Beecham,,,IE,archive,D'Arcy,bcm
Beer,Beermann,curated,,,,br
Beer,Bär,curated,,,,br
Beer,Bähr,curated,,,,br
Beer,Behr,curated,,,,br
Beer,Beers,curated,,,,br
Beer,de Beer,curated,,,,br
Beerbaum,Beerbohm,curated,,,,brbm
Beerbohm,Beerbaum,curated,,,,brbhm
Beerends,Behrens,curated,,,,brnds
Beerends,Brandis,sounds,,,,brnds
Beerends,Brendes,sounds,,,,brnds
Beerens,Behrens,curated,,,,brns
Beerens,Brans,sounds,,,,brns
Beerens,Berens,sounds,,,,brns
Beerens,Bruns,sounds,,,,brns
Beermann,Beer,curated,,,,brmn
Beermann,Bergemann,sounds,,,,brmn
Beers,Beer,curated,,,,brs
Beers,Bergius,sounds,,,,brs
Beers,Béres,sounds,,,,brs
Beers,BRESCIA,sounds,,,,brs
Beers,Boras,sounds,,,,brs
Beers,BARROS,sounds,,,,brs
BEGA,,,IT,archive,Falco,bg
Beh,Mai,curated,,,,bh
Beh,Ma,curated,,,,bh
Beh,Beckh,sounds,,,,bh
Beh,Bah,sounds,,,,bh
Behn,Behnke,curated,,,,bhn
Behn,Behncke,curated,,,,bhn
Behncke,Behnke,curated,,,,bhnk
Behncke,Benke,curated,,,,bhnk
Behncke,Benkei,curated,,,,bhnk
Behncke,Behn,curated,,,,bhnk
Behncke,Bähncke,curated,,,,bhnk
Behnke,Benke,curated,,,,bhnk
Behnke,Behncke,curated,,,,bhnk
Behnke,Benkei,curated,,,,bhnk
Behnke,Behnken,curated,,,,bhnk
Behnke,Bähncke,curated,,,,bhnk
Behnke,Behn,curated,,,,bhnk
Behnken,Behnke,curated,,,,bhnkn
Behr,Baehr,curated,,,,bhr
Behr,Beer,curated,,,,bhr
Behr,Bähr,curated,,,,bhr
Behr,Bahr,curated,,,,bhr
Behr,Bähre,sounds,,,,bhr
Behrend,Behrens,curated,,,,bhrnd
Behrends,Behrens,curated,,,,bhrnds
Behrendsen,Behrens,curated,,,,bhrndsn
Behrendsen,Bernhart,curated,,,,bhrndsn
Behrendt,Behrens,curated,,,,bhrndt
Behrendts,Behrens,curated,,,,bhrndts
Behrendtsen,Behrens,curated,,,,bhrndtsn
Behrendtz,Behrens,curated,,,,bhrndtz
Behrens,Berens,curated,,,,bhrns
Behrens,Behrend,curated,,,,bhrns
Behrens,Behrendt,curated,,,,bhrns
Behrens,Behrends,curated,,,,bhrns
Behrens,Baehrens,curated,,,,bhrns
Behrens,Behrendsen,curated,,,,bhrns
Behrens,Beerens,curated,,,,bhrns
Behrens,Behrendtz,curated,,,,bhrns
Behrens,Behrendts,curated,,,,bhrns
Behrens,Beerends,curated,,,,bhrns
Behrens,Bährens,curated,,,,bhrns
Behrens,Behrendtsen,curated,,,,bhrns
Behrens,Behrensen,curated,,,,bhrns
Behrensen,Behrens,curated,,,,bhrnsn
Beier,Baier,curated,,,,br
Beier,Bayer,curated,,,,br
Bek,Beck,curated,,,,bk
Bek,Baek,sounds,,,,bk
Bek,Boiko,sounds,,,,bk
Bek,Bojko,sounds,,,,bk
Bek,Buck,sounds,,,,bk
Bek,Bock,sounds,,,,bk
Bek,Boyka,sounds,,,,bk
Bek,Beke,sounds,,,,bk
Bek,Bok,sounds,,,,bk
Bek,Boyko,sounds,,,,bk
Bekanäq̇an,Bekov,curated,,,,bknqn
Beke,Beck,curated,,,,bk
Beke,Baek,sounds,,,,bk
Beke,Boiko,sounds,,,,bk
Beke,Bojko,sounds,,,,bk
Beke,Buck,sounds,,,,bk
Beke,Bock,sounds,,,,bk
Beke,Boyka,sounds,,,,bk
Beke,Bek,sounds,,,,bk
Beke,Bok,sounds,,,,bk
Beke,Boyko,sounds,,,,bk
Bekov,Bekanäq̇an,curated,,,,bkv
Bekov,Bachkow,sounds,,,,bkv
Bekov,Bochkov,sounds,,,,bkv
Bel,Bele,curated,,,,bl
Bel,Bell,curated,,,,bl
Belasco,Velasco,curated,,,,blsc
Belasco,Blasco,sounds,,,,blsc
Bele,Belle,curated,,,,bl
Bele,Bel,curated,,,,bl
BELELLA,,,IT,archive,Falco,bll
Bélisle,,,,,,blsl
Belkevich/Belkevych,Belkevičius,curated,,,,blkvcblk
Belkevich/Belkevych,Belkewitsch,curated,,,,blkvcblk
Belkevich/Belkevych,Bielkiewicz,curated,,,,blkvcblk
Belkevich/Belkevych,Byalkyevich,curated,,,,blkvcblk
Belkevičius,Belkevich/Belkevych,curated,,,,blkvss
Belkewitsch,Belkevich/Belkevych,curated,,,,blkvts
Bell,Bella,curated,,,,bl
Bell,Belle,curated,,,,bl
Bell,Bel,curated,,,,bl
Bella,Bell,curated,,,,bl
Bellasyse,,,AU,archive,D'Arcy,blss
Bellasyse,,,GB,archive,D'Arcy,blss
Bellasyse,,,IE,archive,D'Arcy,blss
Belle,Bele,curated,,,,bl
Belle,Bell,curated,,,,bl
BELLETTA,BALLATO,sounds,IT,archive,Falco,blt
BELLETTA,BALLETTA,sounds,IT,archive,Falco,blt
Bello,Vela,curated,,,,bl
Bello,Abello,curated,,,,bl
BELLONE,Biljan,sounds,IT,archive,Falco,bln
Bellucci,Belluschi,curated,,,,blcs
Belluschi,Bellucci,curated,,,,bls
Belluschi,Bales,sounds,,,,bls
BELOQUI,Blöck,sounds,AR,archive,Lerena,blk
BELOQUI,Blöck,sounds,ES,archive,Lerena,blk
BELOQUI,Blöck,sounds,UY,archive,Lerena,blk
BELOQUI,Biłyk,sounds,AR,archive,Lerena,blk
BELOQUI,Biłyk,sounds,ES,archive,Lerena,blk
BELOQUI,Biłyk,sounds,UY,archive,Lerena,blk
BELOQUI,Bielke,sounds,AR,archive,Lerena,blk
BELOQUI,Bielke,sounds,ES,archive,Lerena,blk
BELOQUI,Bielke,sounds,UY,archive,Lerena,blk
BELOQUI,Bjelke,sounds,AR,archive,Lerena,blk
BELOQUI,Bjelke,sounds,ES,archive,Lerena,blk
BELOQUI,Bjelke,sounds,UY,archive,Lerena,blk
Belyankin,Bieliankin,curated,,,,blnkn
Ben,Bennett,curated,,,,bn
Ben,Beno,sounds,,,,bn
Ben,Benno,sounds,,,,bn
Ben,Bin,sounds,,,,bn
Ben,Byeon,sounds,,,,bn
Ben,Bian,sounds,,,,bn
Ben,Bun,sounds,,,,bn
Ben,Buono,sounds,,,,bn
Ben,BONNO,sounds,,,,bn
Benac,Bianco,sounds,HR,archive,Blažević,bnc
Benac,BONECA,sounds,HR,archive,Blažević,bnc
Bencke,Benke,curated,,,,bnk
Bencke,Benkei,sounds,,,,bnk
Bencke,Bankó,sounds,,,,bnk
Bencke,Benik,sounds,,,,bnk
Bencke,Benkő,sounds,,,,bnk
Bendel,Bendl,curated,,,,bndl
Bendel,BIONDELLO,sounds,,,,bndl
Bendel,BIONDILLO,sounds,,,,bndl
Bender,Binder,curated,,,,bndr
Bender,Fassbinder,curated,,,,bndr
Bender,Faßbinder,curated,,,,bndr
Bender,Bondar,sounds,,,,bndr
Bendig,Benedict,curated,,,,bndg
Bendig,Benedikt,curated,,,,bndg
Bendik,Bennett,curated,,,,bndk
Bendik,Beno,curated,,,,bndk
Bendik,Benedek,sounds,,,,bndk
Bendix,Bennett,curated,,,,bndks
Bendl,Bendel,curated,,,,bndl
Bendl,BIONDELLO,sounds,,,,bndl
Bendl,BIONDILLO,sounds,,,,bndl
Bendz,Bentz,curated,,,,bndz
Benedek,Bennett,curated,,,,bndk
Benedek,Beno,curated,,,,bndk
Benedek,Bendik,sounds,,,,bndk
Benedetto,Bennett,curated,AU,archive,Mazza,bndt
Benedetto,Bennett,curated,IT,archive,Falco; Mazza,bndt
Benedetto,Bennett,curated,US,archive,Mazza,bndt
Benedetto,Benedito,sounds,AU,archive,Mazza,bndt
Benedetto,Benedito,sounds,IT,archive,Falco; Mazza,bndt
Benedetto,Benedito,sounds,US,archive,Mazza,bndt
Benedict,Bennett,curated,,,,bndct
Benedict,Bendig,curated,,,,bndct
Benedikt,Bennett,curated,,,,bndkt
Benedikt,Bendig,curated,,,,bndkt
Benedikt,Benke,curated,,,,bndkt
Benedikt,Beno,curated,,,,bndkt
Benedito,Beno,curated,,,,bndt
Benedito,Benedetto,sounds,,,,bndt
Benet,Bennett,curated,,,,bnt
Benet,Bent,sounds,,,,bnt
Benet,Bennet,sounds,,,,bnt
Benet,Benito,sounds,,,,bnt
Benet,Benoît,sounds,,,,bnt
Benet,Benett,sounds,,,,bnt
Benet,Bento,sounds,,,,bnt
Benet,Baneth,sounds,,,,bnt
Benet,BONATO,sounds,,,,bnt
Benet,BONITO,sounds,,,,bnt
Benett,Bennett,curated,,,,bnt
Benett,Bent,sounds,,,,bnt
Benett,Bennet,sounds,,,,bnt
Benett,Benito,sounds,,,,bnt
Benett,Benet,sounds,,,,bnt
Benett,Benoît,sounds,,,,bnt
Benett,Bento,sounds,,,,bnt
Benett,Baneth,sounds,,,,bnt
Benett,BONATO,sounds,,,,bnt
Benett,BONITO,sounds,,,,bnt
Bengtson,Bengtsson,curated,,,,bngtsn
Bengtson,Bengzon,curated,,,,bngtsn
Bengtson,Benktson,curated,,,,bngtsn
Bengtsson,Bengtson,curated,,,,bngtsn
Bengzon,Bengtson,curated,,,,bngzn
Beniamina,Benjamin,curated,,,,bnmn
Benik,Benke,curated,,,,bnk
Benik,Benkei,sounds,,,,bnk
Benik,Bankó,sounds,,,,bnk
Benik,Benkő,sounds,,,,bnk
Benik,Bencke,sounds,,,,bnk
Benito,Bennett,curated,,,,bnt
Benito,Bent,sounds,,,,bnt
Benito,Bennet,sounds,,,,bnt
Benito,Benet,sounds,,,,bnt
Benito,Benoît,sounds,,,,bnt
Benito,Benett,sounds,,,,bnt
Benito,Bento,sounds,,,,bnt
Benito,Baneth,sounds,,,,bnt
Benito,BONATO,sounds,,,,bnt
Benito,BONITO,sounds,,,,bnt
Benjamin,Beniamina,curated,,,,bnmn
Benke,Behnke,curated,,,,bnk
Benke,Behncke,curated,,,,bnk
Benke,Benkei,curated,,,,bnk
Benke,Benik,curated,,,,bnk
Benke,Benedikt,curated,,,,bnk
Benke,Bencke,curated,,,,bnk
Benke,Bankó,sounds,,,,bnk
Benke,Benkő,sounds,,,,bnk
Benkei,Behnke,curated,,,,bnk
Benkei,Behncke,curated,,,,bnk
Benkei,Benke,curated,,,,bnk
Benkei,Bankó,sounds,,,,bnk
Benkei,Benik,sounds,,,,bnk
Benkei,Benkő,sounds,,,,bnk
Benkei,Bencke,sounds,,,,bnk
Benkő,Benke,sounds,,,,bnk
Benkő,Benkei,sounds,,,,bnk
Benkő,Bankó,sounds,,,,bnk
Benkő,Benik,sounds,,,,bnk
Benkő,Bencke,sounds,,,,bnk
Benktson,Bengtson,curated,,,,bnktsn
Bennet,Bennett,curated,,,,bnt
Bennet,Bent,sounds,,,,bnt
Bennet,Benito,sounds,,,,bnt
Bennet,Benet,sounds,,,,bnt
Bennet,Benoît,sounds,,,,bnt
Bennet,Benett,sounds,,,,bnt
Bennet,Bento,sounds,,,,bnt
Bennet,Baneth,sounds,,,,bnt
Bennet,BONATO,sounds,,,,bnt
Bennet,BONITO,sounds,,,,bnt
Bennett,Beno,curated,,,,bnt
Bennett,Bent,curated,,,,bnt
Bennett,Benz,curated,,,,bnt
Bennett,Ben,curated,,,,bnt
Bennett,Benedict,curated,,,,bnt
Bennett,Barak,curated,,,,bnt
Bennett,Bennet,curated,,,,bnt
Bennett,Benedetto,curated,,,,bnt
Bennett,Benito,curated,,,,bnt
Bennett,Benet,curated,,,,bnt
Bennett,Benoît,curated,,,,bnt
Bennett,Benett,curated,,,,bnt
Bennett,Bendix,curated,,,,bnt
Bennett,Benno,curated,,,,bnt
Bennett,Bento,curated,,,,bnt
Bennett,Baruch,curated,,,,bnt
Bennett,Bendik,curated,,,,bnt
Bennett,Benedikt,curated,,,,bnt
Bennett,Benedek,curated,,,,bnt
Bennett,Baneth,curated,,,,bnt
Bennett,BONATO,sounds,,,,bnt
Bennett,BONITO,sounds,,,,bnt
Benno,Bennett,curated,,,,bn
Benno,Beno,curated,,,,bn
Benno,Ben,sounds,,,,bn
Benno,Bin,sounds,,,,bn
Benno,Byeon,sounds,,,,bn
Benno,Bian,sounds,,,,bn
Benno,Bun,sounds,,,,bn
Benno,Buono,sounds,,,,bn
Benno,BONNO,sounds,,,,bn
Beno,Bennett,curated,,,,bn
Beno,Bento,curated,,,,bn
Beno,Benedito,curated,,,,bn
Beno,Barack,curated,,,,bn
Beno,Benno,curated,,,,bn
Beno,Bendik,curated,,,,bn
Beno,Benedikt,curated,,,,bn
Beno,Baruch,curated,,,,bn
Beno,Benedek,curated,,,,bn
Beno,Ben,sounds,,,,bn
Beno,Bin,sounds,,,,bn
Beno,Byeon,sounds,,,,bn
Beno,Bian,sounds,,,,bn
Beno,Bun,sounds,,,,bn
Beno,Buono,sounds,,,,bn
Beno,BONNO,sounds,,,,bn
Benoît,Bennett,curated,,,,bnt
Benoît,Bent,sounds,,,,bnt
Benoît,Bennet,sounds,,,,bnt
Benoît,Benito,sounds,,,,bnt
Benoît,Benet,sounds,,,,bnt
Benoît,Benett,sounds,,,,bnt
Benoît,Bento,sounds,,,,bnt
Benoît,Baneth,sounds,,,,bnt
Benoît,BONATO,sounds,,,,bnt
Benoît,BONITO,sounds,,,,bnt
Bent,Bennett,curated,,,,bnt
Bent,Bennet,sounds,,,,bnt
Bent,Benito,sounds,,,,bnt
Bent,Benet,sounds,,,,bnt
Bent,Benoît,sounds,,,,bnt
Bent,Benett,sounds,,,,bnt
Bent,Bento,sounds,,,,bnt
Bent,Baneth,sounds,,,,bnt
Bent,BONATO,sounds,,,,bnt
Bent,BONITO,sounds,,,,bnt
BENTENO,,,AR,archive,Lerena,bntn
BENTENO,,,ES,archive,Lerena,bntn
BENTENO,,,UY,archive,Lerena,bntn
Bento,Bennett,curated,,,,bnt
Bento,Beno,curated,,,,bnt
Bento,Bent,sounds,,,,bnt
Bento,Bennet,sounds,,,,bnt
Bento,Benito,sounds,,,,bnt
Bento,Benet,sounds,,,,bnt
Bento,Benoît,sounds,,,,bnt
Bento,Benett,sounds,,,,bnt
Bento,Baneth,sounds,,,,bnt
Bento,BONATO,sounds,,,,bnt
Bento,BONITO,sounds,,,,bnt
Bentz,Bendz,curated,,,,bntz
Benz,Bennett,curated,,,,bnz
Benz,BONZA,sounds,,,,bnz
Benz,BONZI,sounds,,,,bnz
BERA,,,IT,archive,Falco,br
Berasategi,Berasategui,curated,,,,brst
Berasategui,Berasategi,curated,,,,brstg
Berend,Bernhard,curated,,,,brnd
Berend,Brand,sounds,,,,brnd
Berens,Behrens,curated,,,,brns
Berens,Brans,sounds,,,,brns
Berens,Beerens,sounds,,,,brns
Berens,Bruns,sounds,,,,brns
Béres,Beers,sounds,,,,brs
Béres,Bergius,sounds,,,,brs
Béres,BRESCIA,sounds,,,,brs
Béres,Boras,sounds,,,,brs
Béres,BARROS,sounds,,,,brs
Berg,Burg,curated,,,,brg
Berg,Bergmann,curated,,,,brg
Berg,Berger,curated,,,,brg
Berg,Bergen,curated,,,,brg
Berg,Bergius,curated,,,,brg
Berg,van den Berg,curated,,,,brg
Berg,Bergh,sounds,,,,brg
Berg,Borg,sounds,,,,brg
Berg,Borgh,sounds,,,,brg
Berge,Berger,curated,,,,br
Berge,Bergen,curated,,,,br
Bergel,Bergmann,curated,,,,brl
Bergel,Brull,sounds,,,,brl
Bergel,Bauerle,sounds,,,,brl
Bergel,BRAYLEY,sounds,,,,brl
Bergel,Borello,sounds,,,,brl
Bergemann,Bergmann,curated,,,,brmn
Bergemann,Beermann,sounds,,,,brmn
Bergen,Berger,curated,,,,brn
Bergen,Berg,curated,,,,brn
Bergen,Berge,curated,,,,brn
Bergen,Bergler,curated,,,,brn
Bergen,Bergner,curated,,,,brn
Bergen,Bergert,curated,,,,brn
Bergen,Bergener,curated,,,,brn
Bergen,Pergner,curated,,,,brn
Bergendahl,Bergendal,curated,,,,brndhl
Bergendal,Bergendahl,curated,,,,brndl
Bergendal,Brändle,sounds,,,,brndl
Bergendal,Brandl,sounds,,,,brndl
Bergendal,Brandel,sounds,,,,brndl
Bergendal,Brendel,sounds,,,,brndl
Bergener,Bergen,curated,,,,brnr
Bergener,Berger,curated,,,,brnr
Bergener,Brunner,sounds,,,,brnr
Bergener,Brenner,sounds,,,,brnr
Bergener,Brauner,sounds,,,,brnr
Bergener,Börner,sounds,,,,brnr
Berger,Bergius,curated,,,,brr
Berger,Bergen,curated,,,,brr
Berger,Berg,curated,,,,brr
Berger,Berge,curated,,,,brr
Berger,Perger,curated,,,,brr
Berger,Bergler,curated,,,,brr
Berger,Bergman,curated,,,,brr
Berger,Bergner,curated,,,,brr
Berger,Bergert,curated,,,,brr
Berger,Bergers,curated,,,,brr
Berger,Bergener,curated,,,,brr
Berger,Bergermann,curated,,,,brr
Berger,Bergk,curated,,,,brr
Berger,Bräuer,sounds,,,,brr
Berger,Breuer,sounds,,,,brr
Berger,Bürger,sounds,,,,brr
Berger,Bryer,sounds,,,,brr
Berger,Bryar,sounds,,,,brr
Bergermann,Berger,curated,,,,brrmn
Bergermann,Bergmann,curated,,,,brrmn
Bergers,Bergius,curated,,,,brrs
Bergers,Berger,curated,,,,brrs
Bergersen,Bergesen,curated,,,,brrsn
Bergert,Bergen,curated,,,,brrt
Bergert,Berger,curated,,,,brrt
Bergert,Burgert,sounds,,,,brrt
Bergesen,Bergersen,curated,,,,brsn
Bergh,Burg,curated,,,,brg
Bergh,Berg,sounds,,,,brg
Bergh,Borg,sounds,,,,brg
Bergh,Borgh,sounds,,,,brg
Bergius,Berger,curated,,,,brs
Bergius,Berg,curated,,,,brs
Bergius,Bergler,curated,,,,brs
Bergius,Bergers,curated,,,,brs
Bergius,Bergk,curated,,,,brs
Bergius,Beers,sounds,,,,brs
Bergius,Béres,sounds,,,,brs
Bergius,BRESCIA,sounds,,,,brs
Bergius,Boras,sounds,,,,brs
Bergius,BARROS,sounds,,,,brs
Bergk,Berger,curated,,,,brgk
Bergk,Bergius,curated,,,,brgk
Bergkvist,Bergquist,curated,,,,brgkvst
Bergkvist,Bergqvist,curated,,,,brgkvst
Bergler,Berger,curated,,,,brglr
Bergler,Bergen,curated,,,,brglr
Bergler,Bergius,curated,,,,brglr
Bergman,Bergmann,curated,,,,brgmn
Bergman,Berger,curated,,,,brgmn
Bergmann,Berg,curated,,,,brgmn
Bergmann,Bergel,curated,,,,brgmn
Bergmann,Bergman,curated,,,,brgmn
Bergmann,Bergemann,curated,,,,brgmn
Bergmann,Bergmans,curated,,,,brgmn
Bergmann,Bergermann,curated,,,,brgmn
Bergmann,Pergner,curated,,,,brgmn
Bergmann,Bergmanns,curated,,,,brgmn
Bergmanns,Bergmann,curated,,,,brgmns
Bergmanns,Bergmans,sounds,,,,brgmns
Bergmans,Bergmann,curated,,,,brgmns
Bergmans,Bergmanns,sounds,,,,brgmns
Bergner,Berger,curated,,,,brgnr
Bergner,Bergen,curated,,,,brgnr
Bergquist,Bergqvist,curated,,,,brgkst
Bergquist,Bergkvist,curated,,,,brgkst
Bergqvist,Bergquist,curated,,,,brgqvst
Bergqvist,Bergkvist,curated,,,,brgqvst
Berkshire,,,AU,archive,D'Arcy,brkshr
Berkshire,,,GB,archive,D'Arcy,brkshr
Berkshire,,,IE,archive,D'Arcy,brkshr
Berlín,,,,,,brln
Bern,Bernhard,curated,,,,brn
Bern,Bernhart,curated,,,,brn
Bernacki,Bernatsky,curated,,,,brnk
Bernacki,Brink,sounds,,,,brnk
Bernacki,Biernacki,sounds,,,,brnk
Bernard,Bernhard,curated,,,,brnrd
Bernard,Barnard,sounds,,,,brnrd
Bernard,Bernardo,sounds,,,,brnrd
Bernard,BERNARDI,sounds,,,,brnrd
BERNARDI,Barnard,sounds,IT,archive,Falco,brnrd
BERNARDI,Bernard,sounds,IT,archive,Falco,brnrd
BERNARDI,Bernardo,sounds,IT,archive,Falco,brnrd
BERNARDINO,,,IT,archive,Falco,brnrdn
Bernardo,Bernhard,curated,IT,archive,Falco,brnrd
Bernardo,Barnard,sounds,IT,archive,Falco,brnrd
Bernardo,Bernard,sounds,IT,archive,Falco,brnrd
Bernardo,BERNARDI,sounds,IT,archive,Falco,brnrd
Bernát,Bernhard,curated,,,,brnt
Bernát,Burnette,sounds,,,,brnt
Bernát,Burnet,sounds,,,,brnt
Bernát,Burnett,sounds,,,,brnt
Bernát,Bernt,sounds,,,,brnt
Bernatsky,Bernatskyi,curated,,,,brntsk
Bernatsky,Biernacki,curated,,,,brntsk
Bernatsky,Bernacki,curated,,,,brntsk
Bernatskyi,Bernatsky,curated,,,,brntsk
Berndt,Bernhart,curated,,,,brndt
Berndt,Brandt,sounds,,,,brndt
Berndt,Brendt,sounds,,,,brndt
Bernhard,Bernhart,curated,,,,brnhrd
Bernhard,Barnard,curated,,,,brnhrd
Bernhard,Bernard,curated,,,,brnhrd
Bernhard,Bernhardt,curated,,,,brnhrd
Bernhard,Bernardo,curated,,,,brnhrd
Bernhard,Bernát,curated,,,,brnhrd
Bernhard,Bernat,curated,,,,brnhrd
Bernhard,Berny,curated,,,,brnhrd
Bernhard,Bern,curated,,,,brnhrd
Bernhard,Berend,curated,,,,brnhrd
Bernhardt,Bernhard,curated,,,,brnhrdt
Bernhardt,Bernhart,curated,,,,brnhrdt
Bernhart,Bernhard,curated,,,,brnhrt
Bernhart,Bernhardt,curated,,,,brnhrt
Bernhart,Berndt,curated,,,,brnhrt
Bernhart,Berni,curated,,,,brnhrt
Bernhart,Bernt,curated,,,,brnhrt
Bernhart,Berny,curated,,,,brnhrt
Bernhart,Bern,curated,,,,brnhrt
Bernhart,Bernie,curated,,,,brnhrt
Bernhart,Behrendsen,curated,,,,brnhrt
Berni,Bernhart,curated,,,,brn
Bernie,Bernhart,curated,,,,brn
Bernshteyn-Kogan,Kogan-Bernshteyn,curated,,,,brnshtnk
Bernt,Bernhart,curated,,,,brnt
Bernt,Burnette,sounds,,,,brnt
Bernt,Burnet,sounds,,,,brnt
Bernt,Burnett,sounds,,,,brnt
Bernt,Bernát,sounds,,,,brnt
Berny,Bernhard,curated,,,,brn
Berny,Bernhart,curated,,,,brn
Bert,Roberts,curated,,,,brt
Bert,Barritt,sounds,,,,brt
Bert,Barrett,sounds,,,,brt
Bert,Barret,sounds,,,,brt
Bert,Barette,sounds,,,,brt
Bert,Barit,sounds,,,,brt
Bert,Barth,sounds,,,,brt
Bert,Bart,sounds,,,,brt
Bert,Berth,sounds,,,,brt
Bert,Berta,sounds,,,,brt
Bert,Berthe,sounds,,,,brt
Bert,Bertha,sounds,,,,brt
Berta,Berthe,curated,,,,brt
Berta,Barritt,sounds,,,,brt
Berta,Barrett,sounds,,,,brt
Berta,Barret,sounds,,,,brt
Berta,Barette,sounds,,,,brt
Berta,Barit,sounds,,,,brt
Berta,Barth,sounds,,,,brt
Berta,Bart,sounds,,,,brt
Berta,Berth,sounds,,,,brt
Berta,Bert,sounds,,,,brt
Berta,Bertha,sounds,,,,brt
Berth,Barth,curated,,,,brt
Berth,Berther,curated,,,,brt
Berth,Berthe,curated,,,,brt
Berth,Barritt,sounds,,,,brt
Berth,Barrett,sounds,,,,brt
Berth,Barret,sounds,,,,brt
Berth,Barette,sounds,,,,brt
Berth,Barit,sounds,,,,brt
Berth,Bart,sounds,,,,brt
Berth,Bert,sounds,,,,brt
Berth,Berta,sounds,,,,brt
Berth,Bertha,sounds,,,,brt
Bertha,Berthe,curated,,,,brt
Bertha,Barritt,sounds,,,,brt
Bertha,Barrett,sounds,,,,brt
Bertha,Barret,sounds,,,,brt
Bertha,Barette,sounds,,,,brt
Bertha,Barit,sounds,,,,brt
Bertha,Barth,sounds,,,,brt
Bertha,Bart,sounds,,,,brt
Bertha,Berth,sounds,,,,brt
Bertha,Bert,sounds,,,,brt
Bertha,Berta,sounds,,,,brt
Berthe,Berta,curated,,,,brt
Berthe,Bertha,curated,,,,brt
Berthe,Berth,curated,,,,brt
Berthe,Barritt,sounds,,,,brt
Berthe,Barrett,sounds,,,,brt
Berthe,Barret,sounds,,,,brt
Berthe,Barette,sounds,,,,brt
Berthe,Barit,sounds,,,,brt
Berthe,Barth,sounds,,,,brt
Berthe,Bart,sounds,,,,brt
Berthe,Bert,sounds,,,,brt
Berther,Berth,curated,,,,brtr
BERTOLO,Barthle,sounds,IT,archive,Falco,brtl
BERTOLO,Barthel,sounds,IT,archive,Falco,brtl
BERTOLO,Bartl,sounds,IT,archive,Falco,brtl
BERTOLO,Bartel,sounds,IT,archive,Falco,brtl
BERTOLO,Bartell,sounds,IT,archive,Falco,brtl
BERTOLO,Bartle,sounds,IT,archive,Falco,brtl
BERTOLO,BARTOLO,sounds,IT,archive,Falco,brtl
Berton,Burton,curated,,,,brtn
Berton,Barton,sounds,,,,brtn
Beslagic,,,,,,bslc
Bevis,Beavis,curated,,,,bvs
Bewely,Bewley,curated,,,,bvl
Bewley,Bewely,curated,,,,bvl
Beyer,Bayer,curated,,,,br
Bezerédi,,,,,,bzrd
Bian,Byeon,curated,,,,bn
Bian,Beno,sounds,,,,bn
Bian,Ben,sounds,,,,bn
Bian,Benno,sounds,,,,bn
Bian,Bin,sounds,,,,bn
Bian,Bun,sounds,,,,bn
Bian,Buono,sounds,,,,bn
Bian,BONNO,sounds,,,,bn
Bianchi,Bianco,curated,,,,bns
Bianchi,Baines,sounds,,,,bns
Bianchi,Baynes,sounds,,,,bns
Bianchi,Bains,sounds,,,,bns
BIANCHIELLO,,,IT,archive,Falco,bnsl
Bianco,Bianchi,curated,,,,bnc
Bianco,BONECA,sounds,,,,bnc
Bianco,Benac,sounds,,,,bnc
Bieliankin,Belyankin,curated,,,,blnkn
Bielke,Bjelke,curated,,,,blk
Bielke,Blöck,sounds,,,,blk
Bielke,Biłyk,sounds,,,,blk
Bielke,BELOQUI,sounds,,,,blk
Bielkiewicz,Belkevich/Belkevych,curated,,,,blkvc
Bielkiewicz,Byalkyevich,sounds,,,,blkvc
Biernacki,Bernatsky,curated,,,,brnk
Biernacki,Brink,sounds,,,,brnk
Biernacki,Bernacki,sounds,,,,brnk
Biljan,BELLONE,sounds,HR,archive,Blažević,bln
BILO,,,IT,archive,Falco,bl
Bily,Bilyi,curated,,,,bl
Bilyi,Bily,curated,,,,bl
Biłyk,Blöck,sounds,,,,blk
Biłyk,Bielke,sounds,,,,blk
Biłyk,Bjelke,sounds,,,,blk
Biłyk,BELOQUI,sounds,,,,blk
Bin,Min,curated,,,,bn
Bin,Beno,sounds,,,,bn
Bin,Ben,sounds,,,,bn
Bin,Benno,sounds,,,,bn
Bin,Byeon,sounds,,,,bn
Bin,Bian,sounds,,,,bn
Bin,Bun,sounds,,,,bn
Bin,Buono,sounds,,,,bn
Bin,BONNO,sounds,,,,bn
Binder,Bender,curated,,,,bndr
Binder,Fassbinder,curated,,,,bndr
Binder,Faßbinder,curated,,,,bndr
Binder,Bondar,sounds,,,,bndr
Bing,Bang,sounds,,,,bng
BIONDELLO,Bendel,sounds,IT,archive,Falco,bndl
BIONDELLO,Bendl,sounds,IT,archive,Falco,bndl
BIONDELLO,BIONDILLO,sounds,IT,archive,Falco,bndl
Biondić,,,HR,archive,Blažević,bndc
BIONDILLO,Bendel,sounds,IT,archive,Falco,bndl
BIONDILLO,Bendl,sounds,IT,archive,Falco,bndl
BIONDILLO,BIONDELLO,sounds,IT,archive,Falco,bndl
Biondo,,,IT,archive,Falco,bnd
Biörck,Björk,curated,,,,brk
Biörk,Björk,curated,,,,brk
Birch,Byorch,curated,,,,brc
Birch,Bruch,sounds,,,,brc
Birch,Baruch,sounds,,,,brc
Birch,Bjerch,sounds,,,,brc
Birch,Borić,sounds,,,,brc
Birch,Birroca,sounds,,,,brc
Biron,Byron,curated,,,,brn
Birroca,Bruch,sounds,AU,archive,Mazza,brc
Birroca,Bruch,sounds,IT,archive,Mazza,brc
Birroca,Bruch,sounds,US,archive,Mazza,brc
Birroca,Baruch,sounds,AU,archive,Mazza,brc
Birroca,Baruch,sounds,IT,archive,Mazza,brc
Birroca,Baruch,sounds,US,archive,Mazza,brc
Birroca,Bjerch,sounds,AU,archive,Mazza,brc
Birroca,Bjerch,sounds,IT,archive,Mazza,brc
Birroca,Bjerch,sounds,US,archive,Mazza,brc
Birroca,Birch,sounds,AU,archive,Mazza,brc
Birroca,Birch,sounds,IT,archive,Mazza,brc
Birroca,Birch,sounds,US,archive,Mazza,brc
Birroca,Byorch,sounds,AU,archive,Mazza,brc
Birroca,Byorch,sounds,IT,archive,Mazza,brc
Birroca,Byorch,sounds,US,archive,Mazza,brc
Birroca,Borić,sounds,AU,archive,Mazza,brc
Birroca,Borić,sounds,IT,archive,Mazza,brc
Birroca,Borić,sounds,US,archive,Mazza,brc
Birukova,Biryukova,curated,,,,brkv
Biryukova,Birukova,curated,,,,brkv
Bischof,Bishop,curated,,,,bsf
Bischof,Bischoff,curated,,,,bsf
Bischoff,Bischof,curated,,,,bsf
Bischoff,Bishop,curated,,,,bsf
Bishop,Bischof,curated,,,,bshp
Bishop,Bishopp,curated,,,,bshp
Bishop,Bischoff,curated,,,,bshp
Bishop,Vescovo,curated,,,,bshp
Bishop,Obispo,curated,,,,bshp
Bishop,Bisshopp,sounds,,,,bshp
Bishopp,Bishop,curated,,,,bshp
Bishopp,Bisshopp,curated,,,,bshp
Bisshopp,Bishopp,curated,,,,bshp
Bisshopp,Bishop,sounds,,,,bshp
Bjelke,Bielke,curated,,,,blk
Bjelke,Blöck,sounds,,,,blk
Bjelke,Biłyk,sounds,,,,blk
Bjelke,BELOQUI,sounds,,,,blk
Bjerch,Björk,curated,,,,brc
Bjerch,Bruch,sounds,,,,brc
Bjerch,Baruch,sounds,,,,brc
Bjerch,Birch,sounds,,,,brc
Bjerch,Byorch,sounds,,,,brc
Bjerch,Borić,sounds,,,,brc
Bjerch,Birroca,sounds,,,,brc
Bjerck,Björk,curated,,,,brk
Bjercke,Bjerke,curated,,,,brk
Bjerk,Björk,curated,,,,brk
Bjerke,Bjercke,curated,,,,brk
Bjørk,Bjerk,curated,,,,brk
Bjørk,Biörck,curated,,,,brk
Bjørk,Bjerch,curated,,,,brk
Bjørk,Bjerck,curated,,,,brk
Bjørk,Biörk,curated,,,,brk
Bjornsen,Björnsson,curated,,,,brnsn
Bjornsen,Bjørnson,sounds,,,,brnsn
Bjørnson,Björnsson,curated,,,,brnsn
Bjørnson,Bjornsen,sounds,,,,brnsn
Björnsson,Bjornsen,curated,,,,brnsn
Björnsson,Bjørnsen,curated,,,,brnsn
Björnsson,Bjørnson,curated,,,,brnsn
Björnsson,Bjornson,curated,,,,brnsn
Björnsson,Björnson,curated,,,,brnsn
Blackbourne,,,AU,archive,D'Arcy,blkbrn
Blackbourne,,,GB,archive,D'Arcy,blkbrn
Blackbourne,,,IE,archive,D'Arcy,blkbrn
Blanco,White,curated,,,,blnc
BLANK,,,IT,archive,Falco,blnk
Blasco,Blasko,curated,,,,blsc
Blasco,Belasco,sounds,,,,blsc
Blasko,Błaszko,curated,,,,blsk
Blasko,Blasco,curated,,,,blsk
Błaszko,Blasko,curated,,,,blsk
Blay,Bley,curated,,,,bl
Blažević,,,HR,archive,Blažević,blzvc
Blew,Blow,curated,,,,blv
Bley,Blay,curated,,,,bl
BLOC[,,,IT,archive,Falco,blc
Blöck,Biłyk,sounds,,,,blk
Blöck,Bielke,sounds,,,,blk
Blöck,Bjelke,sounds,,,,blk
Blöck,BELOQUI,sounds,,,,blk
Blom,Bloom,curated,,,,blm
Blom,Blum,sounds,,,,blm
Blom,Blume,sounds,,,,blm
Bloom,Blum,curated,,,,blm
Bloom,Blom,curated,,,,blm
Bloom,Blume,sounds,,,,blm
Blow,Blew,curated,,,,blv
Blum,Bloom,curated,AU,archive,D'Arcy,blm
Blum,Bloom,curated,GB,archive,D'Arcy,blm
Blum,Bloom,curated,IE,archive,D'Arcy,blm
Blum,Blume,curated,AU,archive,D'Arcy,blm
Blum,Blume,curated,GB,archive,D'Arcy,blm
Blum,Blume,curated,IE,archive,D'Arcy,blm
Blum,Blom,sounds,AU,archive,D'Arcy,blm
Blum,Blom,sounds,GB,archive,D'Arcy,blm
Blum,Blom,sounds,IE,archive,D'Arcy,blm
Blume,Blum,curated,,,,blm
Blume,Bloom,sounds,,,,blm
Blume,Blom,sounds,,,,blm
Bo,Park,curated,,,,b
Bo,Bā,sounds,,,,b
Bo,Bai,sounds,,,,b
Bo,Bào,sounds,,,,b
Bo,Boo,sounds,,,,b
Bo,Bu,sounds,,,,b
Bo,B,sounds,,,,b
Bo,BAJA,sounds,,,,b
Bob,Robert,curated,,,,bb
BOCCATI,,,IT,archive,Falco,bct
Bochkov,Bachkow,curated,,,,bkv
Bochkov,Bekov,sounds,,,,bkv
Bock,Buck,curated,,,,bk
Bock,Bockel,curated,,,,bk
Bock,De Bock,curated,,,,bk
Bock,Bockl,curated,,,,bk
Bock,Böckl,curated,,,,bk
Bock,Böckel,curated,,,,bk
Bock,von Bock,curated,,,,bk
Bock,de Bock,curated,,,,bk
Bock,Beck,curated,,,,bk
Bock,Baek,sounds,,,,bk
Bock,Boiko,sounds,,,,bk
Bock,Bojko,sounds,,,,bk
Bock,Boyka,sounds,,,,bk
Bock,Beke,sounds,,,,bk
Bock,Bek,sounds,,,,bk
Bock,Bok,sounds,,,,bk
Bock,Boyko,sounds,,,,bk
Bockel,Bock,curated,,,,bkl
Bockel,Bockl,sounds,,,,bkl
Bockl,Bock,curated,,,,bkl
Bockl,Bockel,sounds,,,,bkl
Bode,Boden,curated,,,,bd
Bode,Bothe,curated,,,,bd
Boden,Bode,curated,,,,bdn
Boden,Baudino,sounds,,,,bdn
Bodnár,,,,,,bdnr
Boehm,Böhme,curated,,,,bhm
Boehm,Böhm,curated,,,,bhm
Boehm,Boehme,curated,,,,bhm
Boehm,Bøhm,curated,,,,bhm
Boehme,Böhme,curated,,,,bhm
Boehme,Boehm,curated,,,,bhm
Boehme,Böhm,sounds,,,,bhm
Boesch,Bösch,curated,,,,bs
Boesch,Boesche,curated,,,,bs
Boesch,Boeschen,curated,,,,bs
Boesch,Busch,sounds,,,,bs
Boesch,Bos,sounds,,,,bs
Boesch,Bosse,sounds,,,,bs
Boesch,Busse,sounds,,,,bs
Boesch,Busche,sounds,,,,bs
Boesch,Bois,sounds,,,,bs
Boesch,Boies,sounds,,,,bs
Boesch,BUYS,sounds,,,,bs
Boesche,Boesch,curated,,,,bs
Boesche,Bösch,sounds,,,,bs
Boesche,Busch,sounds,,,,bs
Boesche,Bos,sounds,,,,bs
Boesche,Bosse,sounds,,,,bs
Boesche,Busse,sounds,,,,bs
Boesche,Busche,sounds,,,,bs
Boesche,Bois,sounds,,,,bs
Boesche,Boies,sounds,,,,bs
Boesche,BUYS,sounds,,,,bs
Boeschen,Boesch,curated,,,,bsn
Boeschen,BOSONE,sounds,,,,bsn
Bogdan,Bogdanov,curated,,,,bgdn
Bogdan,Bohdan,curated,,,,bgdn
Bogdanov,Bogdan,curated,,,,bgdnv
Bogomolov,Bahamolaw,curated,,,,bgmlv
Bohdan,Bogdan,curated,,,,bhdn
Böhm,Böhme,curated,,,,bhm
Böhm,Boehm,curated,,,,bhm
Böhm,Boehme,sounds,,,,bhm
Böhme,Boehm,curated,,,,bhm
Böhme,Böhm,curated,,,,bhm
Böhme,Boehme,curated,,,,bhm
Böhme,Bøhm,curated,,,,bhm
Boies,Bois,curated,,,,bs
Boies,Bösch,sounds,,,,bs
Boies,Boesch,sounds,,,,bs
Boies,Boesche,sounds,,,,bs
Boies,Busch,sounds,,,,bs
Boies,Bos,sounds,,,,bs
Boies,Bosse,sounds,,,,bs
Boies,Busse,sounds,,,,bs
Boies,Busche,sounds,,,,bs
Boies,BUYS,sounds,,,,bs
Boiko,Bojko,curated,,,,bk
Boiko,Boyko,curated,,,,bk
Boiko,Boyka,curated,,,,bk
Boiko,Baek,sounds,,,,bk
Boiko,Buck,sounds,,,,bk
Boiko,Bock,sounds,,,,bk
Boiko,Beck,sounds,,,,bk
Boiko,Beke,sounds,,,,bk
Boiko,Bek,sounds,,,,bk
Boiko,Bok,sounds,,,,bk
Bois,Dubois,curated,,,,bs
Bois,Boies,curated,,,,bs
Bois,Bösch,sounds,,,,bs
Bois,Boesch,sounds,,,,bs
Bois,Boesche,sounds,,,,bs
Bois,Busch,sounds,,,,bs
Bois,Bos,sounds,,,,bs
Bois,Bosse,sounds,,,,bs
Bois,Busse,sounds,,,,bs
Bois,Busche,sounds,,,,bs
Bois,BUYS,sounds,,,,bs
Bojko,Boiko,curated,,,,bk
Bojko,Boyka,curated,,,,bk
Bojko,Baek,sounds,,,,bk
Bojko,Buck,sounds,,,,bk
Bojko,Bock,sounds,,,,bk
Bojko,Beck,sounds,,,,bk
Bojko,Beke,sounds,,,,bk
Bojko,Bek,sounds,,,,bk
Bojko,Bok,sounds,,,,bk
Bojko,Boyko,sounds,,,,bk
Bok,Bu,curated,,,,bk
Bok,Baek,sounds,,,,bk
Bok,Boiko,sounds,,,,bk
Bok,Bojko,sounds,,,,bk
Bok,Buck,sounds,,,,bk
Bok,Bock,sounds,,,,bk
Bok,Boyka,sounds,,,,bk
Bok,Beck,sounds,,,,bk
Bok,Beke,sounds,,,,bk
Bok,Bek,sounds,,,,bk
Bok,Boyko,sounds,,,,bk
Bokassa,House of Bokassa,curated,,,,bks
Bonaccurso,,,AU,archive,Mazza,bncrs
Bonaccurso,,,IT,archive,Mazza,bncrs
Bonaccurso,,,US,archive,Mazza,bncrs
BONARDO,,,IT,archive,Falco,bnrd
BONATO,Bennett,sounds,IT,archive,Falco,bnt
BONATO,Bent,sounds,IT,archive,Falco,bnt
BONATO,Bennet,sounds,IT,archive,Falco,bnt
BONATO,Benito,sounds,IT,archive,Falco,bnt
BONATO,Benet,sounds,IT,archive,Falco,bnt
BONATO,Benoît,sounds,IT,archive,Falco,bnt
BONATO,Benett,sounds,IT,archive,Falco,bnt
BONATO,Bento,sounds,IT,archive,Falco,bnt
BONATO,Baneth,sounds,IT,archive,Falco,bnt
BONATO,BONITO,sounds,IT,archive,Falco,bnt
Bondar,Bondars,curated,,,,bndr
Bondar,Binder,sounds,,,,bndr
Bondar,Bender,sounds,,,,bndr
Bondars,Bondar,curated,,,,bndrs
BONECA,Bianco,sounds,IT,archive,Falco,bnc
BONECA,Benac,sounds,IT,archive,Falco,bnc
BONINO,BONONO,sounds,IT,archive,Falco,bnn
BONITO,Bennett,sounds,IT,archive,Falco,bnt
BONITO,Bent,sounds,IT,archive,Falco,bnt
BONITO,Bennet,sounds,IT,archive,Falco,bnt
BONITO,Benito,sounds,IT,archive,Falco,bnt
BONITO,Benet,sounds,IT,archive,Falco,bnt
BONITO,Benoît,sounds,IT,archive,Falco,bnt
BONITO,Benett,sounds,IT,archive,Falco,bnt
BONITO,Bento,sounds,IT,archive,Falco,bnt
BONITO,Baneth,sounds,IT,archive,Falco,bnt
BONITO,BONATO,sounds,IT,archive,Falco,bnt
BONNO,Beno,sounds,IT,archive,Falco,bn
BONNO,Ben,sounds,IT,archive,Falco,bn
BONNO,Benno,sounds,IT,archive,Falco,bn
BONNO,Bin,sounds,IT,archive,Falco,bn
BONNO,Byeon,sounds,IT,archive,Falco,bn
BONNO,Bian,sounds,IT,archive,Falco,bn
BONNO,Bun,sounds,IT,archive,Falco,bn
BONNO,Buono,sounds,IT,archive,Falco,bn
BONOMO,,,IT,archive,Falco,bnm
BONONO,BONINO,sounds,IT,archive,Falco,bnn
BONSIGNORE,,,IT,archive,Falco,bnsgnr
BONZA,Benz,sounds,IT,archive,Falco,bnz
BONZA,BONZI,sounds,IT,archive,Falco,bnz
BONZI,Benz,sounds,IT,archive,Falco,bnz
BONZI,BONZA,sounds,IT,archive,Falco,bnz
Boo,Fu,curated,,,,b
Boo,Bā,sounds,,,,b
Boo,Bai,sounds,,,,b
Boo,Bo,sounds,,,,b
Boo,Bào,sounds,,,,b
Boo,Bu,sounds,,,,b
Boo,B,sounds,,,,b
Boo,BAJA,sounds,,,,b
Booström,Boström,curated,,,,bstrm
Boras,Beers,sounds,HR,archive,Blažević,brs
Boras,Bergius,sounds,HR,archive,Blažević,brs
Boras,Béres,sounds,HR,archive,Blažević,brs
Boras,BRESCIA,sounds,HR,archive,Blažević,brs
Boras,BARROS,sounds,HR,archive,Blažević,brs
Borbely,,,,,,brbl
Borchard,Borcharding,curated,,,,brcrd
Borcharding,Borcherding,curated,,,,brcrdng
Borcharding,Borchard,curated,,,,brcrdng
Borcherding,Borcharding,curated,,,,brsrdng
BORDICA,,,IT,archive,Falco,brdc
Borello,Brull,sounds,AU,archive,Mazza,brl
Borello,Brull,sounds,IT,archive,Mazza,brl
Borello,Brull,sounds,US,archive,Mazza,brl
Borello,Bergel,sounds,AU,archive,Mazza,brl
Borello,Bergel,sounds,IT,archive,Mazza,brl
Borello,Bergel,sounds,US,archive,Mazza,brl
Borello,Bauerle,sounds,AU,archive,Mazza,brl
Borello,Bauerle,sounds,IT,archive,Mazza,brl
Borello,Bauerle,sounds,US,archive,Mazza,brl
Borello,BRAYLEY,sounds,AU,archive,Mazza,brl
Borello,BRAYLEY,sounds,IT,archive,Mazza,brl
Borello,BRAYLEY,sounds,US,archive,Mazza,brl
Borg,Burg,curated,,,,brg
Borg,Bork,curated,,,,brg
Borg,Borgh,curated,,,,brg
Borg,von der Borg,curated,,,,brg
Borg,Bergh,sounds,,,,brg
Borg,Berg,sounds,,,,brg
Borgh,Borg,curated,,,,brg
Borgh,Bergh,sounds,,,,brg
Borgh,Burg,sounds,,,,brg
Borgh,Berg,sounds,,,,brg
Borgia,Borja,curated,,,,br
Borić,Bruch,sounds,HR,archive,Blažević,brc
Borić,Baruch,sounds,HR,archive,Blažević,brc
Borić,Bjerch,sounds,HR,archive,Blažević,brc
Borić,Birch,sounds,HR,archive,Blažević,brc
Borić,Byorch,sounds,HR,archive,Blažević,brc
Borić,Birroca,sounds,HR,archive,Blažević,brc
Borisevich,Barysyevich,curated,,,,brsvc
Borja,Borgia,curated,,,,br
Bork,Borg,curated,,,,brk
Born,Brunner,curated,,,,brn
Born,Bronn,curated,,,,brn
Born,Bornemann,curated,,,,brn
Born,Bornmann,curated,,,,brn
Born,Brunn,curated,,,,brn
Born,Börner,curated,,,,brn
Bornemann,Born,curated,,,,brnmn
Bornemann,Bornmann,sounds,,,,brnmn
Börner,Born,curated,,,,brnr
Börner,Brunner,sounds,,,,brnr
Börner,Brenner,sounds,,,,brnr
Börner,Brauner,sounds,,,,brnr
Börner,Bergener,sounds,,,,brnr
Bornmann,Born,curated,,,,brnmn
Bornmann,Bornemann,sounds,,,,brnmn
Borovinčić,,,HR,archive,Blažević,brvnsc
Bortnik,Bortnyk,curated,,,,brtnk
Bortnik,Bortnyik,curated,,,,brtnk
Bortnyik,Bortnik,curated,,,,brtnk
Bortnyik,Bortnyk,sounds,,,,brtnk
Bortnyk,Bortnik,curated,,,,brtnk
Bortnyk,Bortnyik,sounds,,,,brtnk
Bos,Busch,curated,,,,bs
Bos,Bösch,sounds,,,,bs
Bos,Boesch,sounds,,,,bs
Bos,Boesche,sounds,,,,bs
Bos,Bosse,sounds,,,,bs
Bos,Busse,sounds,,,,bs
Bos,Busche,sounds,,,,bs
Bos,Bois,sounds,,,,bs
Bos,Boies,sounds,,,,bs
Bos,BUYS,sounds,,,,bs
Bösch,Boesch,curated,,,,bs
Bösch,Busch,curated,,,,bs
Bösch,Boesche,sounds,,,,bs
Bösch,Bos,sounds,,,,bs
Bösch,Bosse,sounds,,,,bs
Bösch,Busse,sounds,,,,bs
Bösch,Busche,sounds,,,,bs
Bösch,Bois,sounds,,,,bs
Bösch,Boies,sounds,,,,bs
Bösch,BUYS,sounds,,,,bs
Bošnjak,Bošnjaković,curated,,,,bsnk
Bošnjaković,Bošnjak,curated,,,,bsnkvc
BOSONE,Boeschen,sounds,IT,archive,Falco,bsn
Bosse,Busse,curated,,,,bs
Bosse,Bösch,sounds,,,,bs
Bosse,Boesch,sounds,,,,bs
Bosse,Boesche,sounds,,,,bs
Bosse,Busch,sounds,,,,bs
Bosse,Bos,sounds,,,,bs
Bosse,Busche,sounds,,,,bs
Bosse,Bois,sounds,,,,bs
Bosse,Boies,sounds,,,,bs
Bosse,BUYS,sounds,,,,bs
Boström,Booström,curated,,,,bstrm
Botha,Bothe,curated,,,,bt
Botha,Batey,sounds,,,,bt
Botha,Batty,sounds,,,,bt
Botha,Battye,sounds,,,,bt
Botha,Battey,sounds,,,,bt
Botha,BOTTO,sounds,,,,bt
Bothe,Botha,curated,,,,bt
Bothe,Bode,curated,,,,bt
Bothe,Batey,sounds,,,,bt
Bothe,Batty,sounds,,,,bt
Bothe,Battye,sounds,,,,bt
Bothe,Battey,sounds,,,,bt
Bothe,BOTTO,sounds,,,,bt
BOTTALINO,,,IT,archive,Falco,btln
BOTTIGLIA,,,IT,archive,Falco,btgl
BOTTO,Bothe,sounds,IT,archive,Falco,bt
BOTTO,Botha,sounds,IT,archive,Falco,bt
BOTTO,Batey,sounds,IT,archive,Falco,bt
BOTTO,Batty,sounds,IT,archive,Falco,bt
BOTTO,Battye,sounds,IT,archive,Falco,bt
BOTTO,Battey,sounds,IT,archive,Falco,bt
Boudnikoff,Budnikov,curated,,,,bdnkf
Boulanger,Becker,curated,,,,blnr
Boulanger,Bäcker,curated,,,,blnr
Boulanger,Baker,curated,,,,blnr
Boulanger,Boulenger,sounds,,,,blnr
Boulenger,Baker,curated,,,,blnr
Boulenger,Boulanger,sounds,,,,blnr
Bourke,Burke,curated,,,,brk
Bova,,,AU,archive,Mazza,bv
Bova,,,IT,archive,Mazza,bv
Bova,,,US,archive,Mazza,bv
Bowen,,,AU,archive,D'Arcy,bvn
Bowen,,,GB,archive,D'Arcy,bvn
Bowen,,,IE,archive,D'Arcy,bvn
Bower,Bauer,curated,,,,bvr
Boyka,Bojko,curated,,,,bk
Boyka,Boiko,curated,,,,bk
Boyka,Baek,sounds,,,,bk
Boyka,Buck,sounds,,,,bk
Boyka,Bock,sounds,,,,bk
Boyka,Beck,sounds,,,,bk
Boyka,Beke,sounds,,,,bk
Boyka,Bek,sounds,,,,bk
Boyka,Bok,sounds,,,,bk
Boyka,Boyko,sounds,,,,bk
Boyko,Boiko,curated,,,,bk
Boyko,Baek,sounds,,,,bk
Boyko,Bojko,sounds,,,,bk
Boyko,Buck,sounds,,,,bk
Boyko,Bock,sounds,,,,bk
Boyko,Boyka,sounds,,,,bk
Boyko,Beck,sounds,,,,bk
Boyko,Beke,sounds,,,,bk
Boyko,Bek,sounds,,,,bk
Boyko,Bok,sounds,,,,bk
BOZZOTRA,,,IT,archive,Falco,bztr
Br,,,HR,archive,Blažević,br
BRACCIALE,,,IT,archive,Falco,brcsl
Bram,Abramo,curated,,,,brm
Bram,Braum,sounds,,,,brm
Brand,Hildebrand,curated,,,,brnd
Brand,Brandt,curated,,,,brnd
Brand,Brentel,curated,,,,brnd
Brand,Brändle,curated,,,,brnd
Brand,Brandis,curated,,,,brnd
Brand,Brandl,curated,,,,brnd
Brand,Brandel,curated,,,,brnd
Brand,Seng,curated,,,,brnd
Brand,Brendel,curated,,,,brnd
Brand,Brans,curated,,,,brnd
Brand,Brants,curated,,,,brnd
Brand,Brandts,curated,,,,brnd
Brand,Brendler,curated,,,,brnd
Brand,Brandemann,curated,,,,brnd
Brand,Brandmann,curated,,,,brnd
Brand,Brendt,curated,,,,brnd
Brand,Brendtke,curated,,,,brnd
Brand,Michelbrand,curated,,,,brnd
Brand,Brendes,curated,,,,brnd
Brand,Berend,sounds,,,,brnd
Brandel,Brand,curated,,,,brndl
Brandel,Brändle,sounds,,,,brndl
Brandel,Brandl,sounds,,,,brndl
Brandel,Brendel,sounds,,,,brndl
Brandel,Bergendal,sounds,,,,brndl
Brandemann,Brand,curated,,,,brndmn
Brandemann,Brandmann,sounds,,,,brndmn
Brandis,Brand,curated,,,,brnds
Brandis,Brendes,sounds,,,,brnds
Brandis,Beerends,sounds,,,,brnds
Brandl,Brand,curated,,,,brndl
Brandl,Brändle,sounds,,,,brndl
Brandl,Brandel,sounds,,,,brndl
Brandl,Brendel,sounds,,,,brndl
Brandl,Bergendal,sounds,,,,brndl
Brändle,Brand,curated,,,,brndl
Brändle,Brandl,sounds,,,,brndl
Brändle,Brandel,sounds,,,,brndl
Brändle,Brendel,sounds,,,,brndl
Brändle,Bergendal,sounds,,,,brndl
Brandmann,Brand,curated,,,,brndmn
Brandmann,Brandemann,sounds,,,,brndmn
Brandmiller,Miller,curated,,,,brndmlr
Brandt,Brand,curated,,,,brndt
Brandt,Brendt,sounds,,,,brndt
Brandt,Berndt,sounds,,,,brndt
Brandts,Brand,curated,,,,brndts
Brans,Brand,curated,,,,brns
Brans,Berens,sounds,,,,brns
Brans,Beerens,sounds,,,,brns
Brans,Bruns,sounds,,,,brns
Brants,Brand,curated,,,,brnts
Brants,Hildebrand,curated,,,,brnts
Bräuer,Breuer,curated,,,,brr
Bräuer,Bürger,sounds,,,,brr
Bräuer,Berger,sounds,,,,brr
Bräuer,Bryer,sounds,,,,brr
Bräuer,Bryar,sounds,,,,brr
Braum,Braun,curated,,,,brm
Braum,Bram,sounds,,,,brm
Braun,Brawn,curated,,,,brn
Braun,Brown,curated,,,,brn
Braun,Braune,curated,,,,brn
Braun,Brauner,curated,,,,brn
Braun,Braum,curated,,,,brn
Braun,Bräunig,curated,,,,brn
Braun,von Braun,curated,,,,brn
Braune,Braun,curated,,,,brn
Brauner,Braun,curated,,,,brnr
Brauner,Brunner,sounds,,,,brnr
Brauner,Brenner,sounds,,,,brnr
Brauner,Börner,sounds,,,,brnr
Brauner,Bergener,sounds,,,,brnr
Bräunig,Braun,curated,,,,brng
Brawn,Braun,curated,,,,brvn
Brawn,Brown,sounds,,,,brvn
Brawn,Browne,sounds,,,,brvn
BRAYLEY,Brull,sounds,AR,archive,Lerena,brl
BRAYLEY,Brull,sounds,ES,archive,Lerena,brl
BRAYLEY,Brull,sounds,UY,archive,Lerena,brl
BRAYLEY,Bergel,sounds,AR,archive,Lerena,brl
BRAYLEY,Bergel,sounds,ES,archive,Lerena,brl
BRAYLEY,Bergel,sounds,UY,archive,Lerena,brl
BRAYLEY,Bauerle,sounds,AR,archive,Lerena,brl
BRAYLEY,Bauerle,sounds,ES,archive,Lerena,brl
BRAYLEY,Bauerle,sounds,UY,archive,Lerena,brl
BRAYLEY,Borello,sounds,AR,archive,Lerena,brl
BRAYLEY,Borello,sounds,ES,archive,Lerena,brl
BRAYLEY,Borello,sounds,UY,archive,Lerena,brl
Brehmer,Bremer,curated,,,,brhmr
Bremer,Brehmer,curated,,,,brmr
Brendel,Brand,curated,,,,brndl
Brendel,Brändle,sounds,,,,brndl
Brendel,Brandl,sounds,,,,brndl
Brendel,Brandel,sounds,,,,brndl
Brendel,Bergendal,sounds,,,,brndl
Brendes,Brand,curated,,,,brnds
Brendes,Brandis,sounds,,,,brnds
Brendes,Beerends,sounds,,,,brnds
Brendler,Brand,curated,,,,brndlr
Brendt,Brand,curated,,,,brndt
Brendt,Brandt,sounds,,,,brndt
Brendt,Berndt,sounds,,,,brndt
Brendtke,Brand,curated,,,,brndtk
Brenner,Aschenbrenner,curated,,,,brnr
Brenner,Steinbrenner,curated,,,,brnr
Brenner,Weinbrenner,curated,,,,brnr
Brenner,Kalkbrenner,curated,,,,brnr
Brenner,Brunner,sounds,,,,brnr
Brenner,Brauner,sounds,,,,brnr
Brenner,Börner,sounds,,,,brnr
Brenner,Bergener,sounds,,,,brnr
Brentel,Brand,curated,,,,brntl
BRESCIA,Beers,sounds,IT,archive,Falco,brs
BRESCIA,Bergius,sounds,IT,archive,Falco,brs
BRESCIA,Béres,sounds,IT,archive,Falco,brs
BRESCIA,Boras,sounds,IT,archive,Falco,brs
BRESCIA,BARROS,sounds,IT,archive,Falco,brs
Breuer,Brauer,curated,,,,brr
Breuer,Bräuer,sounds,,,,brr
Breuer,Bürger,sounds,,,,brr
Breuer,Berger,sounds,,,,brr
Breuer,Bryer,sounds,,,,brr
Breuer,Bryar,sounds,,,,brr
Brinch,Brink,curated,,,,brnc
Brinckman,Brinckmann,curated,,,,brnkmn
Brinckman,Brinkman,curated,,,,brnkmn
Brinckman,Brink,curated,,,,brnkmn
Brinckman,Brinkmann,curated,,,,brnkmn
Brinckmann,Brinkmann,curated,,,,brnkmn
Brinckmann,Brink,curated,,,,brnkmn
Brinckmann,Brinckman,curated,,,,brnkmn
Brinckmann,Brinkman,sounds,,,,brnkmn
Brink,Brinckmann,curated,,,,brnk
Brink,Brinkman,curated,,,,brnk
Brink,Brinkmann,curated,,,,brnk
Brink,Brinch,curated,,,,brnk
Brink,Brinckman,curated,,,,brnk
Brink,Biernacki,sounds,,,,brnk
Brink,Bernacki,sounds,,,,brnk
Brinkman,Brink,curated,,,,brnkmn
Brinkman,Brinkmann,curated,,,,brnkmn
Brinkman,Brinckman,curated,,,,brnkmn
Brinkman,Brinckmann,sounds,,,,brnkmn
Brinkmann,Brinckmann,curated,,,,brnkmn
Brinkmann,Brinkman,curated,,,,brnkmn
Brinkmann,Brink,curated,,,,brnkmn
Brinkmann,Brinckman,curated,,,,brnkmn
Brock,Broeck,curated,,,,brk
Brocker,Brooker,curated,,,,brkr
Brocker,Broecker,curated,,,,brkr
Brocker,Broeker,curated,,,,brkr
Brocker,Broker,curated,,,,brkr
Brocker,Brücker,sounds,,,,brkr
Brockhof,Bruch,curated,,,,brhf
Brockhof,Brockhoff,sounds,,,,brhf
Brockhof,Brokhof,sounds,,,,brhf
Brockhöfer,Bruch,curated,,,,brhfr
Brockhoff,Bruch,curated,,,,brhf
Brockhoff,Brockhof,sounds,,,,brhf
Brockhoff,Brokhof,sounds,,,,brhf
Brockhöfft,Bruch,curated,,,,brhft
Brockhöfft,Brockhöft,sounds,,,,brhft
Brockhöft,Bruch,curated,,,,brhft
Brockhöft,Brockhöfft,sounds,,,,brhft
Brockhoven,Bruch,curated,,,,brhvn
Broeck,Brock,curated,,,,brk
Broeck,Brook,curated,,,,brk
Broeck,Brooke,curated,,,,brk
Broeck,Vandenbroeke,curated,,,,brk
Broeck,Broek,curated,,,,brk
Broeck,Vanderbroek,curated,,,,brk
Broeck,Broucke,curated,,,,brk
Broeck,Van den Broecke,curated,,,,brk
Broecker,Brocker,curated,,,,brkr
Broecker,Brooker,sounds,,,,brkr
Broecker,Broeker,sounds,,,,brkr
Broecker,Broker,sounds,,,,brkr
Broecker,Brücker,sounds,,,,brkr
Broek,Broeck,curated,,,,brk
Broeker,Brocker,curated,,,,brkr
Broeker,Brooker,sounds,,,,brkr
Broeker,Broecker,sounds,,,,brkr
Broeker,Broker,sounds,,,,brkr
Broeker,Brücker,sounds,,,,brkr
Broker,Brocker,curated,,,,brkr
Broker,Brooker,sounds,,,,brkr
Broker,Broecker,sounds,,,,brkr
Broker,Broeker,sounds,,,,brkr
Broker,Brücker,sounds,,,,brkr
Brokhof,Bruch,curated,,,,brhf
Brokhof,Brockhoff,sounds,,,,brhf
Brokhof,Brockhof,sounds,,,,brhf
Bronn,Born,curated,,,,brn
Brook,Broeck,curated,,,,brk
Brooke,Broeck,curated,,,,brk
Brooker,Brocker,curated,,,,brkr
Brooker,Broecker,sounds,,,,brkr
Brooker,Broeker,sounds,,,,brkr
Brooker,Broker,sounds,,,,brkr
Brooker,Brücker,sounds,,,,brkr
Brookes,Brooks,curated,,,,brks
Brooks,Brookes,curated,,,,brks
Broucke,Broeck,curated,,,,brk
Brown,Braun,curated,AU,archive,Mazza,brvn
Brown,Braun,curated,IT,archive,Mazza,brvn
Brown,Braun,curated,US,archive,Mazza,brvn
Brown,De Bruyn,curated,AU,archive,Mazza,brvn
Brown,De Bruyn,curated,IT,archive,Mazza,brvn
Brown,De Bruyn,curated,US,archive,Mazza,brvn
Brown,Browner,curated,AU,archive,Mazza,brvn
Brown,Browner,curated,IT,archive,Mazza,brvn
Brown,Browner,curated,US,archive,Mazza,brvn
Brown,Browne,curated,AU,archive,Mazza,brvn
Brown,Browne,curated,IT,archive,Mazza,brvn
Brown,Browne,curated,US,archive,Mazza,brvn
Brown,Brawn,sounds,AU,archive,Mazza,brvn
Brown,Brawn,sounds,IT,archive,Mazza,brvn
Brown,Brawn,sounds,US,archive,Mazza,brvn
Browne,Brown,curated,,,,brvn
Browne,Brawn,sounds,,,,brvn
Browner,Brown,curated,,,,brvnr
Browner,Brun,curated,,,,brvnr
Brozović,,,HR,archive,Blažević,brzvc
Bruch,Brockhoff,curated,,,,brc
Bruch,Brockhöft,curated,,,,brc
Bruch,Brockhof,curated,,,,brc
Bruch,Bruchhof,curated,,,,brc
Bruch,Bruchhöfer,curated,,,,brc
Bruch,Bruchhoff,curated,,,,brc
Bruch,Brockhöfer,curated,,,,brc
Bruch,Brokhof,curated,,,,brc
Bruch,Brockhoven,curated,,,,brc
Bruch,Brockhöfft,curated,,,,brc
Bruch,Baruch,sounds,,,,brc
Bruch,Bjerch,sounds,,,,brc
Bruch,Birch,sounds,,,,brc
Bruch,Byorch,sounds,,,,brc
Bruch,Borić,sounds,,,,brc
Bruch,Birroca,sounds,,,,brc
Bruchhof,Bruch,curated,,,,brchf
Bruchhof,Bruchhoff,sounds,,,,brchf
Bruchhöfer,Bruch,curated,,,,brchfr
Bruchhoff,Bruch,curated,,,,brchf
Bruchhoff,Bruchhof,sounds,,,,brchf
Brüchmann,,,,,,brcmn
Brücker,Brooker,sounds,,,,brkr
Brücker,Brocker,sounds,,,,brkr
Brücker,Broecker,sounds,,,,brkr
Brücker,Broeker,sounds,,,,brkr
Brücker,Broker,sounds,,,,brkr
Bruhn,De Bruyn,curated,,,,brhn
Bruijn,De Bruyn,curated,,,,brn
Brull,Bergel,sounds,,,,brl
Brull,Bauerle,sounds,,,,brl
Brull,BRAYLEY,sounds,,,,brl
Brull,Borello,sounds,,,,brl
Brun,De Bruyn,curated,,,,brn
Brun,Browner,curated,,,,brn
Brunn,Born,curated,,,,brn
Brunn,Brunner,curated,,,,brn
Brunner,Born,curated,,,,brnr
Brunner,Brunn,curated,,,,brnr
Brunner,Brünn,curated,,,,brnr
Brunner,Brenner,sounds,,,,brnr
Brunner,Brauner,sounds,,,,brnr
Brunner,Börner,sounds,,,,brnr
Brunner,Bergener,sounds,,,,brnr
BRUNO,,,IT,archive,Falco,brn
Bruns,De Bruyn,curated,,,,brns
Bruns,Brans,sounds,,,,brns
Bruns,Berens,sounds,,,,brns
Bruns,Beerens,sounds,,,,brns
Bruun,De Bruyn,curated,,,,brn
Bryar,Bryer,curated,,,,brr
Bryar,Bräuer,sounds,,,,brr
Bryar,Breuer,sounds,,,,brr
Bryar,Bürger,sounds,,,,brr
Bryar,Berger,sounds,,,,brr
Bryer,Bryar,curated,,,,brr
Bryer,Bräuer,sounds,,,,brr
Bryer,Breuer,sounds,,,,brr
Bryer,Bürger,sounds,,,,brr
Bryer,Berger,sounds,,,,brr
Bu,Bok,curated,,,,b
Bu,Pu,curated,,,,b
Bu,Bā,sounds,,,,b
Bu,Bai,sounds,,,,b
Bu,Bo,sounds,,,,b
Bu,Bào,sounds,,,,b
Bu,Boo,sounds,,,,b
Bu,B,sounds,,,,b
Bu,BAJA,sounds,,,,b
BUCCIELLO,BACCHIELLO,sounds,IT,archive,Falco,bcsl
Buchholz,Buhgolts,curated,,,,bchlz
Buchli,Bucolo,sounds,,,,bcl
Buck,Bock,curated,,,,bk
Buck,Baek,sounds,,,,bk
Buck,Boiko,sounds,,,,bk
Buck,Bojko,sounds,,,,bk
Buck,Boyka,sounds,,,,bk
Buck,Beck,sounds,,,,bk
Buck,Beke,sounds,,,,bk
Buck,Bek,sounds,,,,bk
Buck,Bok,sounds,,,,bk
Buck,Boyko,sounds,,,,bk
Bucolo,Buchli,sounds,IT,archive,Falco,bcl
Budnikov,Boudnikoff,curated,,,,bdnkv
Buetler,Butler,curated,,,,btlr
Buetler,Buttler,sounds,,,,btlr
BUGLIONE,,,IT,archive,Falco,bgln
Buhgolts,Buchholz,curated,,,,bhglts
Bun,Wen,curated,,,,bn
Bun,Beno,sounds,,,,bn
Bun,Ben,sounds,,,,bn
Bun,Benno,sounds,,,,bn
Bun,Bin,sounds,,,,bn
Bun,Byeon,sounds,,,,bn
Bun,Bian,sounds,,,,bn
Bun,Buono,sounds,,,,bn
Bun,BONNO,sounds,,,,bn
Buono,Beno,sounds,IT,archive,Falco,bn
Buono,Ben,sounds,IT,archive,Falco,bn
Buono,Benno,sounds,IT,archive,Falco,bn
Buono,Bin,sounds,IT,archive,Falco,bn
Buono,Byeon,sounds,IT,archive,Falco,bn
Buono,Bian,sounds,IT,archive,Falco,bn
Buono,Bun,sounds,IT,archive,Falco,bn
Buono,BONNO,sounds,IT,archive,Falco,bn
Bur,Baur,curated,,,,br
Buren,Van Buren,curated,,,,brn
Burg,Bergh,curated,,,,brg
Burg,Berg,curated,,,,brg
Burg,Burghardt,curated,,,,brg
Burg,Borg,curated,,,,brg
Burg,Burk,curated,,,,brg
Burg,Borgh,sounds,,,,brg
Bürger,Burgert,curated,,,,brr
Bürger,Bräuer,sounds,,,,brr
Bürger,Breuer,sounds,,,,brr
Bürger,Berger,sounds,,,,brr
Bürger,Bryer,sounds,,,,brr
Bürger,Bryar,sounds,,,,brr
Burgert,Burger,curated,,,,brrt
Burgert,Bergert,sounds,,,,brrt
Burghardt,Burg,curated,,,,brgrdt
Buriak,Buryak,curated,,,,brk
Burjan,Buryan,curated,,,,brn
Burk,Burg,curated,,,,brk
Burke,Bourke,curated,,,,brk
Burnet,Burnette,curated,,,,brnt
Burnet,Burnett,sounds,,,,brnt
Burnet,Bernát,sounds,,,,brnt
Burnet,Bernt,sounds,,,,brnt
Burnett,Burnette,curated,,,,brnt
Burnett,Burtnett,curated,,,,brnt
Burnett,Burnet,sounds,,,,brnt
Burnett,Bernát,sounds,,,,brnt
Burnett,Bernt,sounds,,,,brnt
Burnette,Burtnett,curated,,,,brnt
Burnette,Burnet,curated,,,,brnt
Burnette,Burnett,curated,,,,brnt
Burnette,Bernát,sounds,,,,brnt
Burnette,Bernt,sounds,,,,brnt
Burtnett,Burnette,curated,,,,brtnt
Burtnett,Burnett,curated,,,,brtnt
Burton,Barton,curated,,,,brtn
Burton,Berton,curated,,,,brtn
Buryak,Buriak,curated,,,,brk
Buryan,Burjan,curated,,,,brn
Busch,Bush,curated,,,,bs
Busch,Pusch,curated,,,,bs
Busch,Bos,curated,,,,bs
Busch,Bosch,curated,,,,bs
Busch,Busk,curated,,,,bs
Busch,Strauch,curated,,,,bs
Busch,Busche,curated,,,,bs
Busch,Bösch,sounds,,,,bs
Busch,Boesch,sounds,,,,bs
Busch,Boesche,sounds,,,,bs
Busch,Bosse,sounds,,,,bs
Busch,Busse,sounds,,,,bs
Busch,Bois,sounds,,,,bs
Busch,Boies,sounds,,,,bs
Busch,BUYS,sounds,,,,bs
Busche,Busch,curated,,,,bs
Busche,Bösch,sounds,,,,bs
Busche,Boesch,sounds,,,,bs
Busche,Boesche,sounds,,,,bs
Busche,Bos,sounds,,,,bs
Busche,Bosse,sounds,,,,bs
Busche,Busse,sounds,,,,bs
Busche,Bois,sounds,,,,bs
Busche,Boies,sounds,,,,bs
Busche,BUYS,sounds,,,,bs
Bush,Busch,curated,,,,bsh
Bushuev,Bushuyev,curated,,,,bshv
Bushuyev,Bushuev,curated,,,,bshv
Busk,Busch,curated,,,,bsk
Busse,Bosse,curated,,,,bs
Busse,Bösch,sounds,,,,bs
Busse,Boesch,sounds,,,,bs
Busse,Boesche,sounds,,,,bs
Busse,Busch,sounds,,,,bs
Busse,Bos,sounds,,,,bs
Busse,Busche,sounds,,,,bs
Busse,Bois,sounds,,,,bs
Busse,Boies,sounds,,,,bs
Busse,BUYS,sounds,,,,bs
Butković,,,HR,archive,Blažević,btkvc
Butler,Buttler,curated,,,,btlr
Butler,Buetler,curated,,,,btlr
Buttler,Butler,curated,,,,btlr
Buttler,Buetler,sounds,,,,btlr
BUYS,Bösch,sounds,AR,archive,Lerena,bs
BUYS,Bösch,sounds,ES,archive,Lerena,bs
BUYS,Bösch,sounds,UY,archive,Lerena,bs
BUYS,Boesch,sounds,AR,archive,Lerena,bs
BUYS,Boesch,sounds,ES,archive,Lerena,bs
BUYS,Boesch,sounds,UY,archive,Lerena,bs
BUYS,Boesche,sounds,AR,archive,Lerena,bs
BUYS,Boesche,sounds,ES,archive,Lerena,bs
BUYS,Boesche,sounds,UY,archive,Lerena,bs
BUYS,Busch,sounds,AR,archive,Lerena,bs
BUYS,Busch,sounds,ES,archive,Lerena,bs
BUYS,Busch,sounds,UY,archive,Lerena,bs
BUYS,Bos,sounds,AR,archive,Lerena,bs
BUYS,Bos,sounds,ES,archive,Lerena,bs
BUYS,Bos,sounds,UY,archive,Lerena,bs
BUYS,Bosse,sounds,AR,archive,Lerena,bs
BUYS,Bosse,sounds,ES,archive,Lerena,bs
BUYS,Bosse,sounds,UY,archive,Lerena,bs
BUYS,Busse,sounds,AR,archive,Lerena,bs
BUYS,Busse,sounds,ES,archive,Lerena,bs
BUYS,Busse,sounds,UY,archive,Lerena,bs
BUYS,Busche,sounds,AR,archive,Lerena,bs
BUYS,Busche,sounds,ES,archive,Lerena,bs
BUYS,Busche,sounds,UY,archive,Lerena,bs
BUYS,Bois,sounds,AR,archive,Lerena,bs
BUYS,Bois,sounds,ES,archive,Lerena,bs
BUYS,Bois,sounds,UY,archive,Lerena,bs
BUYS,Boies,sounds,AR,archive,Lerena,bs
BUYS,Boies,sounds,ES,archive,Lerena,bs
BUYS,Boies,sounds,UY,archive,Lerena,bs
Buzajevs,Buzayev,curated,,,,bzvs
Buzayev,Buzajevs,curated,,,,bzv
Byalkyevich,Belkevich/Belkevych,curated,,,,blkvc
Byalkyevich,Bielkiewicz,sounds,,,,blkvc
Byeon,Bian,curated,,,,bn
Byeon,Beno,sounds,,,,bn
Byeon,Ben,sounds,,,,bn
Byeon,Benno,sounds,,,,bn
Byeon,Bin,sounds,,,,bn
Byeon,Bun,sounds,,,,bn
Byeon,Buono,sounds,,,,bn
Byeon,BONNO,sounds,,,,bn
Byorch,Birch,curated,,,,brc
Byorch,Bruch,sounds,,,,brc
Byorch,Baruch,sounds,,,,brc
Byorch,Bjerch,sounds,,,,brc
Byorch,Borić,sounds,,,,brc
Byorch,Birroca,sounds,,,,brc
Byron,Biron,curated,,,,brn
Byron,Bayron,curated,,,,brn
C[A]L[B]I,,,IT,archive,Falco,clb
CABALGANTE,,,AR,archive,Lerena,cblgnt
CABALGANTE,,,ES,archive,Lerena,cblgnt
CABALGANTE,,,UY,archive,Lerena,cblgnt
Caballero,Knight,curated,,,,cblr
Cabel,Kabel,curated,,,,cbl
CAFARELLA,,,IT,archive,Falco,cfrl
CAFARO,CAFFORIO,sounds,IT,archive,Falco,cfr
CAFFORIO,CAFARO,sounds,IT,archive,Falco,cfr
CAFONA,Coffin,sounds,IT,archive,Falco,cfn
Cahn,Cohen,curated,,,,chn
Cahn,Cohn,sounds,,,,chn
Cahn,Cohan,sounds,,,,chn
Cai,Chae,curated,,,,c
Cai,Choi,curated,,,,c
Cai,Chuah,curated,,,,c
Cai,Choy,curated,,,,c
Cai,Tsoy,curated,,,,c
Cai,Tsai,curated,,,,c
Cai,Tsoi,curated,,,,c
Cai,Thái,curated,,,,c
Cai,Cho,sounds,,,,c
Cai,Chao,sounds,,,,c
Cai,Cao,sounds,,,,c
Cai,Chau,sounds,,,,c
Cai,Chu,sounds,,,,c
Caietanus,Gaitán,curated,,,,ctns
Čajkovski,Czajkowski,curated,,,,ckvsk
Čajkovski,Chaikivskyi,sounds,,,,ckvsk
Čajkovski,Chaikovskyi,sounds,,,,ckvsk
CALABRIA,,,IT,archive,Falco,clbr
Calahorra,,,AU,archive,Mazza,clhr
Calahorra,,,IT,archive,Falco; Mazza,clhr
Calahorra,,,US,archive,Mazza,clhr
Calarco,,,AU,archive,Mazza,clrc
Calarco,,,IT,archive,Mazza,clrc
Calarco,,,US,archive,Mazza,clrc
CALDEROLA,,,IT,archive,Falco,cldrl
CALLISTI,,,IT,archive,Falco,clst
Calogero,,,AU,archive,Mazza,clr
Calogero,,,IT,archive,Mazza,clr
Calogero,,,US,archive,Mazza,clr
CALZANO,,,IT,archive,Falco,clzn
CAMELLARA,,,IT,archive,Falco,cmlr
Cameron,Kameron,curated,,,,cmrn
CAMIGLIA,,,AR,archive,Lerena,cmgl
CAMIGLIA,,,ES,archive,Lerena,cmgl
CAMIGLIA,,,UY,archive,Lerena,cmgl
CAMMINO,,,IT,archive,Falco,cmn
CAMPAGNUOLO,,,IT,archive,Falco,cmpgnl
CANGIANO,,,IT,archive,Falco,cnn
CANNECI,,,IT,archive,Falco,cns
Cao,Thau,curated,,,,c
Cao,Cho,curated,,,,c
Cao,Gao,curated,,,,c
Cao,Chao,sounds,,,,c
Cao,Chau,sounds,,,,c
Cao,Chae,sounds,,,,c
Cao,Cai,sounds,,,,c
Cao,Choi,sounds,,,,c
Cao,Choy,sounds,,,,c
Cao,Chu,sounds,,,,c
CAPARCHIA,Cuypers,sounds,IT,archive,Falco,cprs
CAPARCHIA,Cuijpers,sounds,IT,archive,Falco,cprs
CAPASSO,,,IT,archive,Falco,cps
Caple,Caples,curated,,,,cpl
Caple,CAPPOLA,sounds,,,,cpl
Caple,COPPOLA,sounds,,,,cpl
Caple,CHAPPELL,sounds,,,,cpl
Caples,Caple,curated,,,,cpls
CAPO,COPA,sounds,IT,archive,Falco,cp
CAPO,COPPA,sounds,IT,archive,Falco,cp
CAPO,COPPI,sounds,IT,archive,Falco,cp
CAPO,Čop,sounds,IT,archive,Falco,cp
CAPO,Cupo,sounds,IT,archive,Falco,cp
CAPODICONCA,,,IT,archive,Falco,cpdcnc
CAPODIUOMO,,,IT,archive,Falco,cpdm
CAPORA,CARFORA,curated,IT,archive,Falco,cpr
CAPORA,Cooper,sounds,IT,archive,Falco,cpr
CAPORA,Copper,sounds,IT,archive,Falco,cpr
CAPORA,Couper,sounds,IT,archive,Falco,cpr
CAPORA,CAPORO,sounds,IT,archive,Falco,cpr
CAPORO,Cooper,sounds,IT,archive,Falco,cpr
CAPORO,Copper,sounds,IT,archive,Falco,cpr
CAPORO,Couper,sounds,IT,archive,Falco,cpr
CAPORO,CAPORA,sounds,IT,archive,Falco,cpr
CAPPOLA,Caple,sounds,IT,archive,Falco,cpl
CAPPOLA,COPPOLA,sounds,IT,archive,Falco,cpl
CAPPOLA,CHAPPELL,sounds,IT,archive,Falco,cpl
CAPPUCCIA,CAPPUCCIO,sounds,IT,archive,Falco,cpcs
CAPPUCCIO,CAPPUCCIA,sounds,IT,archive,Falco,cpcs
Capstick,Copestake,curated,,,,cpstk
CAPUTO,,,IT,archive,Falco,cpt
Car,Kaiser,curated,,,,cr
Car,Carr,sounds,,,,cr
Car,Corrie,sounds,,,,cr
Car,Curry,sounds,,,,cr
Car,Currey,sounds,,,,cr
Carascon,Carrascón,curated,,,,crscn
CARBONE,,,IT,archive,Falco,crbn
CARDOZO,,,AR,archive,Lerena,crdz
CARDOZO,,,ES,archive,Lerena,crdz
CARDOZO,,,UY,archive,Lerena,crdz
Carel,Carl,curated,,,,crl
Carel,Carlo,sounds,,,,crl
Carel,Carrol,sounds,,,,crl
Carel,Carroll,sounds,,,,crl
Carfora,CAPORA,curated,IT,archive,Falco,crfr
Carfosi,,,AU,archive,Mazza,crfs
Carfosi,,,IT,archive,Mazza,crfs
Carfosi,,,US,archive,Mazza,crfs
Carhart,Carhartt,curated,,,,crhrt
Carhartt,Carhart,curated,,,,crhrt
Carl,Carlos,curated,,,,crl
Carl,Karel,curated,,,,crl
Carl,Charles,curated,,,,crl
Carl,Karol,curated,,,,crl
Carl,Karl,curated,,,,crl
Carl,Carolus,curated,,,,crl
Carl,Carles,curated,,,,crl
Carl,Carlo,curated,,,,crl
Carl,Karlo,curated,,,,crl
Carl,Carel,curated,,,,crl
Carl,Károly,curated,,,,crl
Carl,Charlez,curated,,,,crl
Carl,Carrol,sounds,,,,crl
Carl,Carroll,sounds,,,,crl
CARL'ANTONIO,,,IT,archive,Falco,crlntn
Carles,Carl,curated,,,,crls
Carles,Carlos,sounds,,,,crls
Carles,Charles,sounds,,,,crls
Carles,Carolus,sounds,,,,crls
Carlo,Carl,curated,,,,crl
Carlo,Carel,sounds,,,,crl
Carlo,Carrol,sounds,,,,crl
Carlo,Carroll,sounds,,,,crl
Carlos,Carl,curated,,,,crls
Carlos,Charles,sounds,,,,crls
Carlos,Carolus,sounds,,,,crls
Carlos,Carles,sounds,,,,crls
Carnell,Karnell,curated,,,,crnl
Carnell,Coronel,sounds,,,,crnl
Carnell,Coronell,sounds,,,,crnl
Carolus,Carl,curated,,,,crls
Carolus,Carlos,sounds,,,,crls
Carolus,Charles,sounds,,,,crls
Carolus,Carles,sounds,,,,crls
Carpender,Carpenter,curated,,,,crpndr
Carpenter,Carpender,curated,,,,crpntr
CARPORA,CORPORA,sounds,IT,archive,Falco,crpr
Carr,Kerr,curated,,,,cr
Carr,Car,sounds,,,,cr
Carr,Corrie,sounds,,,,cr
Carr,Curry,sounds,,,,cr
Carr,Currey,sounds,,,,cr
Carrascón,Carascon,curated,,,,crscn
CARRESE,Croce,sounds,IT,archive,Falco,crs
CARRESE,Cruse,sounds,IT,archive,Falco,crs
CARRESE,Crus,sounds,IT,archive,Falco,crs
CARRESE,Cross,sounds,IT,archive,Falco,crs
CARRESE,Crosse,sounds,IT,archive,Falco,crs
CARRESE,Crisci,sounds,IT,archive,Falco,crs
CARRESE,CORCIA,sounds,IT,archive,Falco,crs
CARRESE,CORSI,sounds,IT,archive,Falco,crs
CARRESE,CORREAS,sounds,IT,archive,Falco,crs
CARRIERE,Cryer,sounds,IT,archive,Falco,crr
CARRIERE,Crier,sounds,IT,archive,Falco,crr
CARRIERE,CARRIERO,sounds,IT,archive,Falco,crr
CARRIERE,CORRORA,sounds,IT,archive,Falco,crr
CARRIERO,Cryer,sounds,IT,archive,Falco,crr
CARRIERO,Crier,sounds,IT,archive,Falco,crr
CARRIERO,CARRIERE,sounds,IT,archive,Falco,crr
CARRIERO,CORRORA,sounds,IT,archive,Falco,crr
CARRINO,Carrion,sounds,IT,archive,Falco,crn
CARRINO,CORRINO,sounds,IT,archive,Falco,crn
CARRINO,CORNEJO,sounds,IT,archive,Falco,crn
Carrion,CARRINO,sounds,,,,crn
Carrion,CORRINO,sounds,,,,crn
Carrion,CORNEJO,sounds,,,,crn
Carrol,Carroll,curated,,,,crl
Carrol,Carl,sounds,,,,crl
Carrol,Carlo,sounds,,,,crl
Carrol,Carel,sounds,,,,crl
Carroll,Carrol,curated,,,,crl
Carroll,Carl,sounds,,,,crl
Carroll,Carlo,sounds,,,,crl
Carroll,Carel,sounds,,,,crl
CARRUCCHIA,,,IT,archive,Falco,crcs
CARRUCCIOLO,,,IT,archive,Falco,crcsl
Carstens,Karstens,curated,,,,crstns
Cartwright,Courtwright,sounds,AU,archive,D'Arcy,crtvrgt
Cartwright,Courtwright,sounds,GB,archive,D'Arcy,crtvrgt
Cartwright,Courtwright,sounds,IE,archive,D'Arcy,crtvrgt
CARVALLO,,,AR,archive,Lerena,crvl
CARVALLO,,,ES,archive,Lerena,crvl
CARVALLO,,,UY,archive,Lerena,crvl
CASALE,Cassell,sounds,IT,archive,Falco,csl
CASALE,Casolla,sounds,IT,archive,Falco,csl
CASALE,Casella,sounds,IT,archive,Falco,csl
CASALINO,,,IT,archive,Falco,csln
Casella,Casolla,curated,IT,archive,Falco,csl
Casella,CASOLLA,curated,IT,archive,Falco,csl
Casella,Cassell,sounds,IT,archive,Falco,csl
Casella,CASALE,sounds,IT,archive,Falco,csl
Casolla,Casella,curated,IT,archive,Falco,csl
Casolla,CASELLA,curated,IT,archive,Falco,csl
Casolla,Cassell,sounds,IT,archive,Falco,csl
Casolla,CASALE,sounds,IT,archive,Falco,csl
Cassaneti,Cassanite,sounds,AU,archive,Mazza,csnt
Cassaneti,Cassanite,sounds,IT,archive,Mazza,csnt
Cassaneti,Cassanite,sounds,US,archive,Mazza,csnt
Cassanite,Cassaneti,sounds,AU,archive,Mazza,csnt
Cassanite,Cassaneti,sounds,IT,archive,Mazza,csnt
Cassanite,Cassaneti,sounds,US,archive,Mazza,csnt
Casse,COSSI,sounds,,,,cs
Casse,COSA,sounds,,,,cs
Cassell,Cassells,curated,,,,csl
Cassell,Casolla,sounds,,,,csl
Cassell,Casella,sounds,,,,csl
Cassell,CASALE,sounds,,,,csl
Cassells,Cassell,curated,,,,csls
CASTALDO,,,IT,archive,Falco,cstld
CASTELLO,,,IT,archive,Falco,cstl
CASTORIO,Castro,sounds,IT,archive,Falco,cstr
Castro,Di Castro,curated,,,,cstr
Castro,CASTORIO,sounds,,,,cstr
Cát,Ge,curated,,,,ct
Cát,COTTO,sounds,,,,ct
CATAPANO,,,IT,archive,Falco,ctpn
Cater,Kater,curated,,,,ctr
CATERANO,,,IT,archive,Falco,ctrn
CAVA,Chow,sounds,IT,archive,Falco,cv
CAVA,CAVE,sounds,IT,archive,Falco,cv
Cavallaro,,,AU,archive,Mazza,cvlr
Cavallaro,,,IT,archive,Mazza,cvlr
Cavallaro,,,US,archive,Mazza,cvlr
CAVE,Chow,sounds,IT,archive,Falco,cv
CAVE,CAVA,sounds,IT,archive,Falco,cv
Cawthorn,Cawthorne,curated,,,,cvtrn
Cawthorne,Cawthorn,curated,,,,cvtrn
Ceaikovski,Czajkowski,curated,,,,skvsk
Cecil,Chichele,sounds,AU,archive,D'Arcy,ssl
Cecil,Chichele,sounds,GB,archive,D'Arcy,ssl
Cecil,Chichele,sounds,IE,archive,D'Arcy,ssl
Cecil,Chicheley,sounds,AU,archive,D'Arcy,ssl
Cecil,Chicheley,sounds,GB,archive,D'Arcy,ssl
Cecil,Chicheley,sounds,IE,archive,D'Arcy,ssl
CEGLIA,,,IT,archive,Falco,sgl
CENTENO,Sant'Ana,sounds,AR,archive,Lerena,sntn
CENTENO,Sant'Ana,sounds,ES,archive,Lerena,sntn
CENTENO,Sant'Ana,sounds,UY,archive,Lerena,sntn
CENTENO,Santana,sounds,AR,archive,Lerena,sntn
CENTENO,Santana,sounds,ES,archive,Lerena,sntn
CENTENO,Santana,sounds,UY,archive,Lerena,sntn
CERIO,Schuur,sounds,IT,archive,Falco,sr
CERIO,Scheuer,sounds,IT,archive,Falco,sr
CERIO,Seger,sounds,IT,archive,Falco,sr
CERIO,Schür,sounds,IT,archive,Falco,sr
CERIO,CIRO,sounds,IT,archive,Falco,sr
CERIO,SARRO,sounds,IT,archive,Falco,sr
CERIO,SERAO,sounds,IT,archive,Falco,sr
CERIO,SERIO,sounds,IT,archive,Falco,sr
CERIO,SIERO,sounds,IT,archive,Falco,sr
CERIO,SIRIO,sounds,IT,archive,Falco,sr
CERIO,SORGI,sounds,IT,archive,Falco,sr
CERRETO,Segert,sounds,IT,archive,Falco,srt
CERRETO,SARTI,sounds,IT,archive,Falco,srt
CERRONE,SARAUNO,sounds,IT,archive,Falco,srn
CERRONE,SERENA,sounds,IT,archive,Falco,srn
CERRONE,SIRONE,sounds,IT,archive,Falco,srn
CERRONE,SORINO,sounds,IT,archive,Falco,srn
CERRONE,SORRINO,sounds,IT,archive,Falco,srn
CESARE,,,IT,archive,Falco,ssr
CESARINO,,,IT,archive,Falco,ssrn
Ceu,Zhao,curated,,,,s
Ch'ng,Zhuang,curated,,,,cng
Ch'ng,Chang,sounds,,,,cng
Ch'ng,Chong,sounds,,,,cng
Ch'ng,Chung,sounds,,,,cng
Chae,Cai,curated,,,,c
Chae,Cho,sounds,,,,c
Chae,Chao,sounds,,,,c
Chae,Cao,sounds,,,,c
Chae,Chau,sounds,,,,c
Chae,Choi,sounds,,,,c
Chae,Choy,sounds,,,,c
Chae,Chu,sounds,,,,c
Chaiken,Chaikin,curated,,,,ckn
Chaikin,Chaiken,curated,,,,ckn
Chaikivskyi,Czajkowski,curated,,,,ckvsk
Chaikivskyi,Chaikovskyi,sounds,,,,ckvsk
Chaikivskyi,Čajkovski,sounds,,,,ckvsk
Chaikovskyi,Czajkowski,curated,,,,ckvsk
Chaikovskyi,Chaikivskyi,sounds,,,,ckvsk
Chaikovskyi,Čajkovski,sounds,,,,ckvsk
Chakrabarti,Chakrabarty,curated,,,,ckrbrt
Chakrabarti,Chakraborty,sounds,,,,ckrbrt
Chakrabarti,Chakraborti,sounds,,,,ckrbrt
Chakrabarty,Chakravarthy,curated,,,,ckrbrt
Chakrabarty,Chakravarti,curated,,,,ckrbrt
Chakrabarty,Chakravarty,curated,,,,ckrbrt
Chakrabarty,Chakrabarti,curated,,,,ckrbrt
Chakrabarty,Chakraborty,curated,,,,ckrbrt
Chakrabarty,Chakraborti,curated,,,,ckrbrt
Chakrabarty,Chakravarthi,curated,,,,ckrbrt
Chakraborti,Chakrabarty,curated,,,,ckrbrt
Chakraborti,Chakrabarti,sounds,,,,ckrbrt
Chakraborti,Chakraborty,sounds,,,,ckrbrt
Chakraborty,Chakrabarty,curated,,,,ckrbrt
Chakraborty,Chakrabarti,sounds,,,,ckrbrt
Chakraborty,Chakraborti,sounds,,,,ckrbrt
Chakravarthi,Chakrabarty,curated,,,,ckrvrt
Chakravarthi,Chakravarthy,sounds,,,,ckrvrt
Chakravarthi,Chakravarti,sounds,,,,ckrvrt
Chakravarthi,Chakravarty,sounds,,,,ckrvrt
Chakravarthy,Chakrabarty,curated,,,,ckrvrt
Chakravarthy,Chakravarti,sounds,,,,ckrvrt
Chakravarthy,Chakravarty,sounds,,,,ckrvrt
Chakravarthy,Chakravarthi,sounds,,,,ckrvrt
Chakravarti,Chakrabarty,curated,,,,ckrvrt
Chakravarti,Chakravarthy,sounds,,,,ckrvrt
Chakravarti,Chakravarty,sounds,,,,ckrvrt
Chakravarti,Chakravarthi,sounds,,,,ckrvrt
Chakravarty,Chakrabarty,curated,,,,ckrvrt
Chakravarty,Chakravarthy,sounds,,,,ckrvrt
Chakravarty,Chakravarti,sounds,,,,ckrvrt
Chakravarty,Chakravarthi,sounds,,,,ckrvrt
Chamberlain,Chamberlaine,curated,,,,cmbrln
Chamberlain,Chamberlin,sounds,,,,cmbrln
Chamberlain,Chamberlayne,sounds,,,,cmbrln
Chamberlaine,Chamberlin,curated,,,,cmbrln
Chamberlaine,Chamberlain,curated,,,,cmbrln
Chamberlaine,Chamberlayne,curated,,,,cmbrln
Chamberlayne,Chamberlaine,curated,,,,cmbrln
Chamberlayne,Chamberlin,sounds,,,,cmbrln
Chamberlayne,Chamberlain,sounds,,,,cmbrln
Chamberlin,Chamberlaine,curated,,,,cmbrln
Chamberlin,Chamberlain,sounds,,,,cmbrln
Chamberlin,Chamberlayne,sounds,,,,cmbrln
Chang,Jang,curated,,,,cng
Chang,Zhang,curated,,,,cng
Chang,Sheung,curated,,,,cng
Chang,Seung,curated,,,,cng
Chang,Seong,curated,,,,cng
Chang,Cheung,curated,,,,cng
Chang,Chong,sounds,,,,cng
Chang,Ch'ng,sounds,,,,cng
Chang,Chung,sounds,,,,cng
Chao,Zhao,curated,,,,c
Chao,Zhou,curated,,,,c
Chao,Tiều,curated,,,,c
Chao,Chiu,curated,,,,c
Chao,Zou,curated,,,,c
Chao,Cho,sounds,,,,c
Chao,Cao,sounds,,,,c
Chao,Chau,sounds,,,,c
Chao,Chae,sounds,,,,c
Chao,Cai,sounds,,,,c
Chao,Choi,sounds,,,,c
Chao,Choy,sounds,,,,c
Chao,Chu,sounds,,,,c
Chapman,Kaufmann,curated,,,,cpmn
Chapman,Koopman,curated,,,,cpmn
Chapman,Merchant,curated,,,,cpmn
Chapman,Coopman,curated,,,,cpmn
Chapman,Merchán,curated,,,,cpmn
CHAPPELL,Caple,sounds,AR,archive,Lerena,cpl
CHAPPELL,Caple,sounds,ES,archive,Lerena,cpl
CHAPPELL,Caple,sounds,UY,archive,Lerena,cpl
CHAPPELL,CAPPOLA,sounds,AR,archive,Lerena,cpl
CHAPPELL,CAPPOLA,sounds,ES,archive,Lerena,cpl
CHAPPELL,CAPPOLA,sounds,UY,archive,Lerena,cpl
CHAPPELL,COPPOLA,sounds,AR,archive,Lerena,cpl
CHAPPELL,COPPOLA,sounds,ES,archive,Lerena,cpl
CHAPPELL,COPPOLA,sounds,UY,archive,Lerena,cpl
Charles,Carl,curated,,,,crls
Charles,Carlos,sounds,,,,crls
Charles,Carolus,sounds,,,,crls
Charles,Carles,sounds,,,,crls
Charlez,Carl,curated,,,,crlz
Chau,Zhou,curated,,,,c
Chau,Zou,curated,,,,c
Chau,Cho,sounds,,,,c
Chau,Chao,sounds,,,,c
Chau,Cao,sounds,,,,c
Chau,Chae,sounds,,,,c
Chau,Cai,sounds,,,,c
Chau,Choi,sounds,,,,c
Chau,Choy,sounds,,,,c
Chau,Chu,sounds,,,,c
Chaves,Chávez,curated,,,,cvs
Chávez,Chaves,curated,,,,cvz
Cheah,Xie,curated,,,,sh
Cheah,Shige,sounds,,,,sh
Cheah,Shi,sounds,,,,sh
Cheah,Shiu,sounds,,,,sh
Cheah,Sheu,sounds,,,,sh
Cheah,She,sounds,,,,sh
Cheah,Shao,sounds,,,,sh
Cheeseman,Chisman,curated,,,,ssmn
Cheeseman,Chessman,curated,,,,ssmn
Cheeseman,Cheesman,curated,,,,ssmn
Cheeseman,Chiesman,curated,,,,ssmn
Cheesman,Cheeseman,curated,,,,ssmn
Cheesman,Chisman,sounds,,,,ssmn
Cheesman,Chessman,sounds,,,,ssmn
Cheesman,Chiesman,sounds,,,,ssmn
Chen,Jin,curated,,,,sn
Chen,Trần,curated,,,,sn
Chen,Chin,curated,,,,sn
Chen,Tan,curated,,,,sn
Cheng,Ching,curated,,,,sng
Cheng,Seng,sounds,,,,sng
Cheng,Sung,sounds,,,,sng
Cheng,Song,sounds,,,,sng
Cheng,Cheung,sounds,,,,sng
Cheng,Seung,sounds,,,,sng
Cheng,Seong,sounds,,,,sng
Cheng,Chiang,sounds,,,,sng
Cheng,Singh,sounds,,,,sng
Cherkaska,Cherkassky,curated,,,,srksk
Cherkaska,Cherkaskyi,sounds,,,,srksk
Cherkaskyi,Cherkassky,curated,,,,srksk
Cherkaskyi,Cherkaska,sounds,,,,srksk
Cherkassky,Cherkaskyi,curated,,,,srksk
Cherkassky,Cherkaska,curated,,,,srksk
Cherniak,Czerniak,curated,,,,srnk
Chernin,Czernin,curated,,,,srnn
Chernin,SARNONE,sounds,,,,srnn
Chessman,Cheeseman,curated,,,,ssmn
Chessman,Chisman,sounds,,,,ssmn
Chessman,Cheesman,sounds,,,,ssmn
Chessman,Chiesman,sounds,,,,ssmn
Cheu,Zhao,curated,,,,s
Cheung,Zhang,curated,,,,sng
Cheung,Chàng,curated,,,,sng
Cheung,Cháng,curated,,,,sng
Cheung,Zhǎnɡ,curated,,,,sng
Cheung,Seng,sounds,,,,sng
Cheung,Sung,sounds,,,,sng
Cheung,Song,sounds,,,,sng
Cheung,Seung,sounds,,,,sng
Cheung,Seong,sounds,,,,sng
Cheung,Chiang,sounds,,,,sng
Cheung,Singh,sounds,,,,sng
Cheung,Cheng,sounds,,,,sng
Cheung,Ching,sounds,,,,sng
Chi,Zhi,curated,,,,s
Chi,Zhì,curated,,,,s
Chia,Xie,curated,,,,s
Chia,Jia,curated,,,,s
CHIAIESE,Susugi,sounds,IT,archive,Falco,ss
CHIAIESE,Sousa,sounds,IT,archive,Falco,ss
CHIAIESE,SASSO,sounds,IT,archive,Falco,ss
CHIAIESE,SCIASCIA,sounds,IT,archive,Falco,ss
CHIAIESE,SOSSI,sounds,IT,archive,Falco,ss
CHIAJONE,,,IT,archive,Falco,sn
Chiang,Jiang,curated,,,,sng
Chiang,Seng,sounds,,,,sng
Chiang,Sung,sounds,,,,sng
Chiang,Song,sounds,,,,sng
Chiang,Cheung,sounds,,,,sng
Chiang,Seung,sounds,,,,sng
Chiang,Seong,sounds,,,,sng
Chiang,Singh,sounds,,,,sng
Chiang,Cheng,sounds,,,,sng
Chiang,Ching,sounds,,,,sng
Chiau,Qiao,curated,,,,s
CHIAVIELLO,SAVIELLO,sounds,IT,archive,Falco,svl
Chichele,Chicheley,curated,,,,ssl
Chichele,Cecil,sounds,,,,ssl
Chicheley,Chichele,curated,,,,ssl
Chicheley,Cecil,sounds,,,,ssl
Chien,Qian,curated,,,,sn
Chiesman,Cheeseman,curated,,,,ssmn
Chiesman,Chisman,sounds,,,,ssmn
Chiesman,Chessman,sounds,,,,ssmn
Chiesman,Cheesman,sounds,,,,ssmn
Chin,Chen,curated,,,,sn
Chin,Qian,curated,,,,sn
Ching,Cheng,curated,,,,sng
Ching,Qīng,curated,,,,sng
Ching,Qìng,curated,,,,sng
Ching,Zhēng,curated,,,,sng
Ching,Jìng,curated,,,,sng
Ching,Chéng,curated,,,,sng
Ching,Seng,sounds,,,,sng
Ching,Sung,sounds,,,,sng
Ching,Song,sounds,,,,sng
Ching,Cheung,sounds,,,,sng
Ching,Seung,sounds,,,,sng
Ching,Seong,sounds,,,,sng
Ching,Chiang,sounds,,,,sng
Ching,Singh,sounds,,,,sng
Chio,Zhao,curated,,,,s
Chisman,Cheeseman,curated,,,,ssmn
Chisman,Chessman,sounds,,,,ssmn
Chisman,Cheesman,sounds,,,,ssmn
Chisman,Chiesman,sounds,,,,ssmn
Chiu,Zhao,curated,,,,s
Chiu,Jiao,curated,,,,s
Chiu,Qiao,curated,,,,s
Chiu,Chao,curated,,,,s
Cho,Zhao,curated,,,,c
Cho,Cao,curated,,,,c
Cho,Zǔ,curated,,,,c
Cho,Chao,sounds,,,,c
Cho,Chau,sounds,,,,c
Cho,Chae,sounds,,,,c
Cho,Cai,sounds,,,,c
Cho,Choi,sounds,,,,c
Cho,Choy,sounds,,,,c
Cho,Chu,sounds,,,,c
Chobanu,Ciobanu,curated,,,,cbn
Choi,Cai,curated,,,,c
Choi,Cho,sounds,,,,c
Choi,Chao,sounds,,,,c
Choi,Cao,sounds,,,,c
Choi,Chau,sounds,,,,c
Choi,Chae,sounds,,,,c
Choi,Choy,sounds,,,,c
Choi,Chu,sounds,,,,c
Chong,Zhang,curated,,,,cng
Chong,Zhuang,curated,,,,cng
Chong,Zōng,curated,,,,cng
Chong,Chang,sounds,,,,cng
Chong,Ch'ng,sounds,,,,cng
Chong,Chung,sounds,,,,cng
Chow,Zhou,curated,,,,cv
Chow,Zou,curated,,,,cv
Chow,CAVA,sounds,,,,cv
Chow,CAVE,sounds,,,,cv
Choy,Cai,curated,,,,c
Choy,Cho,sounds,,,,c
Choy,Chao,sounds,,,,c
Choy,Cao,sounds,,,,c
Choy,Chau,sounds,,,,c
Choy,Chae,sounds,,,,c
Choy,Choi,sounds,,,,c
Choy,Chu,sounds,,,,c
Christel,Christl,curated,,,,crstl
Christel,Christell,sounds,,,,crstl
Christell,Kristel,curated,,,,crstl
Christell,Christl,sounds,,,,crstl
Christell,Christel,sounds,,,,crstl
Christensen,Kristensen,curated,,,,crstnsn
Christensen,Christianson,curated,,,,crstnsn
Christensen,Christenson,sounds,,,,crstnsn
Christensen,Christiansen,sounds,,,,crstnsn
Christensen,Christensson,sounds,,,,crstnsn
Christensen,Christjansen,sounds,,,,crstnsn
Christensen,Christiansson,sounds,,,,crstnsn
Christenson,Kristensen,curated,,,,crstnsn
Christenson,Christianson,curated,,,,crstnsn
Christenson,Christensen,sounds,,,,crstnsn
Christenson,Christiansen,sounds,,,,crstnsn
Christenson,Christensson,sounds,,,,crstnsn
Christenson,Christjansen,sounds,,,,crstnsn
Christenson,Christiansson,sounds,,,,crstnsn
Christensson,Kristensen,curated,,,,crstnsn
Christensson,Christianson,curated,,,,crstnsn
Christensson,Christensen,sounds,,,,crstnsn
Christensson,Christenson,sounds,,,,crstnsn
Christensson,Christiansen,sounds,,,,crstnsn
Christensson,Christjansen,sounds,,,,crstnsn
Christensson,Christiansson,sounds,,,,crstnsn
Christiansen,Kristensen,curated,,,,crstnsn
Christiansen,Christianson,curated,,,,crstnsn
Christiansen,Christensen,sounds,,,,crstnsn
Christiansen,Christenson,sounds,,,,crstnsn
Christiansen,Christensson,sounds,,,,crstnsn
Christiansen,Christjansen,sounds,,,,crstnsn
Christiansen,Christiansson,sounds,,,,crstnsn
Christianson,Kristensen,curated,,,,crstnsn
Christianson,Kristiansson,curated,,,,crstnsn
Christianson,Christiansen,curated,,,,crstnsn
Christianson,Christensen,curated,,,,crstnsn
Christianson,Kristiansen,curated,,,,crstnsn
Christianson,Christensson,curated,,,,crstnsn
Christianson,Christenson,curated,,,,crstnsn
Christianson,Kristianson,curated,,,,crstnsn
Christianson,Christjansen,curated,,,,crstnsn
Christianson,Christiansson,curated,,,,crstnsn
Christiansson,Christianson,curated,,,,crstnsn
Christiansson,Christensen,sounds,,,,crstnsn
Christiansson,Christenson,sounds,,,,crstnsn
Christiansson,Christiansen,sounds,,,,crstnsn
Christiansson,Christensson,sounds,,,,crstnsn
Christiansson,Christjansen,sounds,,,,crstnsn
Christjansen,Christianson,curated,,,,crstnsn
Christjansen,Christensen,sounds,,,,crstnsn
Christjansen,Christenson,sounds,,,,crstnsn
Christjansen,Christiansen,sounds,,,,crstnsn
Christjansen,Christensson,sounds,,,,crstnsn
Christjansen,Christiansson,sounds,,,,crstnsn
Christl,Christy,curated,,,,crstl
Christl,Christel,curated,,,,crstl
Christl,Christell,sounds,,,,crstl
Christman,Christmann,curated,,,,crstmn
Christmann,Christman,curated,,,,crstmn
Christofersen,Kristoffersen,curated,,,,crstfrsn
Christofersen,Christoffersen,sounds,,,,crstfrsn
Christofersen,Christophersen,sounds,,,,crstfrsn
Christofersen,Christofferson,sounds,,,,crstfrsn
Christofersen,Christopherson,sounds,,,,crstfrsn
Christofersen,Christoffersson,sounds,,,,crstfrsn
Christoffer,Christov,curated,,,,crstfr
Christoffer,Kristof,curated,,,,crstfr
Christoffer,Christopher,sounds,,,,crstfr
Christoffersen,Kristoffersen,curated,,,,crstfrsn
Christoffersen,Christophersen,sounds,,,,crstfrsn
Christoffersen,Christofferson,sounds,,,,crstfrsn
Christoffersen,Christopherson,sounds,,,,crstfrsn
Christoffersen,Christoffersson,sounds,,,,crstfrsn
Christoffersen,Christofersen,sounds,,,,crstfrsn
Christofferson,Kristoffersen,curated,,,,crstfrsn
Christofferson,Christoffersen,sounds,,,,crstfrsn
Christofferson,Christophersen,sounds,,,,crstfrsn
Christofferson,Christopherson,sounds,,,,crstfrsn
Christofferson,Christoffersson,sounds,,,,crstfrsn
Christofferson,Christofersen,sounds,,,,crstfrsn
Christoffersson,Kristoffersen,curated,,,,crstfrsn
Christoffersson,Christoffersen,sounds,,,,crstfrsn
Christoffersson,Christophersen,sounds,,,,crstfrsn
Christoffersson,Christofferson,sounds,,,,crstfrsn
Christoffersson,Christopherson,sounds,,,,crstfrsn
Christoffersson,Christofersen,sounds,,,,crstfrsn
Christoph,Christov,curated,,,,crstf
Christoph,Kristof,curated,,,,crstf
Christoph,Christophe,sounds,,,,crstf
Christophe,Christov,curated,,,,crstf
Christophe,Kristof,curated,,,,crstf
Christophe,Christoph,sounds,,,,crstf
Christopher,Christov,curated,,,,crstfr
Christopher,Kristof,curated,,,,crstfr
Christopher,Christoffer,sounds,,,,crstfr
Christophersen,Kristoffersen,curated,,,,crstfrsn
Christophersen,Christoffersen,sounds,,,,crstfrsn
Christophersen,Christofferson,sounds,,,,crstfrsn
Christophersen,Christopherson,sounds,,,,crstfrsn
Christophersen,Christoffersson,sounds,,,,crstfrsn
Christophersen,Christofersen,sounds,,,,crstfrsn
Christopherson,Kristoffersen,curated,,,,crstfrsn
Christopherson,Christoffersen,sounds,,,,crstfrsn
Christopherson,Christophersen,sounds,,,,crstfrsn
Christopherson,Christofferson,sounds,,,,crstfrsn
Christopherson,Christoffersson,sounds,,,,crstfrsn
Christopherson,Christofersen,sounds,,,,crstfrsn
Christov,Kristof,curated,,,,crstv
Christov,Kryštof,curated,,,,crstv
Christov,Krištof,curated,,,,crstv
Christov,Christoph,curated,,,,crstv
Christov,Christophe,curated,,,,crstv
Christov,Kester,curated,,,,crstv
Christov,Kristóf,curated,,,,crstv
Christov,Christoffer,curated,,,,crstv
Christov,Christopher,curated,,,,crstv
Christov,Cristobal,curated,,,,crstv
Christov,Cristóbal,curated,,,,crstv
Christy,Christl,curated,,,,crst
Christy,Cristy,sounds,,,,crst
Christy,Cristi,sounds,,,,crst
Chronopoulos,,,AU,archive,Mazza,crnpls
Chronopoulos,,,IT,archive,Mazza,crnpls
Chronopoulos,,,US,archive,Mazza,crnpls
Chu,Zou,curated,,,,c
Chu,Cho,sounds,,,,c
Chu,Chao,sounds,,,,c
Chu,Cao,sounds,,,,c
Chu,Chau,sounds,,,,c
Chu,Chae,sounds,,,,c
Chu,Cai,sounds,,,,c
Chu,Choi,sounds,,,,c
Chu,Choy,sounds,,,,c
Chuah,Cai,curated,,,,ch
Chuán,Jeon,curated,,,,cn
Chuán,Coen,sounds,,,,cn
Chuán,Coony,sounds,,,,cn
Chuán,Cooney,sounds,,,,cn
Chuán,Coney,sounds,,,,cn
Chung,Zhong,curated,,,,cng
Chung,Zōng,curated,,,,cng
Chung,Chang,sounds,,,,cng
Chung,Chong,sounds,,,,cng
Chung,Ch'ng,sounds,,,,cng
CICCONE,SACCONE,sounds,IT,archive,Falco,scn
CILLO,Silaghi,sounds,IT,archive,Falco,sl
CILLO,Sulle,sounds,IT,archive,Falco,sl
CILLO,Sulley,sounds,IT,archive,Falco,sl
CILLO,Sulli,sounds,IT,archive,Falco,sl
CILLO,SOLLI,sounds,IT,archive,Falco,sl
CIMINO,,,IT,archive,Falco,smn
Cimmino,,,IT,archive,Falco,smn
CIMONE,,,IT,archive,Falco,smn
CINQUE,Schenk,sounds,IT,archive,Falco,snk
Ciobanu,Chobanu,curated,,,,sbn
Ciobanu,Sabina,sounds,,,,sbn
Ciobanu,SABINO,sounds,,,,sbn
CIOCCIA,Sachs,sounds,IT,archive,Falco,scs
CIOCCIA,Sachse,sounds,IT,archive,Falco,scs
CIOFFANI,SFONA,sounds,IT,archive,Falco,sfn
CIOFFANI,SOFANO,sounds,IT,archive,Falco,sfn
CIOFFI,COSSI,curated,IT,archive,Falco,sf
CIOFFI,Safuji,sounds,IT,archive,Falco,sf
CIOFFI,Sofi,sounds,IT,archive,Falco,sf
CIPOLO,Spiegel,sounds,IT,archive,Falco,spl
CIRO,Schuur,sounds,IT,archive,Falco,sr
CIRO,Scheuer,sounds,IT,archive,Falco,sr
CIRO,Seger,sounds,IT,archive,Falco,sr
CIRO,Schür,sounds,IT,archive,Falco,sr
CIRO,CERIO,sounds,IT,archive,Falco,sr
CIRO,SARRO,sounds,IT,archive,Falco,sr
CIRO,SERAO,sounds,IT,archive,Falco,sr
CIRO,SERIO,sounds,IT,archive,Falco,sr
CIRO,SIERO,sounds,IT,archive,Falco,sr
CIRO,SIRIO,sounds,IT,archive,Falco,sr
CIRO,SORGI,sounds,IT,archive,Falco,sr
CITO,Schott,sounds,IT,archive,Falco,st
CITO,Sato,sounds,IT,archive,Falco,st
CITO,Saitō,sounds,IT,archive,Falco,st
CITO,Sotō,sounds,IT,archive,Falco,st
CITO,Schütte,sounds,IT,archive,Falco,st
CITO,SETTE,sounds,IT,archive,Falco,st
CITO,SETTI,sounds,IT,archive,Falco,st
CITO,SOTTI,sounds,IT,archive,Falco,st
CITO,SOTTO,sounds,IT,archive,Falco,st
CITO,Sojat,sounds,IT,archive,Falco,st
Claassen,Klaassen,curated,,,,clsn
Claassen,Claessen,curated,,,,clsn
Claassen,Clasen,curated,,,,clsn
Claassen,Claussen,sounds,,,,clsn
Claassen,Clausen,sounds,,,,clsn
Claassen,Clausson,sounds,,,,clsn
Claassen,Classen,sounds,,,,clsn
Claessen,Classen,curated,,,,clsn
Claessen,Claassen,curated,,,,clsn
Claessen,Claessens,curated,,,,clsn
Claessen,Claussen,sounds,,,,clsn
Claessen,Clausen,sounds,,,,clsn
Claessen,Clausson,sounds,,,,clsn
Claessen,Clasen,sounds,,,,clsn
Claessens,Claessen,curated,,,,clsns
Claessens,Clasens,sounds,,,,clsns
Clagett,Claggett,curated,,,,clt
Clagett,COLETA,sounds,,,,clt
Claggett,Clagett,curated,,,,clgt
CLAMENS,,,IT,archive,Falco,clmns
Clarck,Clark,curated,,,,clrk
Clarck,Clarke,sounds,,,,clrk
Clarck,Clerke,sounds,,,,clrk
Clarck,Clerk,sounds,,,,clrk
Clark,Clarke,curated,,,,clrk
Clark,Clarck,curated,,,,clrk
Clark,Clerk,curated,,,,clrk
Clark,Clerke,sounds,,,,clrk
Clarke,Clark,curated,,,,clrk
Clarke,Clerke,curated,,,,clrk
Clarke,Clarck,sounds,,,,clrk
Clarke,Clerk,sounds,,,,clrk
Clas,Clasen,curated,,,,cls
Clas,Clausse,sounds,,,,cls
Clas,Coles,sounds,,,,cls
Clasen,Classen,curated,,,,clsn
Clasen,Clausen,curated,,,,clsn
Clasen,Claassen,curated,,,,clsn
Clasen,Klas,curated,,,,clsn
Clasen,Klasen,curated,,,,clsn
Clasen,Clas,curated,,,,clsn
Clasen,Claßen,curated,,,,clsn
Clasen,Clases,curated,,,,clsn
Clasen,Clasens,curated,,,,clsn
Clasen,Claussen,sounds,,,,clsn
Clasen,Clausson,sounds,,,,clsn
Clasen,Claessen,sounds,,,,clsn
Clasens,Clasen,curated,,,,clsns
Clasens,Claessens,sounds,,,,clsns
Clases,Clasen,curated,,,,clss
Classen,Clasen,curated,,,,clsn
Classen,Claessen,curated,,,,clsn
Classen,Claussen,sounds,,,,clsn
Classen,Clausen,sounds,,,,clsn
Classen,Clausson,sounds,,,,clsn
Classen,Claassen,sounds,,,,clsn
Clausen,Claussen,curated,,,,clsn
Clausen,Clasen,curated,,,,clsn
Clausen,Clausson,sounds,,,,clsn
Clausen,Claassen,sounds,,,,clsn
Clausen,Classen,sounds,,,,clsn
Clausen,Claessen,sounds,,,,clsn
Clausse,Claussen,curated,,,,cls
Clausse,Coles,sounds,,,,cls
Clausse,Clas,sounds,,,,cls
Claussen,Klaus,curated,,,,clsn
Claussen,Clausen,curated,,,,clsn
Claussen,Klaussen,curated,,,,clsn
Claussen,Klausen,curated,,,,clsn
Claussen,Clausse,curated,,,,clsn
Claussen,Clausson,curated,,,,clsn
Claussen,Claassen,sounds,,,,clsn
Claussen,Classen,sounds,,,,clsn
Claussen,Clasen,sounds,,,,clsn
Claussen,Claessen,sounds,,,,clsn
Clausson,Claussen,curated,,,,clsn
Clausson,Clausen,sounds,,,,clsn
Clausson,Claassen,sounds,,,,clsn
Clausson,Classen,sounds,,,,clsn
Clausson,Clasen,sounds,,,,clsn
Clausson,Claessen,sounds,,,,clsn
Clemensen,Clemmensen,curated,,,,clmnsn
Clementsen,Clemmensen,curated,,,,clmntsn
Clementsen,Clementson,sounds,,,,clmntsn
Clementson,Clemmensen,curated,,,,clmntsn
Clementson,Clementsen,sounds,,,,clmntsn
Clemmensen,Klemetson,curated,,,,clmnsn
Clemmensen,Clementson,curated,,,,clmnsn
Clemmensen,Klemetsen,curated,,,,clmnsn
Clemmensen,Clemensen,curated,,,,clmnsn
Clemmensen,Klementsen,curated,,,,clmnsn
Clemmensen,Clementsen,curated,,,,clmnsn
Clerk,Clark,curated,,,,clrk
Clerk,Clarke,sounds,,,,clrk
Clerk,Clerke,sounds,,,,clrk
Clerk,Clarck,sounds,,,,clrk
Clerk Maxwell,Clerk-Maxwell,curated,,,,clrk mks
Clerk-Maxwell,Clerk Maxwell,curated,,,,clrkmksv
Clerke,Clarke,curated,,,,clrk
Clerke,Clark,sounds,,,,clrk
Clerke,Clarck,sounds,,,,clrk
Clerke,Clerk,sounds,,,,clrk
Cleverley,Cleverly,curated,,,,clvrl
Cleverly,Cleverley,curated,,,,clvrl
Clovis,Lewis,curated,,,,clvs
Cobb,Cobbs,curated,,,,cb
Cobbs,Cobb,curated,,,,cbs
COCCA,Coco,sounds,IT,archive,Falco,cc
Cochran,Cochrane,curated,,,,ccrn
Cochrane,Cochran,curated,,,,ccrn
Cocks,Cox,curated,,,,cks
Cocks,Coox,sounds,,,,cks
Cocks,Cookes,sounds,,,,cks
Coco,COCCA,sounds,AU,archive,Mazza,cc
Coco,COCCA,sounds,IT,archive,Mazza,cc
Coco,COCCA,sounds,US,archive,Mazza,cc
Codd,Codde,curated,,,,cd
Codde,Codd,curated,,,,cd
Coen,Kahn,curated,,,,cn
Coen,Cohen,curated,,,,cn
Coen,Coony,sounds,,,,cn
Coen,Cooney,sounds,,,,cn
Coen,Chuán,sounds,,,,cn
Coen,Coney,sounds,,,,cn
Coffin,CAFONA,sounds,AU,archive,Mazza,cfn
Coffin,CAFONA,sounds,IT,archive,Mazza,cfn
Coffin,CAFONA,sounds,US,archive,Mazza,cfn
Coffman,Kofman,curated,,,,cfmn
Cohan,Cohen,curated,,,,chn
Cohan,Cohn,sounds,,,,chn
Cohan,Cahn,sounds,,,,chn
Cohen,Kahn,curated,,,,chn
Cohen,Kagan,curated,,,,chn
Cohen,Konrad,curated,,,,chn
Cohen,Kohan,curated,,,,chn
Cohen,Kohn,curated,,,,chn
Cohen,Cohn,curated,,,,chn
Cohen,Kogan,curated,,,,chn
Cohen,Cohan,curated,,,,chn
Cohen,Kahan,curated,,,,chn
Cohen,Cahn,curated,,,,chn
Cohen,Coen,curated,,,,chn
Cohen,Koen,curated,,,,chn
Cohn,Kahn,curated,,,,chn
Cohn,Cohen,curated,,,,chn
Cohn,Cohan,sounds,,,,chn
Cohn,Cahn,sounds,,,,chn
Coke,Cooke,curated,,,,ck
Coke,Cook,curated,,,,ck
Colángelo,,,,,,clnl
Cole,Coles,curated,AU,archive,D'Arcy,cl
Cole,Coles,curated,GB,archive,D'Arcy,cl
Cole,Coles,curated,IE,archive,D'Arcy,cl
Cole,Collia,sounds,AU,archive,D'Arcy,cl
Cole,Collia,sounds,GB,archive,D'Arcy,cl
Cole,Collia,sounds,IE,archive,D'Arcy,cl
Colemán,,,,,,clmn
Coles,Cole,curated,,,,cls
Coles,Clausse,sounds,,,,cls
Coles,Clas,sounds,,,,cls
COLETA,Clagett,sounds,IT,archive,Falco,clt
Collia,Cole,sounds,AU,archive,Mazza,cl
Collia,Cole,sounds,IT,archive,Mazza,cl
Collia,Cole,sounds,US,archive,Mazza,cl
Collings,Collins,curated,,,,clngs
Collins,Collings,curated,,,,clns
Collymore,Cullimore,curated,,,,clmr
CONCEPCION,,,AR,archive,Lerena,cnspsn
CONCEPCION,,,ES,archive,Lerena,cnspsn
CONCEPCION,,,UY,archive,Lerena,cnspsn
Coney,Coen,sounds,AU,archive,D'Arcy,cn
Coney,Coen,sounds,GB,archive,D'Arcy,cn
Coney,Coen,sounds,IE,archive,D'Arcy,cn
Coney,Coony,sounds,AU,archive,D'Arcy,cn
Coney,Coony,sounds,GB,archive,D'Arcy,cn
Coney,Coony,sounds,IE,archive,D'Arcy,cn
Coney,Cooney,sounds,AU,archive,D'Arcy,cn
Coney,Cooney,sounds,GB,archive,D'Arcy,cn
Coney,Cooney,sounds,IE,archive,D'Arcy,cn
Coney,Chuán,sounds,AU,archive,D'Arcy,cn
Coney,Chuán,sounds,GB,archive,D'Arcy,cn
Coney,Chuán,sounds,IE,archive,D'Arcy,cn
CONEY [Knight of Bassingthorpe],,,AU,archive,D'Arcy,cn kngt 
CONEY [Knight of Bassingthorpe],,,GB,archive,D'Arcy,cn kngt 
CONEY [Knight of Bassingthorpe],,,IE,archive,D'Arcy,cn kngt 
CONGRECA,,,IT,archive,Falco,cngrc
Constanzo,,,IT,archive,Falco,cnstnz
CONTE,,,IT,archive,Falco,cnt
Conyers,,,AU,archive,D'Arcy,cnrs
Conyers,,,GB,archive,D'Arcy,cnrs
Conyers,,,IE,archive,D'Arcy,cnrs
Cook,Cooke,curated,,,,ck
Cook,Coke,curated,,,,ck
Cook,Kuks,curated,,,,ck
Cooke,Cook,curated,,,,ck
Cooke,Coke,curated,,,,ck
Cooke,Kuks,curated,,,,ck
Cookes,Kuks,curated,,,,cks
Cookes,Cocks,sounds,,,,cks
Cookes,Cox,sounds,,,,cks
Cookes,Coox,sounds,,,,cks
Cooney,Coony,curated,,,,cn
Cooney,Coen,sounds,,,,cn
Cooney,Chuán,sounds,,,,cn
Cooney,Coney,sounds,,,,cn
Coony,Cooney,curated,,,,cn
Coony,Coen,sounds,,,,cn
Coony,Chuán,sounds,,,,cn
Coony,Coney,sounds,,,,cn
Cooper,Cowper,curated,,,,cpr
Cooper,Copper,curated,,,,cpr
Cooper,Kuper,curated,,,,cpr
Cooper,Couper,curated,,,,cpr
Cooper,CAPORA,sounds,,,,cpr
Cooper,CAPORO,sounds,,,,cpr
Cooperman,Kupperman,curated,,,,cprmn
Coopman,Chapman,curated,,,,cpmn
Coopman,Koopmann,curated,,,,cpmn
Coox,Cox,curated,,,,cks
Coox,Cocks,sounds,,,,cks
Coox,Cookes,sounds,,,,cks
Čop,CAPO,sounds,HR,archive,Blažević,cp
Čop,COPA,sounds,HR,archive,Blažević,cp
Čop,COPPA,sounds,HR,archive,Blažević,cp
Čop,COPPI,sounds,HR,archive,Blažević,cp
Čop,Cupo,sounds,HR,archive,Blažević,cp
COPA,CAPO,sounds,IT,archive,Falco,cp
COPA,COPPA,sounds,IT,archive,Falco,cp
COPA,COPPI,sounds,IT,archive,Falco,cp
COPA,Čop,sounds,IT,archive,Falco,cp
COPA,Cupo,sounds,IT,archive,Falco,cp
Copestake,Capstick,curated,,,,cpstk
COPPA,CAPO,sounds,IT,archive,Falco,cp
COPPA,COPA,sounds,IT,archive,Falco,cp
COPPA,COPPI,sounds,IT,archive,Falco,cp
COPPA,Čop,sounds,IT,archive,Falco,cp
COPPA,Cupo,sounds,IT,archive,Falco,cp
Copper,Cooper,curated,,,,cpr
Copper,Couper,sounds,,,,cpr
Copper,CAPORA,sounds,,,,cpr
Copper,CAPORO,sounds,,,,cpr
COPPI,CAPO,sounds,IT,archive,Falco,cp
COPPI,COPA,sounds,IT,archive,Falco,cp
COPPI,COPPA,sounds,IT,archive,Falco,cp
COPPI,Čop,sounds,IT,archive,Falco,cp
COPPI,Cupo,sounds,IT,archive,Falco,cp
COPPOLA,Caple,sounds,IT,archive,Falco,cpl
COPPOLA,CAPPOLA,sounds,IT,archive,Falco,cpl
COPPOLA,CHAPPELL,sounds,IT,archive,Falco,cpl
CORCIA,Croce,sounds,IT,archive,Falco,crs
CORCIA,Cruse,sounds,IT,archive,Falco,crs
CORCIA,Crus,sounds,IT,archive,Falco,crs
CORCIA,Cross,sounds,IT,archive,Falco,crs
CORCIA,Crosse,sounds,IT,archive,Falco,crs
CORCIA,Crisci,sounds,IT,archive,Falco,crs
CORCIA,CARRESE,sounds,IT,archive,Falco,crs
CORCIA,CORSI,sounds,IT,archive,Falco,crs
CORCIA,CORREAS,sounds,IT,archive,Falco,crs
CORCIONE,,,IT,archive,Falco,crsn
Corcuff,Gourcuff,curated,,,,crcf
Cord,Meiercord,curated,,,,crd
CORNEJO,Carrion,sounds,AR,archive,Lerena,crn
CORNEJO,Carrion,sounds,ES,archive,Lerena,crn
CORNEJO,Carrion,sounds,UY,archive,Lerena,crn
CORNEJO,CARRINO,sounds,AR,archive,Lerena,crn
CORNEJO,CARRINO,sounds,ES,archive,Lerena,crn
CORNEJO,CARRINO,sounds,UY,archive,Lerena,crn
CORNEJO,CORRINO,sounds,AR,archive,Lerena,crn
CORNEJO,CORRINO,sounds,ES,archive,Lerena,crn
CORNEJO,CORRINO,sounds,UY,archive,Lerena,crn
Cornelisz,Corneliszoon,curated,,,,crnls
Corneliszoon,Cornelisz,curated,,,,crnlsn
Coronel,Coronell,curated,,,,crnl
Coronel,Carnell,sounds,,,,crnl
Coronell,Coronel,curated,,,,crnl
Coronell,Carnell,sounds,,,,crnl
Corones,,,AU,archive,Mazza,crns
Corones,,,IT,archive,Mazza,crns
Corones,,,US,archive,Mazza,crns
CORPORA,CARPORA,sounds,IT,archive,Falco,crpr
CORREAS,Croce,sounds,AR,archive,Lerena,crs
CORREAS,Croce,sounds,ES,archive,Lerena,crs
CORREAS,Croce,sounds,UY,archive,Lerena,crs
CORREAS,Cruse,sounds,AR,archive,Lerena,crs
CORREAS,Cruse,sounds,ES,archive,Lerena,crs
CORREAS,Cruse,sounds,UY,archive,Lerena,crs
CORREAS,Crus,sounds,AR,archive,Lerena,crs
CORREAS,Crus,sounds,ES,archive,Lerena,crs
CORREAS,Crus,sounds,UY,archive,Lerena,crs
CORREAS,Cross,sounds,AR,archive,Lerena,crs
CORREAS,Cross,sounds,ES,archive,Lerena,crs
CORREAS,Cross,sounds,UY,archive,Lerena,crs
CORREAS,Crosse,sounds,AR,archive,Lerena,crs
CORREAS,Crosse,sounds,ES,archive,Lerena,crs
CORREAS,Crosse,sounds,UY,archive,Lerena,crs
CORREAS,Crisci,sounds,AR,archive,Lerena,crs
CORREAS,Crisci,sounds,ES,archive,Lerena,crs
CORREAS,Crisci,sounds,UY,archive,Lerena,crs
CORREAS,CARRESE,sounds,AR,archive,Lerena,crs
CORREAS,CARRESE,sounds,ES,archive,Lerena,crs
CORREAS,CARRESE,sounds,UY,archive,Lerena,crs
CORREAS,CORCIA,sounds,AR,archive,Lerena,crs
CORREAS,CORCIA,sounds,ES,archive,Lerena,crs
CORREAS,CORCIA,sounds,UY,archive,Lerena,crs
CORREAS,CORSI,sounds,AR,archive,Lerena,crs
CORREAS,CORSI,sounds,ES,archive,Lerena,crs
CORREAS,CORSI,sounds,UY,archive,Lerena,crs
Corrie,Curry,curated,,,,cr
Corrie,Car,sounds,,,,cr
Corrie,Carr,sounds,,,,cr
Corrie,Currey,sounds,,,,cr
CORRINO,Carrion,sounds,IT,archive,Falco,crn
CORRINO,CARRINO,sounds,IT,archive,Falco,crn
CORRINO,CORNEJO,sounds,IT,archive,Falco,crn
CORRORA,Cryer,sounds,IT,archive,Falco,crr
CORRORA,Crier,sounds,IT,archive,Falco,crr
CORRORA,CARRIERE,sounds,IT,archive,Falco,crr
CORRORA,CARRIERO,sounds,IT,archive,Falco,crr
CORSI,Croce,sounds,IT,archive,Falco,crs
CORSI,Cruse,sounds,IT,archive,Falco,crs
CORSI,Crus,sounds,IT,archive,Falco,crs
CORSI,Cross,sounds,IT,archive,Falco,crs
CORSI,Crosse,sounds,IT,archive,Falco,crs
CORSI,Crisci,sounds,IT,archive,Falco,crs
CORSI,CARRESE,sounds,IT,archive,Falco,crs
CORSI,CORCIA,sounds,IT,archive,Falco,crs
CORSI,CORREAS,sounds,IT,archive,Falco,crs
Corver,Korver,curated,,,,crvr
Corvin,Corvinus,curated,,,,crvn
Corvin,CORVINA,sounds,,,,crvn
Corvin,CORVINO,sounds,,,,crvn
CORVINA,Corvin,sounds,IT,archive,Falco,crvn
CORVINA,CORVINO,sounds,IT,archive,Falco,crvn
CORVINO,Corvin,sounds,IT,archive,Falco,crvn
CORVINO,CORVINA,sounds,IT,archive,Falco,crvn
Corvinus,Raab,curated,,,,crvns
Corvinus,Rabe,curated,,,,crvns
Corvinus,Corvin,curated,,,,crvns
CORVO,,,IT,archive,Falco,crv
COSA,Casse,sounds,IT,archive,Falco,cs
COSA,COSSI,sounds,IT,archive,Falco,cs
Cosman,Cossmann,curated,,,,csmn
Cosman,Cossman,sounds,,,,csmn
COSSI,CIOFFI,curated,IT,archive,Falco,cs
COSSI,CRISCI,curated,IT,archive,Falco,cs
COSSI,Casse,sounds,IT,archive,Falco,cs
COSSI,COSA,sounds,IT,archive,Falco,cs
Cossman,Cossmann,curated,,,,csmn
Cossman,Cosman,sounds,,,,csmn
Cossmann,Cossman,curated,,,,csmn
Cossmann,Kosman,curated,,,,csmn
Cossmann,Cosman,curated,,,,csmn
Cossmann,Kossmann,curated,,,,csmn
Costa,Coste,curated,AR,archive,Lerena,cst
Costa,Coste,curated,AU,archive,Mazza,cst
Costa,Coste,curated,ES,archive,Lerena,cst
Costa,Coste,curated,IT,archive,Falco; Mazza,cst
Costa,Coste,curated,US,archive,Mazza,cst
Costa,Coste,curated,UY,archive,Lerena,cst
Coste,Costa,curated,,,,cst
COTTO,Cát,sounds,IT,archive,Falco,ct
Cotton,,,AU,archive,D'Arcy,ctn
Cotton,,,GB,archive,D'Arcy,ctn
Cotton,,,IE,archive,D'Arcy,ctn
Coulibaly,Koulibaly,curated,,,,clbl
Coulibaly,Couloubaly,curated,,,,clbl
Couloubaly,Koulibaly,curated,,,,clbl
Couloubaly,Coulibaly,curated,,,,clbl
Couper,Cooper,curated,,,,cpr
Couper,Cowper,curated,,,,cpr
Couper,Copper,sounds,,,,cpr
Couper,CAPORA,sounds,,,,cpr
Couper,CAPORO,sounds,,,,cpr
Courtright,Courtwright,curated,,,,crtrgt
Courtwright,Courtright,curated,,,,crtvrgt
Courtwright,Cartwright,sounds,,,,crtvrgt
Couzens,Cozens,curated,,,,czns
COVIELLO,,,IT,archive,Falco,cvl
Cowper,Cooper,curated,,,,cvpr
Cowper,Couper,curated,,,,cvpr
Cox,Cocks,curated,,,,cks
Cox,Coox,curated,,,,cks
Cox,Cookes,sounds,,,,cks
Cozens,Couzens,curated,,,,czns
Cozens,Cussins,curated,,,,czns
Crabb,Krabbe,curated,,,,crb
Crabb,Crabbe,sounds,,,,crb
Crabbe,Krabbe,curated,,,,crb
Crabbe,Crabb,sounds,,,,crb
Craft,Krafft,curated,,,,crft
Crämer,Krämer,curated,,,,crmr
Crämer,Kramer,curated,,,,crmr
Crämer,Crémer,sounds,,,,crmr
Crauford,Crawford,curated,,,,crfrd
Crauford,Craufurd,curated,,,,crfrd
Craufurd,Crauford,curated,,,,crfrd
Crawford,Crauford,curated,,,,crvfrd
Creech,,,AU,archive,D'Arcy,crc
Creech,,,GB,archive,D'Arcy,crc
Creech,,,IE,archive,D'Arcy,crc
Crémer,Kramer,curated,,,,crmr
Crémer,Crämer,sounds,,,,crmr
Crier,Cryer,curated,,,,crr
Crier,CARRIERE,sounds,,,,crr
Crier,CARRIERO,sounds,,,,crr
Crier,CORRORA,sounds,,,,crr
Crisci,COSSI,curated,AU,archive,D'Arcy,crs
Crisci,COSSI,curated,GB,archive,D'Arcy,crs
Crisci,COSSI,curated,IE,archive,D'Arcy,crs
Crisci,COSSI,curated,IT,archive,Falco,crs
Crisci,Croce,sounds,AU,archive,D'Arcy,crs
Crisci,Croce,sounds,GB,archive,D'Arcy,crs
Crisci,Croce,sounds,IE,archive,D'Arcy,crs
Crisci,Croce,sounds,IT,archive,Falco,crs
Crisci,Cruse,sounds,AU,archive,D'Arcy,crs
Crisci,Cruse,sounds,GB,archive,D'Arcy,crs
Crisci,Cruse,sounds,IE,archive,D'Arcy,crs
Crisci,Cruse,sounds,IT,archive,Falco,crs
Crisci,Crus,sounds,AU,archive,D'Arcy,crs
Crisci,Crus,sounds,GB,archive,D'Arcy,crs
Crisci,Crus,sounds,IE,archive,D'Arcy,crs
Crisci,Crus,sounds,IT,archive,Falco,crs
Crisci,Cross,sounds,AU,archive,D'Arcy,crs
Crisci,Cross,sounds,GB,archive,D'Arcy,crs
Crisci,Cross,sounds,IE,archive,D'Arcy,crs
Crisci,Cross,sounds,IT,archive,Falco,crs
Crisci,Crosse,sounds,AU,archive,D'Arcy,crs
Crisci,Crosse,sounds,GB,archive,D'Arcy,crs
Crisci,Crosse,sounds,IE,archive,D'Arcy,crs
Crisci,Crosse,sounds,IT,archive,Falco,crs
Crisci,CARRESE,sounds,AU,archive,D'Arcy,crs
Crisci,CARRESE,sounds,GB,archive,D'Arcy,crs
Crisci,CARRESE,sounds,IE,archive,D'Arcy,crs
Crisci,CARRESE,sounds,IT,archive,Falco,crs
Crisci,CORCIA,sounds,AU,archive,D'Arcy,crs
Crisci,CORCIA,sounds,GB,archive,D'Arcy,crs
Crisci,CORCIA,sounds,IE,archive,D'Arcy,crs
Crisci,CORCIA,sounds,IT,archive,Falco,crs
Crisci,CORSI,sounds,AU,archive,D'Arcy,crs
Crisci,CORSI,sounds,GB,archive,D'Arcy,crs
Crisci,CORSI,sounds,IE,archive,D'Arcy,crs
Crisci,CORSI,sounds,IT,archive,Falco,crs
Crisci,CORREAS,sounds,AU,archive,D'Arcy,crs
Crisci,CORREAS,sounds,GB,archive,D'Arcy,crs
Crisci,CORREAS,sounds,IE,archive,D'Arcy,crs
Crisci,CORREAS,sounds,IT,archive,Falco,crs
CRISPO,,,IT,archive,Falco,crsp
Cristi,Cristy,curated,,,,crst
Cristi,Christy,sounds,,,,crst
Cristobal,Christov,curated,,,,crstbl
Cristobal,Kristof,curated,,,,crstbl
Cristofani,Fani,curated,,,,crstfn
Cristy,Cristi,curated,,,,crst
Cristy,Christy,sounds,,,,crst
Crnković,,,HR,archive,Blažević,crnkvc
Croce,Cruz,curated,IT,archive,Falco,crs
Croce,Cross,curated,IT,archive,Falco,crs
Croce,Cruse,sounds,IT,archive,Falco,crs
Croce,Crus,sounds,IT,archive,Falco,crs
Croce,Crosse,sounds,IT,archive,Falco,crs
Croce,Crisci,sounds,IT,archive,Falco,crs
Croce,CARRESE,sounds,IT,archive,Falco,crs
Croce,CORCIA,sounds,IT,archive,Falco,crs
Croce,CORSI,sounds,IT,archive,Falco,crs
Croce,CORREAS,sounds,IT,archive,Falco,crs
Crosier,Crozier,curated,,,,crsr
Crosley,Crossley,curated,,,,crsl
Cross,Croce,curated,,,,crs
Cross,Crosse,curated,,,,crs
Cross,Cruse,sounds,,,,crs
Cross,Crus,sounds,,,,crs
Cross,Crisci,sounds,,,,crs
Cross,CARRESE,sounds,,,,crs
Cross,CORCIA,sounds,,,,crs
Cross,CORSI,sounds,,,,crs
Cross,CORREAS,sounds,,,,crs
Crosse,Cross,curated,,,,crs
Crosse,Croce,sounds,,,,crs
Crosse,Cruse,sounds,,,,crs
Crosse,Crus,sounds,,,,crs
Crosse,Crisci,sounds,,,,crs
Crosse,CARRESE,sounds,,,,crs
Crosse,CORCIA,sounds,,,,crs
Crosse,CORSI,sounds,,,,crs
Crosse,CORREAS,sounds,,,,crs
Crossley,Crosley,curated,,,,crsl
Crozier,Crosier,curated,,,,crzr
Crus,Cruz,curated,,,,crs
Crus,Croce,sounds,,,,crs
Crus,Cruse,sounds,,,,crs
Crus,Cross,sounds,,,,crs
Crus,Crosse,sounds,,,,crs
Crus,Crisci,sounds,,,,crs
Crus,CARRESE,sounds,,,,crs
Crus,CORCIA,sounds,,,,crs
Crus,CORSI,sounds,,,,crs
Crus,CORREAS,sounds,,,,crs
Cruse,Kraus,curated,,,,crs
Cruse,Croce,sounds,,,,crs
Cruse,Crus,sounds,,,,crs
Cruse,Cross,sounds,,,,crs
Cruse,Crosse,sounds,,,,crs
Cruse,Crisci,sounds,,,,crs
Cruse,CARRESE,sounds,,,,crs
Cruse,CORCIA,sounds,,,,crs
Cruse,CORSI,sounds,,,,crs
Cruse,CORREAS,sounds,,,,crs
Cruz,Croce,curated,,,,crz
Cruz,Cruze,curated,,,,crz
Cruz,Crus,curated,,,,crz
Cruze,Cruz,curated,,,,crz
Cryer,Crier,curated,,,,crr
Cryer,CARRIERE,sounds,,,,crr
Cryer,CARRIERO,sounds,,,,crr
Cryer,CORRORA,sounds,,,,crr
Csillag,Stern,curated,,,,cslg
Cuffy,Kofi,curated,,,,cf
Cuffy,Cuif,sounds,,,,cf
Cuif,Keefe,curated,,,,cf
Cuif,Cuffy,sounds,,,,cf
Cuijpers,Cuypers,curated,,,,cprs
Cuijpers,CAPARCHIA,sounds,,,,cprs
Cullimore,Collymore,curated,,,,clmr
Cullinan,Cullinane,curated,,,,clnn
Cullinane,Cullinan,curated,,,,clnn
Culpeper,Culpepper,curated,,,,clppr
Culpepper,Culpeper,curated,,,,clppr
Culvahouse,Culverhouse,curated,,,,clvhs
Culverhouse,Culvahouse,curated,,,,clvrhs
Cupo,CAPO,sounds,AU,archive,Mazza,cp
Cupo,CAPO,sounds,IT,archive,Mazza,cp
Cupo,CAPO,sounds,US,archive,Mazza,cp
Cupo,COPA,sounds,AU,archive,Mazza,cp
Cupo,COPA,sounds,IT,archive,Mazza,cp
Cupo,COPA,sounds,US,archive,Mazza,cp
Cupo,COPPA,sounds,AU,archive,Mazza,cp
Cupo,COPPA,sounds,IT,archive,Mazza,cp
Cupo,COPPA,sounds,US,archive,Mazza,cp
Cupo,COPPI,sounds,AU,archive,Mazza,cp
Cupo,COPPI,sounds,IT,archive,Mazza,cp
Cupo,COPPI,sounds,US,archive,Mazza,cp
Cupo,Čop,sounds,AU,archive,Mazza,cp
Cupo,Čop,sounds,IT,archive,Mazza,cp
Cupo,Čop,sounds,US,archive,Mazza,cp
Curcuruto Mazza,,,AU,archive,Mazza,crcrt mz
Curcuruto Mazza,,,IT,archive,Mazza,crcrt mz
Curcuruto Mazza,,,US,archive,Mazza,crcrt mz
Currey,Curry,curated,,,,cr
Currey,Car,sounds,,,,cr
Currey,Carr,sounds,,,,cr
Currey,Corrie,sounds,,,,cr
Curry,Corrie,curated,,,,cr
Curry,Currey,curated,,,,cr
Curry,Car,sounds,,,,cr
Curry,Carr,sounds,,,,cr
Curtius,Korte,curated,,,,crts
Cussins,Cozens,curated,,,,csns
Cuypers,Kuyper,curated,,,,cprs
Cuypers,Kuypers,curated,,,,cprs
Cuypers,Cuijpers,curated,,,,cprs
Cuypers,CAPARCHIA,sounds,,,,cprs
Cuznețov,Kuznetsov,curated,,,,czntv
Czajkowski,Tchaikovsky,curated,,,,ckvsk
Czajkowski,Chaikivskyi,curated,,,,ckvsk
Czajkowski,Chaikovskyi,curated,,,,ckvsk
Czajkowski,Čajkovski,curated,,,,ckvsk
Czajkowski,Ceaikovski,curated,,,,ckvsk
Czerniak,Cherniak,curated,,,,srnk
Czernin,Chernin,curated,,,,srnn
Czernin,SARNONE,sounds,,,,srnn
D' AMBROSIO,,,IT,archive,Falco,d mbrs
d' Oliveira,Oliveira,curated,,,,d lvr
D' ONOFRIO,,,IT,archive,Falco,d nfr
D'ABENNA,,,IT,archive,Falco,dbn
D'ADDIO,D'AUDA,sounds,IT,archive,Falco,dd
D'ADDIO,DADDIO,sounds,IT,archive,Falco,dd
D'ADDIO,DADDO,sounds,IT,archive,Falco,dd
D'ADDIO,DE ADDIO,sounds,IT,archive,Falco,dd
D'ADDIO,DEAD,sounds,IT,archive,Falco,dd
D'AIELLO,Dale,sounds,IT,archive,Falco,dl
D'AIELLO,Dal,sounds,IT,archive,Falco,dl
D'AIELLO,Djaló,sounds,IT,archive,Falco,dl
D'AIELLO,D'ELIA,sounds,IT,archive,Falco,dl
D'AIELLO,DELLA,sounds,IT,archive,Falco,dl
D'AIELLO,Dileo,sounds,IT,archive,Falco,dl
D'ALDO,DE LAUDO,sounds,IT,archive,Falco,dld
D'ALESSIO,di Lucia,sounds,IT,archive,Falco,dls
D'ALESSIO,De Lucia,sounds,IT,archive,Falco,dls
D'AMBROGIO,,,IT,archive,Falco,dmbr
d'Ambrosio,,,IT,archive,Falco,dmbrs
D'AMELIO,,,IT,archive,Falco,dml
D'AMORA,DI MARIA,sounds,IT,archive,Falco,dmr
D'ANDRETTA,,,IT,archive,Falco,dndrt
D'ANGELO,D'ANIELLO,sounds,IT,archive,Falco,dnl
D'ANIELLO,D'ANGELO,sounds,IT,archive,Falco,dnl
D'ANTONIO,,,IT,archive,Falco,dntn
D'ANZO,DI NUZZO,sounds,IT,archive,Falco,dnz
D'ARCO,D'Arcy,sounds,IT,archive,Falco,drc
D'ARCO,Darcy,sounds,IT,archive,Falco,drc
D'Arcy,D'ARCO,sounds,AU,archive,D'Arcy; Mazza,drc
D'Arcy,D'ARCO,sounds,GB,archive,D'Arcy,drc
D'Arcy,D'ARCO,sounds,IE,archive,D'Arcy,drc
D'Arcy,D'ARCO,sounds,IT,archive,Falco; Mazza,drc
D'Arcy,D'ARCO,sounds,US,archive,Mazza,drc
D'Arcy,Darcy,sounds,AU,archive,D'Arcy; Mazza,drc
D'Arcy,Darcy,sounds,GB,archive,D'Arcy,drc
D'Arcy,Darcy,sounds,IE,archive,D'Arcy,drc
D'Arcy,Darcy,sounds,IT,archive,Falco; Mazza,drc
D'Arcy,Darcy,sounds,US,archive,Mazza,drc
"D'arcy, Lord Conyers",,,AU,archive,D'Arcy,drc lrd 
"D'arcy, Lord Conyers",,,GB,archive,D'Arcy,drc lrd 
"D'arcy, Lord Conyers",,,IE,archive,D'Arcy,drc lrd 
D'ARGENIO,Duran,sounds,IT,archive,Falco,drn
D'ARGENIO,DORINO,sounds,IT,archive,Falco,drn
D'ARGO,DI RAGO,sounds,IT,archive,Falco,drg
D'ARGO,DI RIGO,sounds,IT,archive,Falco,drg
D'ARGO,DI RUGGIO,sounds,IT,archive,Falco,drg
D'ARGO,DI RUGO,sounds,IT,archive,Falco,drg
D'ARIENZO,D'ORONZO,sounds,IT,archive,Falco,drnz
D'ARPAIA,,,IT,archive,Falco,drp
D'Ascoli,,,AU,archive,Mazza,dscl
D'Ascoli,,,IT,archive,Mazza,dscl
D'Ascoli,,,US,archive,Mazza,dscl
D'ASPREMONTE,,,IT,archive,Falco,dsprmnt
D'ATTINZO,,,IT,archive,Falco,dtnz
D'AUDA,D'ADDIO,sounds,IT,archive,Falco,dd
D'AUDA,DADDIO,sounds,IT,archive,Falco,dd
D'AUDA,DADDO,sounds,IT,archive,Falco,dd
D'AUDA,DE ADDIO,sounds,IT,archive,Falco,dd
D'AUDA,DEAD,sounds,IT,archive,Falco,dd
D'AVETA,De Witt,sounds,IT,archive,Falco,dvt
D'AVETA,De Wit,sounds,IT,archive,Falco,dvt
D'AVETA,DeVito,sounds,IT,archive,Falco,dvt
D'AVETA,Dewit,sounds,IT,archive,Falco,dvt
D'ELBONE,,,IT,archive,Falco,dlbn
D'ELIA,Dale,sounds,IT,archive,Falco,dl
D'ELIA,Dal,sounds,IT,archive,Falco,dl
D'ELIA,Djaló,sounds,IT,archive,Falco,dl
D'ELIA,D'AIELLO,sounds,IT,archive,Falco,dl
D'ELIA,DELLA,sounds,IT,archive,Falco,dl
D'ELIA,Dileo,sounds,IT,archive,Falco,dl
D'ESPOSITO,,,IT,archive,Falco,dspst
D'Iglio,DI GIGLIO,sounds,IT,archive,Falco,dgl
D'Iglio,DIGLIO,sounds,IT,archive,Falco,dgl
D'Iglio,DOGLIO,sounds,IT,archive,Falco,dgl
D'ILARIO,,,IT,archive,Falco,dlr
D'IORIO,de Rey,sounds,IT,archive,Falco,dr
D'IORIO,de Araújo,sounds,IT,archive,Falco,dr
D'IORIO,Dröge,sounds,IT,archive,Falco,dr
D'IORIO,Dürr,sounds,IT,archive,Falco,dr
D'IORIO,Dörr,sounds,IT,archive,Falco,dr
D'IORIO,Duerr,sounds,IT,archive,Falco,dr
D'IORIO,Dürre,sounds,IT,archive,Falco,dr
D'IORIO,De Roo,sounds,IT,archive,Falco,dr
D'IORIO,D'ORO,sounds,IT,archive,Falco,dr
D'IORIO,DE RUGHI,sounds,IT,archive,Falco,dr
D'IORIO,DI RE,sounds,IT,archive,Falco,dr
D'IPOLLITO,,,IT,archive,Falco,dplt
D'ISCHIA,Dias,sounds,IT,archive,Falco,ds
D'ISCHIA,D'OSSIO,sounds,IT,archive,Falco,ds
D'ISTERIA,Doster,sounds,IT,archive,Falco,dstr
D'Oliveira,Oliveira,curated,,,,dlvr
D'Oliveira,de Oliveira,sounds,,,,dlvr
D'ONOFRIO,,,IT,archive,Falco,dnfr
D'ORO,de Rey,sounds,IT,archive,Falco,dr
D'ORO,de Araújo,sounds,IT,archive,Falco,dr
D'ORO,Dröge,sounds,IT,archive,Falco,dr
D'ORO,Dürr,sounds,IT,archive,Falco,dr
D'ORO,Dörr,sounds,IT,archive,Falco,dr
D'ORO,Duerr,sounds,IT,archive,Falco,dr
D'ORO,Dürre,sounds,IT,archive,Falco,dr
D'ORO,De Roo,sounds,IT,archive,Falco,dr
D'ORO,D'IORIO,sounds,IT,archive,Falco,dr
D'ORO,DE RUGHI,sounds,IT,archive,Falco,dr
D'ORO,DI RE,sounds,IT,archive,Falco,dr
D'ORONZO,D'ARIENZO,sounds,IT,archive,Falco,drnz
D'OSSIO,Dias,sounds,IT,archive,Falco,ds
D'OSSIO,D'ISCHIA,sounds,IT,archive,Falco,ds
D'OVIDIO,,,IT,archive,Falco,dvd
Daam,Damm,curated,,,,dm
Daam,Dam,sounds,,,,dm
Daam,DI MAJO,sounds,,,,dm
Daam,DI MAYO,sounds,,,,dm
Daam,DI MEO,sounds,,,,dm
Daam,Di Meio,sounds,,,,dm
Dabridgecourt,,,AU,archive,D'Arcy,dbrdcrt
Dabridgecourt,,,GB,archive,D'Arcy,dbrdcrt
Dabridgecourt,,,IE,archive,D'Arcy,dbrdcrt
DABRIDGECOURT of Longdon Hall,,,AU,archive,D'Arcy,dbrdcrt 
DABRIDGECOURT of Longdon Hall,,,GB,archive,D'Arcy,dbrdcrt 
DABRIDGECOURT of Longdon Hall,,,IE,archive,D'Arcy,dbrdcrt 
DADDIO,D'ADDIO,sounds,IT,archive,Falco,dd
DADDIO,D'AUDA,sounds,IT,archive,Falco,dd
DADDIO,DADDO,sounds,IT,archive,Falco,dd
DADDIO,DE ADDIO,sounds,IT,archive,Falco,dd
DADDIO,DEAD,sounds,IT,archive,Falco,dd
DADDO,D'ADDIO,sounds,IT,archive,Falco,dd
DADDO,D'AUDA,sounds,IT,archive,Falco,dd
DADDO,DADDIO,sounds,IT,archive,Falco,dd
DADDO,DE ADDIO,sounds,IT,archive,Falco,dd
DADDO,DEAD,sounds,IT,archive,Falco,dd
DAGLIANO,,,IT,archive,Falco,dgln
Dahl,Dale,curated,,,,dhl
Dahl,Dahle,curated,,,,dhl
Dahl,Dal,curated,,,,dhl
Dahl,Dahll,curated,,,,dhl
Dahle,Dahl,curated,,,,dhl
Dahle,Dahll,sounds,,,,dhl
Dahll,Dahl,curated,,,,dhl
Dahll,Dahle,sounds,,,,dhl
Dahm,Damm,curated,,,,dhm
Dal,Dahl,curated,,,,dl
Dal,Dale,sounds,,,,dl
Dal,Djaló,sounds,,,,dl
Dal,D'AIELLO,sounds,,,,dl
Dal,D'ELIA,sounds,,,,dl
Dal,DELLA,sounds,,,,dl
Dal,Dileo,sounds,,,,dl
Dale,Dahl,curated,,,,dl
Dale,Dal,sounds,,,,dl
Dale,Djaló,sounds,,,,dl
Dale,D'AIELLO,sounds,,,,dl
Dale,D'ELIA,sounds,,,,dl
Dale,DELLA,sounds,,,,dl
Dale,Dileo,sounds,,,,dl
Dam,Damm,curated,,,,dm
Dam,Daam,sounds,,,,dm
Dam,DI MAJO,sounds,,,,dm
Dam,DI MAYO,sounds,,,,dm
Dam,DI MEO,sounds,,,,dm
Dam,Di Meio,sounds,,,,dm
Damen,Damm,curated,,,,dmn
Damen,DOMINO,sounds,,,,dmn
Damm,Dahm,curated,,,,dm
Damm,Dam,curated,,,,dm
Damm,Damen,curated,,,,dm
Damm,Daam,curated,,,,dm
Damm,DI MAJO,sounds,,,,dm
Damm,DI MAYO,sounds,,,,dm
Damm,DI MEO,sounds,,,,dm
Damm,Di Meio,sounds,,,,dm
Dang,Tang,curated,,,,dng
Dang,Deng,curated,,,,dng
Dang,Dong,curated,,,,dng
Dang,De Jong,sounds,,,,dng
Dang,Dương,sounds,,,,dng
Dang,Ding,sounds,,,,dng
Dang,Donoghue,sounds,,,,dng
Danilović,Daniłowicz,curated,,,,dnlvc
Danilović,Danylovych,sounds,,,,dnlvc
Danilović,Danilovich,sounds,,,,dnlvc
Danilovich,Daniłowicz,curated,,,,dnlvc
Danilovich,Danilović,sounds,,,,dnlvc
Danilovich,Danylovych,sounds,,,,dnlvc
Daniłowicz,Danilović,curated,,,,dnlvc
Daniłowicz,Danylovych,curated,,,,dnlvc
Daniłowicz,Danilovich,curated,,,,dnlvc
Danylovych,Daniłowicz,curated,,,,dnlvc
Danylovych,Danilović,sounds,,,,dnlvc
Danylovych,Danilovich,sounds,,,,dnlvc
DARAZ,DI RIZZO,sounds,AR,archive,Lerena,drz
DARAZ,DI RIZZO,sounds,ES,archive,Lerena,drz
DARAZ,DI RIZZO,sounds,UY,archive,Lerena,drz
Darcy,D'Arcy,sounds,AU,archive,D'Arcy,drc
Darcy,D'Arcy,sounds,GB,archive,D'Arcy,drc
Darcy,D'Arcy,sounds,IE,archive,D'Arcy,drc
Darcy,D'ARCO,sounds,AU,archive,D'Arcy,drc
Darcy,D'ARCO,sounds,GB,archive,D'Arcy,drc
Darcy,D'ARCO,sounds,IE,archive,D'Arcy,drc
Darwin,Derwin,curated,,,,drvn
DATO,Dutt,sounds,IT,archive,Falco,dt
DATO,Dutta,sounds,IT,archive,Falco,dt
DATO,Datta,sounds,IT,archive,Falco,dt
DATO,DEATH,sounds,IT,archive,Falco,dt
DATO,DETTO,sounds,IT,archive,Falco,dt
Datta,Dutta,curated,,,,dt
Datta,Dutt,sounds,,,,dt
Datta,DATO,sounds,,,,dt
Datta,DEATH,sounds,,,,dt
Datta,DETTO,sounds,,,,dt
Daubigny,Aubigny,curated,,,,dbgn
DAUTINA,,,IT,archive,Falco,dtn
Davidsen,Davidsson,curated,,,,dvdsn
Davidsen,Davidsohn,curated,,,,dvdsn
Davidsen,Davidson,sounds,,,,dvdsn
Davidsohn,Davidsson,curated,,,,dvdshn
Davidsohn,Davidson,curated,,,,dvdshn
Davidsohn,Davidsen,curated,,,,dvdshn
Davidsohn,Davison,curated,,,,dvdshn
Davidson,Davidsson,curated,,,,dvdsn
Davidson,Davidsohn,curated,,,,dvdsn
Davidson,Davidsen,sounds,,,,dvdsn
Davidsson,Davidsohn,curated,,,,dvdsn
Davidsson,Davidsen,curated,,,,dvdsn
Davidsson,Davidson,curated,,,,dvdsn
Davidsson,Davison,curated,,,,dvdsn
Davies,Davis,curated,,,,dvs
Davies,Daviess,curated,,,,dvs
Davies,De Vos,sounds,,,,dvs
Davies,Devos,sounds,,,,dvs
Daviess,Davies,curated,,,,dvs
Daviess,Davis,sounds,,,,dvs
Daviess,De Vos,sounds,,,,dvs
Daviess,Devos,sounds,,,,dvs
Davis,Davies,curated,,,,dvs
Davis,De Vos,sounds,,,,dvs
Davis,Devos,sounds,,,,dvs
Davis,Daviess,sounds,,,,dvs
Davison,Davidsson,curated,,,,dvsn
Davison,Davidsohn,curated,,,,dvsn
Davison,Dowson,sounds,,,,dvsn
Davison,Dawson,sounds,,,,dvsn
Dawson,Dowson,curated,,,,dvsn
Dawson,Davison,sounds,,,,dvsn
Dayneka,Dayneko,curated,,,,dnk
Dayneka,Deyneka,sounds,,,,dnk
Dayneka,Daynyeka,sounds,,,,dnk
Dayneko,Deyneka,curated,,,,dnk
Dayneko,Daynyeka,curated,,,,dnk
Dayneko,Dayneka,curated,,,,dnk
Daynyeka,Dayneko,curated,,,,dnk
Daynyeka,Deyneka,sounds,,,,dnk
Daynyeka,Dayneka,sounds,,,,dnk
DE ADDIO,D'ADDIO,sounds,IT,archive,Falco,dd
DE ADDIO,D'AUDA,sounds,IT,archive,Falco,dd
DE ADDIO,DADDIO,sounds,IT,archive,Falco,dd
DE ADDIO,DADDO,sounds,IT,archive,Falco,dd
DE ADDIO,DEAD,sounds,IT,archive,Falco,dd
DE AMORETO,,,IT,archive,Falco,dmrt
DE ANGELIS,DI ANGELIS,sounds,IT,archive,Falco,dnls
de Araújo,Araújo,curated,,,,dr
de Araújo,de Rey,sounds,,,,dr
de Araújo,Dröge,sounds,,,,dr
de Araújo,Dürr,sounds,,,,dr
de Araújo,Dörr,sounds,,,,dr
de Araújo,Duerr,sounds,,,,dr
de Araújo,Dürre,sounds,,,,dr
de Araújo,De Roo,sounds,,,,dr
de Araújo,D'IORIO,sounds,,,,dr
de Araújo,D'ORO,sounds,,,,dr
de Araújo,DE RUGHI,sounds,,,,dr
de Araújo,DI RE,sounds,,,,dr
de Beaumont,,,AU,archive,D'Arcy,dbmnt
de Beaumont,,,GB,archive,D'Arcy,dbmnt
de Beaumont,,,IE,archive,D'Arcy,dbmnt
de Beer,Beer,curated,,,,dbr
de Beer,Debré,sounds,,,,dbr
de Beer,Debray,sounds,,,,dbr
de Beer,DI BARI,sounds,,,,dbr
DE BIANCO,,,IT,archive,Falco,dbnc
DE BIASE,Dubois,sounds,IT,archive,Falco,dbs
DE BIASE,DI BIASE,sounds,IT,archive,Falco,dbs
De Bock,Bock,curated,,,,dbk
De Bruijn,De Bruin,curated,,,,dbrn
De Bruijn,Debruijn,curated,,,,dbrn
De Bruijn,De Bruyn,sounds,,,,dbrn
De Bruijn,De Bruyne,sounds,,,,dbrn
De Bruin,De Bruijn,curated,,,,dbrn
De Bruin,De Bruyn,curated,,,,dbrn
De Bruin,De Bruyne,curated,,,,dbrn
De Bruin,Debruijn,sounds,,,,dbrn
De Bruyn,De Bruin,curated,,,,dbrn
De Bruyn,Bruun,curated,,,,dbrn
De Bruyn,Brown,curated,,,,dbrn
De Bruyn,Brun,curated,,,,dbrn
De Bruyn,Bruijn,curated,,,,dbrn
De Bruyn,Bruhn,curated,,,,dbrn
De Bruyn,Bruns,curated,,,,dbrn
De Bruyn,De Bruijn,sounds,,,,dbrn
De Bruyn,Debruijn,sounds,,,,dbrn
De Bruyn,De Bruyne,sounds,,,,dbrn
De Bruyne,De Bruin,curated,,,,dbrn
De Bruyne,De Bruijn,sounds,,,,dbrn
De Bruyne,Debruijn,sounds,,,,dbrn
De Bruyne,De Bruyn,sounds,,,,dbrn
DE CAPUA,,,IT,archive,Falco,dcp
DE CESARE,DI CESARE,sounds,IT,archive,Falco,dssr
de Coninck-Smith,Smith,curated,,,,dcnnksmt
DE CRISCI,,,IT,archive,Falco,dcrs
DE FALCO,,,IT,archive,Falco,dflc
DE FELICE,DI FELICE,sounds,IT,archive,Falco,dfls
DE FERRARA,,,IT,archive,Falco,dfrr
DE FUSCO,,,IT,archive,Falco,dfsc
de Graaf,Graaf,curated,,,,dgrf
de Graaf,Degraaf,curated,,,,dgrf
de Graaf,de Grave,curated,,,,dgrf
de Grave,de Graaf,curated,,,,dgrv
De Groot,De Groote,curated,,,,dgrt
De Groot,Groot,curated,,,,dgrt
De Groot,de Groote,curated,,,,dgrt
De Groote,De Groot,curated,,,,dgrt
De Haas,Haas,curated,,,,dhs
De Jong,Dong,sounds,,,,dng
De Jong,Dương,sounds,,,,dng
De Jong,Ding,sounds,,,,dng
De Jong,Dang,sounds,,,,dng
De Jong,Deng,sounds,,,,dng
De Jong,Donoghue,sounds,,,,dng
De Kok,Dekok,curated,,,,dkk
De Kok,DeKok,curated,,,,dkk
de Korte,Korte,curated,,,,dkrt
de Korte,Dickert,sounds,,,,dkrt
De Lange,Delange,curated,,,,dln
DE LAUDO,D'ALDO,sounds,IT,archive,Falco,dld
DE LORENZO,DI LORENZO,sounds,IT,archive,Falco,dlrnz
DE LORENZO,Delorenzo,sounds,IT,archive,Falco,dlrnz
De Lucia,di Lucia,sounds,IT,archive,Falco,dls
De Lucia,D'ALESSIO,sounds,IT,archive,Falco,dls
DE MARTINO,DI MARTINO,sounds,IT,archive,Falco,dmrtn
DE MARTINO,DI MARTONE,sounds,IT,archive,Falco,dmrtn
DE MUSSO,,,IT,archive,Falco,dms
DE NAPOLI,,,IT,archive,Falco,dnpl
de Oliveira,Oliveira,curated,,,,dlvr
de Oliveira,D'Oliveira,sounds,,,,dlvr
de Rey,Rey,curated,,,,dr
de Rey,de Araújo,sounds,,,,dr
de Rey,Dröge,sounds,,,,dr
de Rey,Dürr,sounds,,,,dr
de Rey,Dörr,sounds,,,,dr
de Rey,Duerr,sounds,,,,dr
de Rey,Dürre,sounds,,,,dr
de Rey,De Roo,sounds,,,,dr
de Rey,D'IORIO,sounds,,,,dr
de Rey,D'ORO,sounds,,,,dr
de Rey,DE RUGHI,sounds,,,,dr
de Rey,DI RE,sounds,,,,dr
De Roo,de Rey,sounds,IT,archive,Falco,dr
De Roo,de Araújo,sounds,IT,archive,Falco,dr
De Roo,Dröge,sounds,IT,archive,Falco,dr
De Roo,Dürr,sounds,IT,archive,Falco,dr
De Roo,Dörr,sounds,IT,archive,Falco,dr
De Roo,Duerr,sounds,IT,archive,Falco,dr
De Roo,Dürre,sounds,IT,archive,Falco,dr
De Roo,D'IORIO,sounds,IT,archive,Falco,dr
De Roo,D'ORO,sounds,IT,archive,Falco,dr
De Roo,DE RUGHI,sounds,IT,archive,Falco,dr
De Roo,DI RE,sounds,IT,archive,Falco,dr
DE ROSA,DeRosa,sounds,IT,archive,Falco,drs
DE ROSA,DE ROSSI,sounds,IT,archive,Falco,drs
DE ROSA,DE' ROSA,sounds,IT,archive,Falco,drs
DE ROSA,DI RUSSO,sounds,IT,archive,Falco,drs
DE ROSSI,DeRosa,sounds,IT,archive,Falco,drs
DE ROSSI,DE ROSA,sounds,IT,archive,Falco,drs
DE ROSSI,DE' ROSA,sounds,IT,archive,Falco,drs
DE ROSSI,DI RUSSO,sounds,IT,archive,Falco,drs
DE RUGGIERO,,,IT,archive,Falco,drgr
DE RUGHI,de Rey,sounds,IT,archive,Falco,dr
DE RUGHI,de Araújo,sounds,IT,archive,Falco,dr
DE RUGHI,Dröge,sounds,IT,archive,Falco,dr
DE RUGHI,Dürr,sounds,IT,archive,Falco,dr
DE RUGHI,Dörr,sounds,IT,archive,Falco,dr
DE RUGHI,Duerr,sounds,IT,archive,Falco,dr
DE RUGHI,Dürre,sounds,IT,archive,Falco,dr
DE RUGHI,De Roo,sounds,IT,archive,Falco,dr
DE RUGHI,D'IORIO,sounds,IT,archive,Falco,dr
DE RUGHI,D'ORO,sounds,IT,archive,Falco,dr
DE RUGHI,DI RE,sounds,IT,archive,Falco,dr
DE SORTELLA,DI SORTELLA,sounds,IT,archive,Falco,dsrtl
De Vos,Vos,curated,,,,dvs
De Vos,Devos,curated,,,,dvs
De Vos,Davis,sounds,,,,dvs
De Vos,Davies,sounds,,,,dvs
De Vos,Daviess,sounds,,,,dvs
De Vries,Vries,curated,,,,dvrs
De Vries,Devries,curated,,,,dvrs
De Vries,DeVries,curated,,,,dvrs
De Wit,De Witt,curated,,,,dvt
De Wit,Dewit,curated,,,,dvt
De Wit,White,curated,,,,dvt
De Wit,DeVito,sounds,,,,dvt
De Wit,D'AVETA,sounds,,,,dvt
De Witt,De Wit,curated,,,,dvt
De Witt,DeVito,sounds,,,,dvt
De Witt,Dewit,sounds,,,,dvt
De Witt,D'AVETA,sounds,,,,dvt
DE' DUPLICI,,,IT,archive,Falco,ddpls
DE' NASPIS,,,IT,archive,Falco,dnsps
DE' ROSA,DeRosa,sounds,IT,archive,Falco,drs
DE' ROSA,DE ROSA,sounds,IT,archive,Falco,drs
DE' ROSA,DE ROSSI,sounds,IT,archive,Falco,drs
DE' ROSA,DI RUSSO,sounds,IT,archive,Falco,drs
DE' TELLINI,,,IT,archive,Falco,dtln
DEAD,D'ADDIO,sounds,IT,archive,Falco,dd
DEAD,D'AUDA,sounds,IT,archive,Falco,dd
DEAD,DADDIO,sounds,IT,archive,Falco,dd
DEAD,DADDO,sounds,IT,archive,Falco,dd
DEAD,DE ADDIO,sounds,IT,archive,Falco,dd
Dean,Doyen,curated,,,,dn
Dean,Deane,curated,,,,dn
Dean,Deans,curated,,,,dn
Dean,Doan,sounds,,,,dn
Dean,Duan,sounds,,,,dn
Dean,DIENA,sounds,,,,dn
Deane,Dean,curated,,,,dn
Deane,Doyen,sounds,,,,dn
Deane,Doan,sounds,,,,dn
Deane,Duan,sounds,,,,dn
Deane,DIENA,sounds,,,,dn
Deans,Dean,curated,,,,dns
Deans,DI NESIO,sounds,,,,dns
Deans,DI NISIO,sounds,,,,dns
DEATH,Dutt,sounds,IT,archive,Falco,dt
DEATH,Dutta,sounds,IT,archive,Falco,dt
DEATH,Datta,sounds,IT,archive,Falco,dt
DEATH,DATO,sounds,IT,archive,Falco,dt
DEATH,DETTO,sounds,IT,archive,Falco,dt
Debray,Debré,curated,,,,dbr
Debray,de Beer,sounds,,,,dbr
Debray,DI BARI,sounds,,,,dbr
Debré,Debray,curated,,,,dbr
Debré,de Beer,sounds,,,,dbr
Debré,DI BARI,sounds,,,,dbr
Debruijn,De Bruijn,curated,,,,dbrn
Debruijn,De Bruin,sounds,,,,dbrn
Debruijn,De Bruyn,sounds,,,,dbrn
Debruijn,De Bruyne,sounds,,,,dbrn
Decker,Dicker,curated,,,,dkr
Decker,Dikkers,curated,,,,dkr
Decker,Dekker,sounds,,,,dkr
Defranceski,,,AU,archive,Mazza,dfrnssk
Defranceski,,,IT,archive,Falco; Mazza,dfrnssk
Defranceski,,,US,archive,Mazza,dfrnssk
Degraaf,de Graaf,curated,,,,dgrf
Deitch,Deutsch,curated,,,,dtc
Deitch,Deutch,sounds,,,,dtc
Deitsch,Deutsch,curated,,,,dts
Deitsch,Dietsch,sounds,,,,dts
Dekker,Dekkers,curated,,,,dkr
Dekker,Dicker,sounds,,,,dkr
Dekker,Decker,sounds,,,,dkr
Dekkers,Dekker,curated,,,,dkrs
Dekkers,Dikkers,sounds,,,,dkrs
Dekok,De Kok,curated,,,,dkk
DEL BAGLIVO,,,IT,archive,Falco,dl bglv
DEL BASILIO,,,IT,archive,Falco,dl bsl
DEL BENE,,,IT,archive,Falco,dl bn
DEL DUCA,,,IT,archive,Falco,dl dc
DEL GIUDICE,,,IT,archive,Falco,dl ds
DEL LAGO,,,IT,archive,Falco,dl lg
DEL MIGLIORE,,,IT,archive,Falco,dl mglr
DEL PADRINO,,,IT,archive,Falco,dl pdrn
DEL PRETE,,,IT,archive,Falco,dl prt
DEL VECCHIO,DELLA VECCHIA,sounds,IT,archive,Falco,dl vcs
Delač,,,HR,archive,Blažević,dlc
Delange,De Lange,curated,,,,dln
DELETTO,DILETTI,sounds,IT,archive,Falco,dlt
DELETTO,DILETTO,sounds,IT,archive,Falco,dlt
DELL'ACQUA,,,IT,archive,Falco,dlck
DELL'OROLOGIO,,,IT,archive,Falco,dlrl
DELL'OSPEDALE,,,IT,archive,Falco,dlspdl
DELLA,Dale,sounds,IT,archive,Falco,dl
DELLA,Dal,sounds,IT,archive,Falco,dl
DELLA,Djaló,sounds,IT,archive,Falco,dl
DELLA,D'AIELLO,sounds,IT,archive,Falco,dl
DELLA,D'ELIA,sounds,IT,archive,Falco,dl
DELLA,Dileo,sounds,IT,archive,Falco,dl
DELLA CAVA,,,IT,archive,Falco,dl cv
DELLA CHIESA,,,IT,archive,Falco,dl ss
DELLA MA,,,IT,archive,Falco,dl m
DELLA MOCCA,,,IT,archive,Falco,dl mc
DELLA MORTE,,,IT,archive,Falco,dl mrt
DELLA PEPPA,,,IT,archive,Falco,dl pp
DELLA SELVA,DELLA SILVA,sounds,IT,archive,Falco,dl slv
DELLA SILVA,DELLA SELVA,sounds,IT,archive,Falco,dl slv
Della Sorca,,,IT,archive,Falco,dl src
DELLA VECCHIA,DEL VECCHIO,sounds,IT,archive,Falco,dl vcs
DELLA VENTURA,,,IT,archive,Falco,dl vntr
DELLA VITA,,,IT,archive,Falco,dl vt
Delorenzo,DE LORENZO,sounds,AU,archive,Mazza,dlrnz
Delorenzo,DE LORENZO,sounds,IT,archive,Mazza,dlrnz
Delorenzo,DE LORENZO,sounds,US,archive,Mazza,dlrnz
Delorenzo,DI LORENZO,sounds,AU,archive,Mazza,dlrnz
Delorenzo,DI LORENZO,sounds,IT,archive,Mazza,dlrnz
Delorenzo,DI LORENZO,sounds,US,archive,Mazza,dlrnz
Deng,Teng,curated,,,,dng
Deng,Dang,curated,,,,dng
Deng,Tang,curated,,,,dng
Deng,Then,curated,,,,dng
Deng,Đặng,curated,,,,dng
Deng,De Jong,sounds,,,,dng
Deng,Dong,sounds,,,,dng
Deng,Dương,sounds,,,,dng
Deng,Ding,sounds,,,,dng
Deng,Donoghue,sounds,,,,dng
Dennstedt,Tennstedt,curated,,,,dnstdt
DeRosa,Rosa,curated,,,,drs
DeRosa,DE ROSA,sounds,,,,drs
DeRosa,DE ROSSI,sounds,,,,drs
DeRosa,DE' ROSA,sounds,,,,drs
DeRosa,DI RUSSO,sounds,,,,drs
Derwin,Darwin,curated,,,,drvn
Deschamps,Duchamp,curated,,,,dsmps
DESIX,,,IT,archive,Falco,dsks
DETTO,Dutt,sounds,IT,archive,Falco,dt
DETTO,Dutta,sounds,IT,archive,Falco,dt
DETTO,Datta,sounds,IT,archive,Falco,dt
DETTO,DATO,sounds,IT,archive,Falco,dt
DETTO,DEATH,sounds,IT,archive,Falco,dt
Deutch,Deutsch,curated,,,,dtc
Deutch,Deitch,sounds,,,,dtc
Deutsch,Deutschmann,curated,,,,dts
Deutsch,Deitch,curated,,,,dts
Deutsch,Deutch,curated,,,,dts
Deutsch,Deitsch,curated,,,,dts
Deutsch,Deutschman,curated,,,,dts
Deutsch,Deutschmanek,curated,,,,dts
Deutsch,Deutschmannek,curated,,,,dts
Deutsch,Dietsch,sounds,,,,dts
Deutschman,Deutsch,curated,,,,dtsmn
Deutschman,Deutschmann,sounds,,,,dtsmn
Deutschmanek,Deutsch,curated,,,,dtsmnk
Deutschmanek,Deutschmannek,sounds,,,,dtsmnk
Deutschmann,Deutsch,curated,,,,dtsmn
Deutschmann,Deutschman,sounds,,,,dtsmn
Deutschmannek,Deutsch,curated,,,,dtsmnk
Deutschmannek,Deutschmanek,sounds,,,,dtsmnk
Deveraux,Devereaux,curated,,,,dvrks
Deveraux,Devereux,sounds,,,,dvrks
Devereaux,Deveraux,curated,,,,dvrks
Devereaux,Devereux,curated,,,,dvrks
Devereux,Devereaux,curated,,,,dvrks
Devereux,Deveraux,sounds,,,,dvrks
DeVito,Vito,curated,,,,dvt
DeVito,De Witt,sounds,,,,dvt
DeVito,De Wit,sounds,,,,dvt
DeVito,Dewit,sounds,,,,dvt
DeVito,D'AVETA,sounds,,,,dvt
Devos,De Vos,curated,,,,dvs
Devos,Davis,sounds,,,,dvs
Devos,Davies,sounds,,,,dvs
Devos,Daviess,sounds,,,,dvs
Devries,De Vries,curated,,,,dvrs
Dewit,De Wit,curated,,,,dvt
Dewit,De Witt,sounds,,,,dvt
Dewit,DeVito,sounds,,,,dvt
Dewit,D'AVETA,sounds,,,,dvt
Deyneka,Dayneko,curated,,,,dnk
Deyneka,Daynyeka,sounds,,,,dnk
Deyneka,Dayneka,sounds,,,,dnk
DI ANGELIS,DE ANGELIS,sounds,IT,archive,Falco,dnls
DI BAGIO,,,IT,archive,Falco,db
DI BARI,de Beer,sounds,IT,archive,Falco,dbr
DI BARI,Debré,sounds,IT,archive,Falco,dbr
DI BARI,Debray,sounds,IT,archive,Falco,dbr
DI BIASE,Dubois,sounds,IT,archive,Falco,dbs
DI BIASE,DE BIASE,sounds,IT,archive,Falco,dbs
DI BIGLIO,,,IT,archive,Falco,dbgl
DI BIONDO,,,IT,archive,Falco,dbnd
Di Castro,Castro,curated,,,,dcstr
DI CESARE,DE CESARE,sounds,IT,archive,Falco,dssr
DI CESTA,,,IT,archive,Falco,dsst
DI CICCIO,,,IT,archive,Falco,dscs
DI DOMENICO,,,IT,archive,Falco,ddmnc
DI FELICE,DE FELICE,sounds,IT,archive,Falco,dfls
DI FILIPPO,,,IT,archive,Falco,dflp
DI FRANCESCO,,,IT,archive,Falco,dfrnssc
DI GENNARO,,,IT,archive,Falco,dnr
DI GIGLIO,D'Iglio,sounds,IT,archive,Falco,dgl
DI GIGLIO,DIGLIO,sounds,IT,archive,Falco,dgl
DI GIGLIO,DOGLIO,sounds,IT,archive,Falco,dgl
di Guida,Guido,curated,IT,archive,Falco,dgd
di Guida,GUIDO,curated,IT,archive,Falco,dgd
DI LANDA,,,IT,archive,Falco,dlnd
DI LAUZO,DI LUZO,sounds,IT,archive,Falco,dlz
DI LELLI,DI LILLO,sounds,IT,archive,Falco,dll
DI LILLO,DI LELLI,sounds,IT,archive,Falco,dll
DI LIPPO,DI LUPO,sounds,IT,archive,Falco,dlp
DI LITERO,,,IT,archive,Falco,dltr
DI LORENZO,DE LORENZO,sounds,IT,archive,Falco,dlrnz
DI LORENZO,Delorenzo,sounds,IT,archive,Falco,dlrnz
di Lucia,De Lucia,sounds,AU,archive,D'Arcy,dls
di Lucia,De Lucia,sounds,GB,archive,D'Arcy,dls
di Lucia,De Lucia,sounds,IE,archive,D'Arcy,dls
di Lucia,De Lucia,sounds,IT,archive,Falco,dls
di Lucia,D'ALESSIO,sounds,AU,archive,D'Arcy,dls
di Lucia,D'ALESSIO,sounds,GB,archive,D'Arcy,dls
di Lucia,D'ALESSIO,sounds,IE,archive,D'Arcy,dls
di Lucia,D'ALESSIO,sounds,IT,archive,Falco,dls
DI LUGO,,,IT,archive,Falco,dlg
DI LUPO,DI LIPPO,sounds,IT,archive,Falco,dlp
DI LUZO,DI LAUZO,sounds,IT,archive,Falco,dlz
DI MAGO,,,IT,archive,Falco,dmg
DI MAJO,Damm,sounds,IT,archive,Falco,dm
DI MAJO,Dam,sounds,IT,archive,Falco,dm
DI MAJO,Daam,sounds,IT,archive,Falco,dm
DI MAJO,DI MAYO,sounds,IT,archive,Falco,dm
DI MAJO,DI MEO,sounds,IT,archive,Falco,dm
DI MAJO,Di Meio,sounds,IT,archive,Falco,dm
DI MARIA,D'AMORA,sounds,IT,archive,Falco,dmr
DI MARTINO,DE MARTINO,sounds,IT,archive,Falco,dmrtn
DI MARTINO,DI MARTONE,sounds,IT,archive,Falco,dmrtn
DI MARTONE,DE MARTINO,sounds,IT,archive,Falco,dmrtn
DI MARTONE,DI MARTINO,sounds,IT,archive,Falco,dmrtn
DI MARZO,,,IT,archive,Falco,dmrz
DI MAYO,Damm,sounds,IT,archive,Falco,dm
DI MAYO,Dam,sounds,IT,archive,Falco,dm
DI MAYO,Daam,sounds,IT,archive,Falco,dm
DI MAYO,DI MAJO,sounds,IT,archive,Falco,dm
DI MAYO,DI MEO,sounds,IT,archive,Falco,dm
DI MAYO,Di Meio,sounds,IT,archive,Falco,dm
Di Meio,Damm,sounds,AU,archive,Mazza,dm
Di Meio,Damm,sounds,IT,archive,Mazza,dm
Di Meio,Damm,sounds,US,archive,Mazza,dm
Di Meio,Dam,sounds,AU,archive,Mazza,dm
Di Meio,Dam,sounds,IT,archive,Mazza,dm
Di Meio,Dam,sounds,US,archive,Mazza,dm
Di Meio,Daam,sounds,AU,archive,Mazza,dm
Di Meio,Daam,sounds,IT,archive,Mazza,dm
Di Meio,Daam,sounds,US,archive,Mazza,dm
Di Meio,DI MAJO,sounds,AU,archive,Mazza,dm
Di Meio,DI MAJO,sounds,IT,archive,Mazza,dm
Di Meio,DI MAJO,sounds,US,archive,Mazza,dm
Di Meio,DI MAYO,sounds,AU,archive,Mazza,dm
Di Meio,DI MAYO,sounds,IT,archive,Mazza,dm
Di Meio,DI MAYO,sounds,US,archive,Mazza,dm
Di Meio,DI MEO,sounds,AU,archive,Mazza,dm
Di Meio,DI MEO,sounds,IT,archive,Mazza,dm
Di Meio,DI MEO,sounds,US,archive,Mazza,dm
DI MEO,Damm,sounds,IT,archive,Falco,dm
DI MEO,Dam,sounds,IT,archive,Falco,dm
DI MEO,Daam,sounds,IT,archive,Falco,dm
DI MEO,DI MAJO,sounds,IT,archive,Falco,dm
DI MEO,DI MAYO,sounds,IT,archive,Falco,dm
DI MEO,Di Meio,sounds,IT,archive,Falco,dm
DI MOLISE,,,IT,archive,Falco,dmls
DI NESIO,Deans,sounds,IT,archive,Falco,dns
DI NESIO,DI NISIO,sounds,IT,archive,Falco,dns
DI NICOLA,,,IT,archive,Falco,dncl
DI NISCO,,,IT,archive,Falco,dnsc
DI NISIO,Deans,sounds,IT,archive,Falco,dns
DI NISIO,DI NESIO,sounds,IT,archive,Falco,dns
DI NUNZIO,,,IT,archive,Falco,dnnz
DI NUZZO,D'ANZO,sounds,IT,archive,Falco,dnz
DI PETRI,DI PIETRO,sounds,IT,archive,Falco,dptr
DI PIETRO,DI PETRI,sounds,IT,archive,Falco,dptr
DI PISTILLI,,,IT,archive,Falco,dpstl
DI RAGO,D'ARGO,sounds,IT,archive,Falco,drg
DI RAGO,DI RIGO,sounds,IT,archive,Falco,drg
DI RAGO,DI RUGGIO,sounds,IT,archive,Falco,drg
DI RAGO,DI RUGO,sounds,IT,archive,Falco,drg
DI RE,de Rey,sounds,IT,archive,Falco,dr
DI RE,de Araújo,sounds,IT,archive,Falco,dr
DI RE,Dröge,sounds,IT,archive,Falco,dr
DI RE,Dürr,sounds,IT,archive,Falco,dr
DI RE,Dörr,sounds,IT,archive,Falco,dr
DI RE,Duerr,sounds,IT,archive,Falco,dr
DI RE,Dürre,sounds,IT,archive,Falco,dr
DI RE,De Roo,sounds,IT,archive,Falco,dr
DI RE,D'IORIO,sounds,IT,archive,Falco,dr
DI RE,D'ORO,sounds,IT,archive,Falco,dr
DI RE,DE RUGHI,sounds,IT,archive,Falco,dr
DI RIGO,D'ARGO,sounds,IT,archive,Falco,drg
DI RIGO,DI RAGO,sounds,IT,archive,Falco,drg
DI RIGO,DI RUGGIO,sounds,IT,archive,Falco,drg
DI RIGO,DI RUGO,sounds,IT,archive,Falco,drg
DI RIZZO,DARAZ,sounds,IT,archive,Falco,drz
DI RUGGIO,D'ARGO,sounds,IT,archive,Falco,drg
DI RUGGIO,DI RAGO,sounds,IT,archive,Falco,drg
DI RUGGIO,DI RIGO,sounds,IT,archive,Falco,drg
DI RUGGIO,DI RUGO,sounds,IT,archive,Falco,drg
DI RUGO,D'ARGO,sounds,IT,archive,Falco,drg
DI RUGO,DI RAGO,sounds,IT,archive,Falco,drg
DI RUGO,DI RIGO,sounds,IT,archive,Falco,drg
DI RUGO,DI RUGGIO,sounds,IT,archive,Falco,drg
DI RUSSO,DeRosa,sounds,IT,archive,Falco,drs
DI RUSSO,DE ROSA,sounds,IT,archive,Falco,drs
DI RUSSO,DE ROSSI,sounds,IT,archive,Falco,drs
DI RUSSO,DE' ROSA,sounds,IT,archive,Falco,drs
DI SEBASTIANO,,,IT,archive,Falco,dsbstn
DI SENA,Duchene,sounds,IT,archive,Falco,dsn
DI SENA,Disney,sounds,IT,archive,Falco,dsn
DI SILVA,DI SILVIO,sounds,IT,archive,Falco,dslv
DI SILVIO,DI SILVA,sounds,IT,archive,Falco,dslv
DI SITO,Dost,sounds,IT,archive,Falco,dst
DI SOPRA,,,IT,archive,Falco,dspr
DI SORTELLA,DE SORTELLA,sounds,IT,archive,Falco,dsrtl
DI SOZZO,,,IT,archive,Falco,dsz
DI STEFANO,,,IT,archive,Falco,dstfn
DI VICARIA,,,IT,archive,Falco,dvcr
DI ZERVA,,,IT,archive,Falco,dzrv
Diacov,Dyakov,curated,,,,dcv
Diakiv,Dyakov,curated,,,,dkv
Dias,Diaz,curated,,,,ds
Dias,Díaz,curated,,,,ds
Dias,D'ISCHIA,sounds,,,,ds
Dias,D'OSSIO,sounds,,,,ds
Diaz,Dias,curated,,,,dz
Diaz,Diez,curated,,,,dz
Diaz,Diz,sounds,,,,dz
Dick,Dickel,curated,,,,dk
Dick,Dicke,sounds,,,,dk
Dick,Dock,sounds,,,,dk
Dicke,Dickel,curated,,,,dk
Dicke,Dick,sounds,,,,dk
Dicke,Dock,sounds,,,,dk
Dickel,Dick,curated,,,,dkl
Dickel,Dicker,curated,,,,dkl
Dickel,Dicke,curated,,,,dkl
Dickel,Dickert,curated,,,,dkl
Dickel,Dickele,curated,,,,dkl
Dickele,Dickel,curated,,,,dkl
Dicker,Dickel,curated,,,,dkr
Dicker,Decker,curated,,,,dkr
Dicker,Dekker,sounds,,,,dkr
Dickert,Dickel,curated,,,,dkrt
Dickert,de Korte,sounds,,,,dkrt
Dickson,Dixon,curated,,,,dksn
Didier,Dieter,curated,,,,ddr
Didier,Dietrich,curated,,,,ddr
Didier,Thierry,curated,,,,ddr
Didier,Disdier,curated,,,,ddr
Diego,Jacob,curated,,,,dg
Diego,Jakob,curated,,,,dg
Diego,Doug,sounds,,,,dg
DIENA,Doyen,sounds,IT,archive,Falco,dn
DIENA,Dean,sounds,IT,archive,Falco,dn
DIENA,Deane,sounds,IT,archive,Falco,dn
DIENA,Doan,sounds,IT,archive,Falco,dn
DIENA,Duan,sounds,IT,archive,Falco,dn
Dieter,Terry,curated,,,,dtr
Dieter,Didier,curated,,,,dtr
Dieter,DOTTORE,sounds,,,,dtr
Dietrich,Dietz,curated,,,,dtrc
Dietrich,Terry,curated,,,,dtrc
Dietrich,Didier,curated,,,,dtrc
Dietsch,Dietz,curated,,,,dts
Dietsch,Deutsch,sounds,,,,dts
Dietsch,Deitsch,sounds,,,,dts
Dietz,Dietsch,curated,,,,dtz
Dietz,Diez,curated,,,,dtz
Dietz,Dietrich,curated,,,,dtz
Dietz,Tietze,curated,,,,dtz
Dietz,Dietzel,curated,,,,dtz
Dietz,Dietze,curated,,,,dtz
Dietz,Tietz,curated,,,,dtz
Dietz,Diz,curated,,,,dtz
Dietz,Ditz,curated,,,,dtz
Dietz,Titze,curated,,,,dtz
Dietz,Titz,curated,,,,dtz
Dietz,Dizel,curated,,,,dtz
Dietz,Thietz,curated,,,,dtz
Dietze,Dietz,curated,,,,dtz
Dietze,Ditz,sounds,,,,dtz
Dietzel,Dietz,curated,,,,dtzl
Diez,Diaz,curated,,,,dz
Diez,Dietz,curated,,,,dz
Diez,Diz,sounds,,,,dz
DIGLI[ARD]O,,,IT,archive,Falco,dglrd
DIGLIO,D'Iglio,sounds,IT,archive,Falco,dgl
DIGLIO,DI GIGLIO,sounds,IT,archive,Falco,dgl
DIGLIO,DOGLIO,sounds,IT,archive,Falco,dgl
Dikkers,Decker,curated,,,,dkrs
Dikkers,Dekkers,sounds,,,,dkrs
Dileo,Dale,sounds,AU,archive,Mazza,dl
Dileo,Dale,sounds,IT,archive,Mazza,dl
Dileo,Dale,sounds,US,archive,Mazza,dl
Dileo,Dal,sounds,AU,archive,Mazza,dl
Dileo,Dal,sounds,IT,archive,Mazza,dl
Dileo,Dal,sounds,US,archive,Mazza,dl
Dileo,Djaló,sounds,AU,archive,Mazza,dl
Dileo,Djaló,sounds,IT,archive,Mazza,dl
Dileo,Djaló,sounds,US,archive,Mazza,dl
Dileo,D'AIELLO,sounds,AU,archive,Mazza,dl
Dileo,D'AIELLO,sounds,IT,archive,Mazza,dl
Dileo,D'AIELLO,sounds,US,archive,Mazza,dl
Dileo,D'ELIA,sounds,AU,archive,Mazza,dl
Dileo,D'ELIA,sounds,IT,archive,Mazza,dl
Dileo,D'ELIA,sounds,US,archive,Mazza,dl
Dileo,DELLA,sounds,AU,archive,Mazza,dl
Dileo,DELLA,sounds,IT,archive,Mazza,dl
Dileo,DELLA,sounds,US,archive,Mazza,dl
DILETTI,DELETTO,sounds,IT,archive,Falco,dlt
DILETTI,DILETTO,sounds,IT,archive,Falco,dlt
DILETTO,DELETTO,sounds,IT,archive,Falco,dlt
DILETTO,DILETTI,sounds,IT,archive,Falco,dlt
DILIEGRO,,,IT,archive,Falco,dlgr
DILIGENZA,,,IT,archive,Falco,dlnz
Ding,Teng,curated,,,,dng
Ding,Jung,curated,,,,dng
Ding,Tyng,curated,,,,dng
Ding,Ting,curated,,,,dng
Ding,Đinh,curated,,,,dng
Ding,De Jong,sounds,,,,dng
Ding,Dong,sounds,,,,dng
Ding,Dương,sounds,,,,dng
Ding,Dang,sounds,,,,dng
Ding,Deng,sounds,,,,dng
Ding,Donoghue,sounds,,,,dng
DIO?],Do,sounds,IT,archive,Falco,d
DIO?],Du,sounds,IT,archive,Falco,d
DIO?],DUE,sounds,IT,archive,Falco,d
DIODATO,,,IT,archive,Falco,ddt
DIRETTI,,,IT,archive,Falco,drt
Disdier,Didier,curated,,,,dsdr
Disney,Disney family,curated,,,,dsn
Disney,Duchene,sounds,,,,dsn
Disney,DI SENA,sounds,,,,dsn
Disney family,Disney,curated,,,,dsn fml
Ditz,Dietz,curated,,,,dtz
Ditz,Dietze,sounds,,,,dtz
DIVENUTO,,,IT,archive,Falco,dvnt
DIVERTI,,,IT,archive,Falco,dvrt
Dixie,Dox,sounds,AU,archive,D'Arcy,dks
Dixie,Dox,sounds,GB,archive,D'Arcy,dks
Dixie,Dox,sounds,IE,archive,D'Arcy,dks
Dixie,Dockx,sounds,AU,archive,D'Arcy,dks
Dixie,Dockx,sounds,GB,archive,D'Arcy,dks
Dixie,Dockx,sounds,IE,archive,D'Arcy,dks
Dixon,Dickson,curated,,,,dksn
Diz,Dietz,curated,,,,dz
Diz,Diaz,sounds,,,,dz
Diz,Diez,sounds,,,,dz
Dizel,Dietz,curated,,,,dzl
Djaló,Jallow,curated,,,,dl
Djaló,Dale,sounds,,,,dl
Djaló,Dal,sounds,,,,dl
Djaló,D'AIELLO,sounds,,,,dl
Djaló,D'ELIA,sounds,,,,dl
Djaló,DELLA,sounds,,,,dl
Djaló,Dileo,sounds,,,,dl
Djatlow,Dyatlov,curated,,,,dtlv
Do,Du,curated,,,,d
Do,Tao,curated,,,,d
Do,DIO?],sounds,,,,d
Do,DUE,sounds,,,,d
Doan,Duan,curated,,,,dn
Doan,Doyen,sounds,,,,dn
Doan,Dean,sounds,,,,dn
Doan,Deane,sounds,,,,dn
Doan,DIENA,sounds,,,,dn
Dobransky,Dobrzański,curated,,,,dbrnsk
Dobransky,Dobrianskyi,curated,,,,dbrnsk
Dobransky,Dobránszky,sounds,,,,dbrnsk
Dobránszky,Dobrzański,curated,,,,dbrnsk
Dobránszky,Dobrianskyi,curated,,,,dbrnsk
Dobránszky,Dobransky,sounds,,,,dbrnsk
Dobrianskyi,Dobrzański,curated,,,,dbrnsk
Dobrianskyi,Dobransky,curated,,,,dbrnsk
Dobrianskyi,Dobranský,curated,,,,dbrnsk
Dobrianskyi,Dobzhanskyi,curated,,,,dbrnsk
Dobrianskyi,Dobránszky,curated,,,,dbrnsk
Dobrzański,Dobransky,curated,,,,dbrznsk
Dobrzański,Dobranský,curated,,,,dbrznsk
Dobrzański,Dobzhanskyi,curated,,,,dbrznsk
Dobrzański,Dobránszky,curated,,,,dbrznsk
Dobrzański,Dobrianskyi,curated,,,,dbrznsk
Dobzhanskyi,Dobrzański,curated,,,,dbznsk
Dobzhanskyi,Dobrianskyi,curated,,,,dbznsk
Dock,Dockx,curated,,,,dk
Dock,Dick,sounds,,,,dk
Dock,Dicke,sounds,,,,dk
Dockx,Dox,curated,,,,dks
Dockx,Dock,curated,,,,dks
Dockx,Docx,curated,,,,dks
Dockx,Dixie,sounds,,,,dks
Docx,Dockx,curated,,,,dcks
DOGLIO,D'Iglio,sounds,IT,archive,Falco,dgl
DOGLIO,DI GIGLIO,sounds,IT,archive,Falco,dgl
DOGLIO,DIGLIO,sounds,IT,archive,Falco,dgl
Dohrmann,Dormann,curated,,,,dhrmn
Dohrmann,Dorman,curated,,,,dhrmn
Dolgopolov,Dolhopolov,curated,,,,dlgplv
Dolhopolov,Dolgopolov,curated,,,,dlhplv
DOMANELLA,DOMENELLA,sounds,IT,archive,Falco,dmnl
DOMENELLA,DOMANELLA,sounds,IT,archive,Falco,dmnl
DOMENICHELLA,Dominčel,sounds,IT,archive,Falco,dmnsl
Dominčel,DOMENICHELLA,sounds,HR,archive,Blažević,dmnsl
Dominez,,,HR,archive,Blažević,dmnz
DOMINO,Damen,sounds,IT,archive,Falco,dmn
Donahue,Donohue,curated,,,,dnh
Donato,,,AU,archive,Mazza,dnt
Donato,,,IT,archive,Mazza,dnt
Donato,,,US,archive,Mazza,dnt
Dong,Tung,curated,,,,dng
Dong,Dang,curated,,,,dng
Dong,De Jong,sounds,,,,dng
Dong,Dương,sounds,,,,dng
Dong,Ding,sounds,,,,dng
Dong,Deng,sounds,,,,dng
Dong,Donoghue,sounds,,,,dng
Donoghue,Donohue,curated,,,,dng
Donoghue,De Jong,sounds,,,,dng
Donoghue,Dong,sounds,,,,dng
Donoghue,Dương,sounds,,,,dng
Donoghue,Ding,sounds,,,,dng
Donoghue,Dang,sounds,,,,dng
Donoghue,Deng,sounds,,,,dng
Donohue,Donahue,curated,,,,dnh
Donohue,Donoghue,curated,,,,dnh
DORINO,Duran,sounds,IT,archive,Falco,drn
DORINO,D'ARGENIO,sounds,IT,archive,Falco,drn
Dorman,Dormann,curated,,,,drmn
Dorman,Dohrmann,curated,,,,drmn
Dormann,Dohrmann,curated,,,,drmn
Dormann,Dorman,curated,,,,drmn
Dörr,Dürr,curated,,,,dr
Dörr,de Rey,sounds,,,,dr
Dörr,de Araújo,sounds,,,,dr
Dörr,Dröge,sounds,,,,dr
Dörr,Duerr,sounds,,,,dr
Dörr,Dürre,sounds,,,,dr
Dörr,De Roo,sounds,,,,dr
Dörr,D'IORIO,sounds,,,,dr
Dörr,D'ORO,sounds,,,,dr
Dörr,DE RUGHI,sounds,,,,dr
Dörr,DI RE,sounds,,,,dr
Dost,Dostler,curated,,,,dst
Dost,DI SITO,sounds,,,,dst
Doster,Dostler,curated,,,,dstr
Doster,D'ISTERIA,sounds,,,,dstr
Dostler,Dost,curated,,,,dstlr
Dostler,Doster,curated,,,,dstlr
Dostler,Dostmann,curated,,,,dstlr
Dostmann,Dostler,curated,,,,dstmn
DOTTORE,Dieter,sounds,IT,archive,Falco,dtr
Doug,Douglas,curated,,,,dg
Doug,Diego,sounds,,,,dg
Douglas,Douglass,curated,,,,dgls
Douglas,Doug,curated,,,,dgls
Douglass,Douglas,curated,,,,dgls
Dowson,Dawson,curated,,,,dvsn
Dowson,Davison,sounds,,,,dvsn
Dox,Dockx,curated,,,,dks
Dox,Dixie,sounds,,,,dks
Doyen,Dean,curated,,,,dn
Doyen,Deane,sounds,,,,dn
Doyen,Doan,sounds,,,,dn
Doyen,Duan,sounds,,,,dn
Doyen,DIENA,sounds,,,,dn
Drazdow,Drozdov,curated,,,,drzdv
Dreghorn,,,IT,archive,Falco,drgrn
Dröge,Dürr,curated,,,,dr
Dröge,de Rey,sounds,,,,dr
Dröge,de Araújo,sounds,,,,dr
Dröge,Dörr,sounds,,,,dr
Dröge,Duerr,sounds,,,,dr
Dröge,Dürre,sounds,,,,dr
Dröge,De Roo,sounds,,,,dr
Dröge,D'IORIO,sounds,,,,dr
Dröge,D'ORO,sounds,,,,dr
Dröge,DE RUGHI,sounds,,,,dr
Dröge,DI RE,sounds,,,,dr
Drozd,Drozdov,curated,,,,drzd
Drozdov,Drozd,curated,,,,drzdv
Drozdov,Drazdow,curated,,,,drzdv
Dsang,Zhang,curated,,,,dsng
Du,Do,curated,,,,d
Du,Yu,curated,,,,d
Du,DIO?],sounds,,,,d
Du,DUE,sounds,,,,d
Duan,Doan,curated,,,,dn
Duan,Đoàn,curated,,,,dn
Duan,Doyen,sounds,,,,dn
Duan,Dean,sounds,,,,dn
Duan,Deane,sounds,,,,dn
Duan,DIENA,sounds,,,,dn
Dubois,Bois,curated,,,,dbs
Dubois,DE BIASE,sounds,,,,dbs
Dubois,DI BIASE,sounds,,,,dbs
Dubovik,Dubovyk,curated,,,,dbvk
Dubovyk,Dubovik,curated,,,,dbvk
Duchamp,Deschamps,curated,,,,dcmp
Duchene,Disney,sounds,,,,dsn
Duchene,DI SENA,sounds,,,,dsn
DUCHILLO,,,IT,archive,Falco,dsl
DUE,Do,sounds,IT,archive,Falco,d
DUE,Du,sounds,IT,archive,Falco,d
DUE,DIO?],sounds,IT,archive,Falco,d
Duerr,Dürr,curated,,,,dr
Duerr,de Rey,sounds,,,,dr
Duerr,de Araújo,sounds,,,,dr
Duerr,Dröge,sounds,,,,dr
Duerr,Dörr,sounds,,,,dr
Duerr,Dürre,sounds,,,,dr
Duerr,De Roo,sounds,,,,dr
Duerr,D'IORIO,sounds,,,,dr
Duerr,D'ORO,sounds,,,,dr
Duerr,DE RUGHI,sounds,,,,dr
Duerr,DI RE,sounds,,,,dr
Dunning,,,AU,archive,D'Arcy,dnng
Dunning,,,GB,archive,D'Arcy,dnng
Dunning,,,IE,archive,D'Arcy,dnng
Dương,Yang,curated,,,,dng
Dương,De Jong,sounds,,,,dng
Dương,Dong,sounds,,,,dng
Dương,Ding,sounds,,,,dng
Dương,Dang,sounds,,,,dng
Dương,Deng,sounds,,,,dng
Dương,Donoghue,sounds,,,,dng
Duran,Durant,curated,,,,drn
Duran,D'ARGENIO,sounds,,,,drn
Duran,DORINO,sounds,,,,drn
Durand,Durant,curated,,,,drnd
Durant,Durand,curated,,,,drnt
Durant,Duran,curated,,,,drnt
Durant,DURANTE,sounds,,,,drnt
DURANTE,Durant,sounds,IT,archive,Falco,drnt
Dürr,Dröge,curated,,,,dr
Dürr,Dörr,curated,,,,dr
Dürr,Duerr,curated,,,,dr
Dürr,Dürre,curated,,,,dr
Dürr,de Rey,sounds,,,,dr
Dürr,de Araújo,sounds,,,,dr
Dürr,De Roo,sounds,,,,dr
Dürr,D'IORIO,sounds,,,,dr
Dürr,D'ORO,sounds,,,,dr
Dürr,DE RUGHI,sounds,,,,dr
Dürr,DI RE,sounds,,,,dr
Dürre,Dürr,curated,,,,dr
Dürre,de Rey,sounds,,,,dr
Dürre,de Araújo,sounds,,,,dr
Dürre,Dröge,sounds,,,,dr
Dürre,Dörr,sounds,,,,dr
Dürre,Duerr,sounds,,,,dr
Dürre,De Roo,sounds,,,,dr
Dürre,D'IORIO,sounds,,,,dr
Dürre,D'ORO,sounds,,,,dr
Dürre,DE RUGHI,sounds,,,,dr
Dürre,DI RE,sounds,,,,dr
Dutt,Dutta,curated,,,,dt
Dutt,Datta,sounds,,,,dt
Dutt,DATO,sounds,,,,dt
Dutt,DEATH,sounds,,,,dt
Dutt,DETTO,sounds,,,,dt
Dutta,Dutt,curated,,,,dt
Dutta,Datta,curated,,,,dt
Dutta,DATO,sounds,,,,dt
Dutta,DEATH,sounds,,,,dt
Dutta,DETTO,sounds,,,,dt
Dyakov,Dzyakaw,curated,,,,dkv
Dyakov,Diakiv,curated,,,,dkv
Dyakov,Diacov,curated,,,,dkv
Dyatlov,Djatlow,curated,,,,dtlv
Dzyakaw,Dyakov,curated,,,,dzkv
Ebrahimi,Ibrahimi,curated,,,,ebrhm
ECHEVERRY,,,AR,archive,Lerena,esvr
ECHEVERRY,,,ES,archive,Lerena,esvr
ECHEVERRY,,,UY,archive,Lerena,esvr
Edelman,Edelmann,curated,,,,edlmn
Edelmann,Edelman,curated,,,,edlmn
Edwardes,Edwards,curated,,,,edvrds
Edwards,Edwardes,curated,,,,edvrds
Egger,Eggers,curated,,,,egr
Eggers,Egger,curated,,,,egrs
Ehrhardt,Erhardt,curated,,,,ehrhrdt
Ehrnst,Ernst,curated,,,,ehrnst
Eich,Eichler,curated,,,,ec
Eichel,Eichler,curated,,,,esl
Eicheler,Eichler,curated,,,,eslr
Eicher,Eichler,curated,,,,esr
Eichinger,Aichinger,curated,,,,esnr
Eichler,Eich,curated,,,,eclr
Eichler,Eicher,curated,,,,eclr
Eichler,Eicheler,curated,,,,eclr
Eichler,Eichner,curated,,,,eclr
Eichler,Eichel,curated,,,,eclr
Eichler,Aichler,curated,,,,eclr
Eichner,Eichler,curated,,,,ecnr
Eizagirre,Eyzaguirre,curated,,,,ezr
Eizaguirre,Eyzaguirre,curated,,,,ezgr
Ekelund,Ekelundh,curated,,,,eklnd
Ekelundh,Ekelund,curated,,,,eklndh
Elena,Lenke,curated,,,,eln
Elena,Ellen,sounds,,,,eln
Elies,,,,,,els
ELISABETTA,,,IT,archive,Falco,elsbt
Elkin,Yolkin,curated,,,,elkn
Ellen,Lenke,curated,,,,eln
Ellen,Elena,sounds,,,,eln
Ellevsen,,,IT,archive,Falco,elvsn
Enders,Anders,curated,,,,endrs
Eng,Wu,curated,,,,eng
Eng,Weng,curated,,,,eng
Engelberg,Engelberger,curated,,,,enlbrg
Engelberger,Engelberg,curated,,,,enlbrr
Engelman,Engelmann,curated,,,,enlmn
Engelmann,Engelman,curated,,,,enlmn
Engstrøm,,,,,,engstrm
Enkvist,Enqvist,curated,,,,enkvst
Enoksen,Enoksson,curated,,,,enksn
Enoksson,Enoksen,curated,,,,enksn
ENOSI,,,IT,archive,Falco,ens
Enquist,Enqvist,curated,,,,enkst
Enqvist,Enquist,curated,,,,enqvst
Enqvist,Enkvist,curated,,,,enqvst
Enrico,Heinz,curated,,,,enrc
Enrico,Hein,curated,,,,enrc
Enrique,Heinz,curated,,,,enrk
Enrique,Hein,curated,,,,enrk
Eom,Yan,curated,,,,em
EPPENS,,,AR,archive,Lerena,epns
EPPENS,,,ES,archive,Lerena,epns
EPPENS,,,UY,archive,Lerena,epns
Erceg,Herczeg,curated,,,,ersg
Erhard,Erhardt,curated,,,,erhrd
Erhardt,Erhart,curated,,,,erhrdt
Erhardt,Ehrhardt,curated,,,,erhrdt
Erhardt,Erhard,curated,,,,erhrdt
Erhart,Erhardt,curated,,,,erhrt
Eric,Heinz,curated,,,,erc
Eric,Hein,curated,,,,erc
Eric,Erich,sounds,,,,erc
Erich,Heinz,curated,,,,erc
Erich,Hein,curated,,,,erc
Erich,Eric,sounds,,,,erc
Erichsen,Erikson,curated,,,,ercsn
Erichsen,Ericsson,curated,,,,ercsn
Erichsen,Eriksson,curated,,,,ercsn
Erichsen,Ericson,sounds,,,,ercsn
Erichsen,Erichson,sounds,,,,ercsn
Erichson,Erikson,curated,,,,ercsn
Erichson,Ericsson,curated,,,,ercsn
Erichson,Eriksson,curated,,,,ercsn
Erichson,Ericson,sounds,,,,ercsn
Erichson,Erichsen,sounds,,,,ercsn
Ericksen,Erikson,sounds,AU,archive,Mazza,erksn
Ericksen,Erikson,sounds,IT,archive,Mazza,erksn
Ericksen,Erikson,sounds,US,archive,Mazza,erksn
Ericksen,Erickson,sounds,AU,archive,Mazza,erksn
Ericksen,Erickson,sounds,IT,archive,Mazza,erksn
Ericksen,Erickson,sounds,US,archive,Mazza,erksn
Ericksen,Ericksson,sounds,AU,archive,Mazza,erksn
Ericksen,Ericksson,sounds,IT,archive,Mazza,erksn
Ericksen,Ericksson,sounds,US,archive,Mazza,erksn
Ericksen,Eriksen,sounds,AU,archive,Mazza,erksn
Ericksen,Eriksen,sounds,IT,archive,Mazza,erksn
Ericksen,Eriksen,sounds,US,archive,Mazza,erksn
Ericksen,Erixon,sounds,AU,archive,Mazza,erksn
Ericksen,Erixon,sounds,IT,archive,Mazza,erksn
Ericksen,Erixon,sounds,US,archive,Mazza,erksn
Ericksen,Eriksson,sounds,AU,archive,Mazza,erksn
Ericksen,Eriksson,sounds,IT,archive,Mazza,erksn
Ericksen,Eriksson,sounds,US,archive,Mazza,erksn
Erickson,Erikson,curated,,,,erksn
Erickson,Ericsson,curated,,,,erksn
Erickson,Eriksson,curated,,,,erksn
Erickson,Ericksson,sounds,,,,erksn
Erickson,Eriksen,sounds,,,,erksn
Erickson,Erixon,sounds,,,,erksn
Erickson,Ericksen,sounds,,,,erksn
Ericksson,Erikson,curated,,,,erksn
Ericksson,Ericsson,curated,,,,erksn
Ericksson,Eriksson,curated,,,,erksn
Ericksson,Erickson,sounds,,,,erksn
Ericksson,Eriksen,sounds,,,,erksn
Ericksson,Erixon,sounds,,,,erksn
Ericksson,Ericksen,sounds,,,,erksn
Ericson,Erikson,curated,,,,ercsn
Ericson,Ericsson,curated,,,,ercsn
Ericson,Eriksson,curated,,,,ercsn
Ericson,Erichsen,sounds,,,,ercsn
Ericson,Erichson,sounds,,,,ercsn
Ericsson,Erikson,curated,,,,ercsn
Ericsson,Eriksson,curated,,,,ercsn
Ericsson,Erickson,curated,,,,ercsn
Ericsson,Erichsen,curated,,,,ercsn
Ericsson,Ericson,curated,,,,ercsn
Ericsson,Eriksen,curated,,,,ercsn
Ericsson,Erichson,curated,,,,ercsn
Ericsson,Erixon,curated,,,,ercsn
Ericsson,Ericksson,curated,,,,ercsn
Ericsson,Erichsén,curated,,,,ercsn
Ericsson,Erixzon,curated,,,,ercsn
Ericsson,Ericzon,curated,,,,ercsn
Ericsson,Erichsøn,curated,,,,ercsn
Ericzon,Erikson,curated,,,,ercn
Ericzon,Ericsson,curated,,,,ercn
Ericzon,Eriksson,curated,,,,ercn
Erik,Heinz,curated,,,,erk
Erik,Hein,curated,,,,erk
Eriksen,Erikson,curated,AU,archive,Mazza,erksn
Eriksen,Erikson,curated,IT,archive,Mazza,erksn
Eriksen,Erikson,curated,US,archive,Mazza,erksn
Eriksen,Ericsson,curated,AU,archive,Mazza,erksn
Eriksen,Ericsson,curated,IT,archive,Mazza,erksn
Eriksen,Ericsson,curated,US,archive,Mazza,erksn
Eriksen,Eriksson,curated,AU,archive,Mazza,erksn
Eriksen,Eriksson,curated,IT,archive,Mazza,erksn
Eriksen,Eriksson,curated,US,archive,Mazza,erksn
Eriksen,Erickson,sounds,AU,archive,Mazza,erksn
Eriksen,Erickson,sounds,IT,archive,Mazza,erksn
Eriksen,Erickson,sounds,US,archive,Mazza,erksn
Eriksen,Ericksson,sounds,AU,archive,Mazza,erksn
Eriksen,Ericksson,sounds,IT,archive,Mazza,erksn
Eriksen,Ericksson,sounds,US,archive,Mazza,erksn
Eriksen,Erixon,sounds,AU,archive,Mazza,erksn
Eriksen,Erixon,sounds,IT,archive,Mazza,erksn
Eriksen,Erixon,sounds,US,archive,Mazza,erksn
Eriksen,Ericksen,sounds,AU,archive,Mazza,erksn
Eriksen,Ericksen,sounds,IT,archive,Mazza,erksn
Eriksen,Ericksen,sounds,US,archive,Mazza,erksn
Erikson,Ericsson,curated,,,,erksn
Erikson,Ericson,curated,,,,erksn
Erikson,Erickson,curated,,,,erksn
Erikson,Ericksson,curated,,,,erksn
Erikson,Erichsen,curated,,,,erksn
Erikson,Eriksen,curated,,,,erksn
Erikson,Erichson,curated,,,,erksn
Erikson,Erichsén,curated,,,,erksn
Erikson,Erixon,curated,,,,erksn
Erikson,Erixzon,curated,,,,erksn
Erikson,Ericzon,curated,,,,erksn
Erikson,Erichsøn,curated,,,,erksn
Erikson,Eriksson,curated,,,,erksn
Erikson,Ericksen,sounds,,,,erksn
Eriksson,Erikson,curated,,,,erksn
Eriksson,Ericsson,curated,,,,erksn
Eriksson,Erickson,curated,,,,erksn
Eriksson,Erichsen,curated,,,,erksn
Eriksson,Ericson,curated,,,,erksn
Eriksson,Eriksen,curated,,,,erksn
Eriksson,Erichson,curated,,,,erksn
Eriksson,Erixon,curated,,,,erksn
Eriksson,Ericksson,curated,,,,erksn
Eriksson,Erichsén,curated,,,,erksn
Eriksson,Erixzon,curated,,,,erksn
Eriksson,Ericzon,curated,,,,erksn
Eriksson,Erichsøn,curated,,,,erksn
Eriksson,Ericksen,sounds,,,,erksn
Erixon,Erikson,curated,,,,erksn
Erixon,Ericsson,curated,,,,erksn
Erixon,Eriksson,curated,,,,erksn
Erixon,Erickson,sounds,,,,erksn
Erixon,Ericksson,sounds,,,,erksn
Erixon,Eriksen,sounds,,,,erksn
Erixon,Ericksen,sounds,,,,erksn
Erixzon,Erikson,curated,,,,erkszn
Erixzon,Ericsson,curated,,,,erkszn
Erixzon,Eriksson,curated,,,,erkszn
Erlandsen,Erlandson,curated,,,,erlndsn
Erlandsen,Erlandsson,curated,,,,erlndsn
Erlandson,Erlandsen,curated,,,,erlndsn
Erlandson,Erlandsson,sounds,,,,erlndsn
Erlandsson,Erlandsen,curated,,,,erlndsn
Erlandsson,Erlandson,sounds,,,,erlndsn
Ernesto,Ernst,curated,,,,ernst
Ernesto,Errenst,sounds,,,,ernst
Ernestus,Ernst,curated,,,,ernsts
Ernst,Ernesto,curated,,,,ernst
Ernst,Arnst,curated,,,,ernst
Ernst,Ernestus,curated,,,,ernst
Ernst,Ehrnst,curated,,,,ernst
Ernst,Errenst,curated,,,,ernst
EROLOGIO,,,IT,archive,Falco,erl
Errenst,Ernst,curated,,,,ernst
Errenst,Ernesto,sounds,,,,ernst
Ervin,Erwin,curated,,,,ervn
Erwin,Ervin,curated,,,,ervn
ERZENIO,,,IT,archive,Falco,erzn
ESPOSITELLA,ESPOSITELLI,sounds,IT,archive,Falco,espstl
ESPOSITELLI,ESPOSITELLA,sounds,IT,archive,Falco,espstl
Esposito,Exposito,curated,IT,archive,Falco,espst
Esposito,Expósito,curated,IT,archive,Falco,espst
Esposito,Sposito,curated,IT,archive,Falco,espst
Estuardo,Stewart,curated,,,,estrd
Evan,Evans,curated,,,,evn
Evans,Evan,curated,,,,evns
Évrard,,,,,,evrrd
Exposito,Esposito,curated,,,,ekspst
Eyzaguirre,Izaguirre,curated,,,,ezgr
Eyzaguirre,Izagirre,curated,,,,ezgr
Eyzaguirre,Eizaguirre,curated,,,,ezgr
Eyzaguirre,Eizagirre,curated,,,,ezgr
Fa,Fu,sounds,,,,f
Fa,Foo,sounds,,,,f
Fa,Fujii,sounds,,,,f
Fa,Phua,sounds,,,,f
Fa,Phí,sounds,,,,f
Fa,Fei,sounds,,,,f
Fa,Fi,sounds,,,,f
Fabijanić,,,HR,archive,Blažević,fbnc
FABIO,,,IT,archive,Falco,fb
FABORZO,FABRIZIO,sounds,IT,archive,Falco,fbrz
Fabre,Favre,curated,,,,fbr
Fabre,Fabri,sounds,,,,fbr
Fabri,Favre,curated,,,,fbr
Fabri,Fabre,sounds,,,,fbr
FABRICCI,,,IT,archive,Falco,fbrcs
FABRIZIO,FABORZO,sounds,IT,archive,Falco,fbrz
FAL,Fogel,sounds,IT,archive,Falco,fl
FAL,FALIO,sounds,IT,archive,Falco,fl
Falcke,Falke,curated,,,,flk
Falcke,Falk,sounds,,,,flk
Falco,Floc'h,sounds,AU,archive,D'Arcy; Mazza,flc
Falco,Floc'h,sounds,GB,archive,D'Arcy,flc
Falco,Floc'h,sounds,IE,archive,D'Arcy,flc
Falco,Floc'h,sounds,IT,archive,Falco; Mazza,flc
Falco,Floc'h,sounds,US,archive,Mazza,flc
Falcone,,,AU,archive,D'Arcy,flcn
Falcone,,,GB,archive,D'Arcy,flcn
Falcone,,,IE,archive,D'Arcy,flcn
Falcone,,,IT,archive,Falco,flcn
FALEGNAME,,,IT,archive,Falco,flgnm
FALIO,Fogel,sounds,IT,archive,Falco,fl
FALIO,FAL,sounds,IT,archive,Falco,fl
Falk,Falke,curated,,,,flk
Falk,Falcke,sounds,,,,flk
Falke,Sokol,curated,,,,flk
Falke,Falk,curated,,,,flk
Falke,Sokół,curated,,,,flk
Falke,Falkner,curated,,,,flk
Falke,Sokil,curated,,,,flk
Falke,Falcke,curated,,,,flk
Falkensteen,Falkenstein,curated,,,,flknstn
Falkenstein,Falkensteen,curated,,,,flknstn
Falkenstein,von Falkenstein,curated,,,,flknstn
Falkner,Falke,curated,,,,flknr
Fani,Cristofani,curated,,,,fn
Farge,Farges,curated,,,,fr
Farge,Fauré,sounds,,,,fr
Farge,Fejér,sounds,,,,fr
Farge,FERRO,sounds,,,,fr
Farge,FIERO,sounds,,,,fr
Farge,FIORE,sounds,,,,fr
Farge,FOUR,sounds,,,,fr
Farges,Farge,curated,,,,frs
Farges,FORCHIA,sounds,,,,frs
FARMACISTA,,,IT,archive,Falco,frmsst
Farnham,,,AU,archive,D'Arcy,frnhm
Farnham,,,GB,archive,D'Arcy,frnhm
Farnham,,,IE,archive,D'Arcy,frnhm
Farquar,Farquhar,curated,,,,frkr
Farquhar,Farquharson,curated,,,,frkhr
Farquhar,Farquar,curated,,,,frkhr
Farquharson,Farquhar,curated,,,,frkhrsn
FASANO,,,IT,archive,Falco,fsn
Fassbinder,Bender,curated,,,,fsbndr
Fassbinder,Binder,curated,,,,fsbndr
FAT,Feith,sounds,IT,archive,Falco,ft
FAT,Fathi,sounds,IT,archive,Falco,ft
FAT,Fathy,sounds,IT,archive,Falco,ft
FAT,FUIT,sounds,IT,archive,Falco,ft
Fathi,Fathy,curated,,,,ft
Fathi,Feith,sounds,,,,ft
Fathi,FAT,sounds,,,,ft
Fathi,FUIT,sounds,,,,ft
Fathy,Fathi,curated,,,,ft
Fathy,Feith,sounds,,,,ft
Fathy,FAT,sounds,,,,ft
Fathy,FUIT,sounds,,,,ft
FATTORUSSO,,,IT,archive,Falco,ftrs
Fatur,,,AU,archive,Mazza,ftr
Fatur,,,IT,archive,Mazza,ftr
Fatur,,,US,archive,Mazza,ftr
Fauré,Favre,curated,,,,fr
Fauré,Fejér,sounds,,,,fr
Fauré,Farge,sounds,,,,fr
Fauré,FERRO,sounds,,,,fr
Fauré,FIERO,sounds,,,,fr
Fauré,FIORE,sounds,,,,fr
Fauré,FOUR,sounds,,,,fr
Favre,Feaver,curated,,,,fvr
Favre,Lefèvre,curated,,,,fvr
Favre,Lefevre,curated,,,,fvr
Favre,Lefever,curated,,,,fvr
Favre,Fauré,curated,,,,fvr
Favre,Fabri,curated,,,,fvr
Favre,Lefeuvre,curated,,,,fvr
Favre,Le Goff,curated,,,,fvr
Favre,Fabre,curated,,,,fvr
Favre,Faure,curated,,,,fvr
Favre,Lefebvre,curated,,,,fvr
Feaver,Favre,curated,,,,fvr
Fedor,Theodore,curated,,,,fdr
Fedoriv,Fyodorov,curated,,,,fdrv
Fedoriv,Fedorov,curated,,,,fdrv
Fedorov,Fedoriv,curated,,,,fdrv
Fedorov,Fyodorov,sounds,,,,fdrv
Fedorovich,Fedorowitsch,curated,,,,fdrvc
Fedorovich,Fedorovych,curated,,,,fdrvc
Fedorovych,Fedorovich,curated,,,,fdrvc
Fedorowitsch,Fedorovich,curated,,,,fdrvts
Fehér,Fejér,curated,,,,fhr
Fei,Phí,curated,,,,f
Fei,Fi,curated,,,,f
Fei,Fu,sounds,,,,f
Fei,Foo,sounds,,,,f
Fei,Fujii,sounds,,,,f
Fei,Phua,sounds,,,,f
Fei,Fa,sounds,,,,f
Feid,Veidt,curated,,,,fd
Feid,Fudii,sounds,,,,fd
Feid,FUID,sounds,,,,fd
Feidt,Veidt,curated,,,,fdt
Feidt,Feydt,sounds,,,,fdt
Feild,Feilden,curated,,,,fld
Feild,Field,curated,,,,fld
Feilden,Feild,curated,,,,fldn
Feith,Veidt,curated,,,,ft
Feith,Fathi,sounds,,,,ft
Feith,Fathy,sounds,,,,ft
Feith,FAT,sounds,,,,ft
Feith,FUIT,sounds,,,,ft
Fejér,Fehér,curated,,,,fr
Fejér,Fauré,sounds,,,,fr
Fejér,Farge,sounds,,,,fr
Fejér,FERRO,sounds,,,,fr
Fejér,FIERO,sounds,,,,fr
Fejér,FIORE,sounds,,,,fr
Fejér,FOUR,sounds,,,,fr
FELICE,,,IT,archive,Falco,fls
Feng,Phùng,curated,,,,fng
Feng,Bang,curated,,,,fng
Feng,Fung,curated,,,,fng
Feng,Phung,curated,,,,fng
Feng,Hung,curated,,,,fng
Feng,Fong,curated,,,,fng
Feng,Pung,curated,,,,fng
Feng,Pang,curated,,,,fng
Feng,Phang,sounds,,,,fng
Ferenc,Frantz,curated,,,,frnc
Ferenc,Franklin,curated,,,,frnc
Ferenc,Franz,curated,,,,frnc
Ferenc,Ferrench,sounds,,,,frnc
Ferenc,Franco,sounds,,,,frnc
Ferguson,Fergusson,curated,,,,frgsn
Fergusson,Ferguson,curated,,,,frgsn
Fernand,Fernández,curated,,,,frnnd
Fernandes,Fernández,curated,,,,frnnds
Fernández,Fernand,curated,AR,archive,Lerena,frnndz
Fernández,Fernand,curated,ES,archive,Lerena,frnndz
Fernández,Fernand,curated,UY,archive,Lerena,frnndz
Fernández,Fernandes,curated,AR,archive,Lerena,frnndz
Fernández,Fernandes,curated,ES,archive,Lerena,frnndz
Fernández,Fernandes,curated,UY,archive,Lerena,frnndz
Fernández,Ferrench,curated,AR,archive,Lerena,frnndz
Fernández,Ferrench,curated,ES,archive,Lerena,frnndz
Fernández,Ferrench,curated,UY,archive,Lerena,frnndz
Fernández,Ferrández,curated,AR,archive,Lerena,frnndz
Fernández,Ferrández,curated,ES,archive,Lerena,frnndz
Fernández,Ferrández,curated,UY,archive,Lerena,frnndz
Ferrández,Fernández,curated,,,,frndz
Ferrante,,,IT,archive,Falco,frnt
Ferrara,Ferreira,sounds,AU,archive,D'Arcy,frr
Ferrara,Ferreira,sounds,GB,archive,D'Arcy,frr
Ferrara,Ferreira,sounds,IE,archive,D'Arcy,frr
Ferrara,Ferreira,sounds,IT,archive,Falco,frr
Ferrara,Ferrari,sounds,AU,archive,D'Arcy,frr
Ferrara,Ferrari,sounds,GB,archive,D'Arcy,frr
Ferrara,Ferrari,sounds,IE,archive,D'Arcy,frr
Ferrara,Ferrari,sounds,IT,archive,Falco,frr
Ferrara,FERRARO,sounds,AU,archive,D'Arcy,frr
Ferrara,FERRARO,sounds,GB,archive,D'Arcy,frr
Ferrara,FERRARO,sounds,IE,archive,D'Arcy,frr
Ferrara,FERRARO,sounds,IT,archive,Falco,frr
Ferrari,Ferreira,curated,,,,frr
Ferrari,Ferrara,sounds,,,,frr
Ferrari,FERRARO,sounds,,,,frr
FERRARO,Ferreira,sounds,IT,archive,Falco,frr
FERRARO,Ferrari,sounds,IT,archive,Falco,frr
FERRARO,Ferrara,sounds,IT,archive,Falco,frr
Ferreira,Ferrari,curated,,,,frr
Ferreira,Herrera,curated,,,,frr
Ferreira,Ferrara,sounds,,,,frr
Ferreira,FERRARO,sounds,,,,frr
Ferrench,Fernández,curated,,,,frnc
Ferrench,Ferenc,sounds,,,,frnc
Ferrench,Franco,sounds,,,,frnc
FERRIELLO,FIORELLA,sounds,IT,archive,Falco,frl
FERRINO,FERRONE,sounds,IT,archive,Falco,frn
FERRO,Fauré,sounds,AU,archive,Mazza,fr
FERRO,Fauré,sounds,IT,archive,Falco; Mazza,fr
FERRO,Fauré,sounds,US,archive,Mazza,fr
FERRO,Fejér,sounds,AU,archive,Mazza,fr
FERRO,Fejér,sounds,IT,archive,Falco; Mazza,fr
FERRO,Fejér,sounds,US,archive,Mazza,fr
FERRO,Farge,sounds,AU,archive,Mazza,fr
FERRO,Farge,sounds,IT,archive,Falco; Mazza,fr
FERRO,Farge,sounds,US,archive,Mazza,fr
FERRO,FIERO,sounds,AU,archive,Mazza,fr
FERRO,FIERO,sounds,IT,archive,Falco; Mazza,fr
FERRO,FIERO,sounds,US,archive,Mazza,fr
FERRO,FIORE,sounds,AU,archive,Mazza,fr
FERRO,FIORE,sounds,IT,archive,Falco; Mazza,fr
FERRO,FIORE,sounds,US,archive,Mazza,fr
FERRO,FOUR,sounds,AU,archive,Mazza,fr
FERRO,FOUR,sounds,IT,archive,Falco; Mazza,fr
FERRO,FOUR,sounds,US,archive,Mazza,fr
FERRONE,FERRINO,sounds,IT,archive,Falco,frn
FERROTTO,,,IT,archive,Falco,frt
Fersen,Macpherson,curated,,,,frsn
Ferster,Förster,curated,,,,frstr
Ferster,Forrester,sounds,,,,frstr
Ferster,Foerster,sounds,,,,frstr
Ferster,Forester,sounds,,,,frstr
Feydt,Veidt,curated,,,,fdt
Feydt,Feidt,sounds,,,,fdt
Fi,Fei,curated,,,,f
Fi,Fu,sounds,,,,f
Fi,Foo,sounds,,,,f
Fi,Fujii,sounds,,,,f
Fi,Phua,sounds,,,,f
Fi,Fa,sounds,,,,f
Fi,Phí,sounds,,,,f
FIAMMO,,,IT,archive,Falco,fm
Fichman,Fishman,curated,,,,fcmn
Fichman,Fichmann,curated,,,,fcmn
Fichmann,Fichman,curated,,,,fcmn
Fiedler,Geiger,curated,,,,fdlr
Field,Feild,curated,,,,fld
FIERO,Fauré,sounds,IT,archive,Falco,fr
FIERO,Fejér,sounds,IT,archive,Falco,fr
FIERO,Farge,sounds,IT,archive,Falco,fr
FIERO,FERRO,sounds,IT,archive,Falco,fr
FIERO,FIORE,sounds,IT,archive,Falco,fr
FIERO,FOUR,sounds,IT,archive,Falco,fr
FILETTO,,,IT,archive,Falco,flt
Filip,Lippl,curated,,,,flp
Filip,Filipp,sounds,,,,flp
Filip,FILIPPI,sounds,,,,flp
Filip,FILIPPO,sounds,,,,flp
Filipello,,,AU,archive,Mazza,flpl
Filipello,,,IT,archive,Mazza,flpl
Filipello,,,US,archive,Mazza,flpl
Filipović,,,HR,archive,Blažević,flpvc
Filipp,Phillips,curated,,,,flp
Filipp,Filip,sounds,,,,flp
Filipp,FILIPPI,sounds,,,,flp
Filipp,FILIPPO,sounds,,,,flp
FILIPPI,Filip,sounds,IT,archive,Falco,flp
FILIPPI,Filipp,sounds,IT,archive,Falco,flp
FILIPPI,FILIPPO,sounds,IT,archive,Falco,flp
FILIPPO,Filip,sounds,IT,archive,Falco,flp
FILIPPO,Filipp,sounds,IT,archive,Falco,flp
FILIPPO,FILIPPI,sounds,IT,archive,Falco,flp
Filipsson,Philipson,curated,,,,flpsn
Filipsson,Phillipson,sounds,,,,flpsn
Filipsson,Philipsen,sounds,,,,flpsn
Filipsson,Phillipsen,sounds,,,,flpsn
Filipsson,Fillipsen,sounds,,,,flpsn
Fillipsen,Philipson,curated,,,,flpsn
Fillipsen,Filipsson,sounds,,,,flpsn
Fillipsen,Phillipson,sounds,,,,flpsn
Fillipsen,Philipsen,sounds,,,,flpsn
Fillipsen,Phillipsen,sounds,,,,flpsn
Finck,Finke,curated,,,,fnk
Finck,Fink,curated,,,,fnk
Finck,Fincke,sounds,,,,fnk
Finck,Funk,sounds,,,,fnk
Finck,Funke,sounds,,,,fnk
Fincke,Finke,curated,,,,fnk
Fincke,Fink,sounds,,,,fnk
Fincke,Finck,sounds,,,,fnk
Fincke,Funk,sounds,,,,fnk
Fincke,Funke,sounds,,,,fnk
Fincken,Finke,curated,,,,fnkn
Fincken,Finken,sounds,,,,fnkn
Finckh,Finke,curated,,,,fnh
Finckh,Fink,curated,,,,fnh
Findrić,,,HR,archive,Blažević,fndrc
FINELLI,,,IT,archive,Falco,fnl
FINICOLI,,,IT,archive,Falco,fncl
Fink,Finke,curated,,,,fnk
Fink,Finck,curated,,,,fnk
Fink,Vink,curated,,,,fnk
Fink,Finken,curated,,,,fnk
Fink,Finckh,curated,,,,fnk
Fink,Fincke,sounds,,,,fnk
Fink,Funk,sounds,,,,fnk
Fink,Funke,sounds,,,,fnk
Finke,Fink,curated,,,,fnk
Finke,Finck,curated,,,,fnk
Finke,Vink,curated,,,,fnk
Finke,Fincke,curated,,,,fnk
Finke,Finken,curated,,,,fnk
Finke,Vinke,curated,,,,fnk
Finke,Vincke,curated,,,,fnk
Finke,Vinck,curated,,,,fnk
Finke,Vinken,curated,,,,fnk
Finke,Finckh,curated,,,,fnk
Finke,Fincken,curated,,,,fnk
Finke,Vincken,curated,,,,fnk
Finke,Finkenstein,curated,,,,fnk
Finke,Funk,sounds,,,,fnk
Finke,Funke,sounds,,,,fnk
Finken,Finke,curated,,,,fnkn
Finken,Fink,curated,,,,fnkn
Finken,Fincken,sounds,,,,fnkn
Finkenstein,Finke,curated,,,,fnknstn
FIORE,Fauré,sounds,IT,archive,Falco,fr
FIORE,Fejér,sounds,IT,archive,Falco,fr
FIORE,Farge,sounds,IT,archive,Falco,fr
FIORE,FERRO,sounds,IT,archive,Falco,fr
FIORE,FIERO,sounds,IT,archive,Falco,fr
FIORE,FOUR,sounds,IT,archive,Falco,fr
FIORELLA,FERRIELLO,sounds,IT,archive,Falco,frl
Fischer,Vischer,curated,,,,fsr
Fischer,Fischler,curated,,,,fsr
Fischer,Fischl,curated,,,,fsr
Fischer,Fisher,curated,,,,fsr
Fischl,Vischer,curated,,,,fsl
Fischl,Fischler,curated,,,,fsl
Fischl,Fisher,curated,,,,fsl
Fischl,Fischer,curated,,,,fsl
Fischl,Fussel,sounds,,,,fsl
Fischl,Fussell,sounds,,,,fsl
Fischler,Vischer,curated,,,,fslr
Fischler,Fischl,curated,,,,fslr
Fischler,Fisher,curated,,,,fslr
Fischler,Fischer,curated,,,,fslr
Fisher,Vischer,curated,,,,fshr
Fisher,Fischl,curated,,,,fshr
Fisher,Fischler,curated,,,,fshr
Fisher,Fischer,curated,,,,fshr
Fisher,Fisker,curated,,,,fshr
Fisher,Fiskar,curated,,,,fshr
Fishman,Fichman,curated,,,,fshmn
FISICO,,,IT,archive,Falco,fsc
Fiskar,Fisher,curated,,,,fskr
Fiskar,Fisker,sounds,,,,fskr
Fisker,Fisher,curated,,,,fskr
Fisker,Fiskar,sounds,,,,fskr
FISO,Fuss,sounds,IT,archive,Falco,fs
FIVE,,,IT,archive,Falco,fv
Flanagan,Flanigan,curated,,,,flngn
Flanigan,Flanagan,curated,,,,flngn
Fleischer,Fleischhauer,curated,,,,flsr
Fleischer,Fleischhacker,curated,,,,flsr
Fleischer,Metzger,curated,,,,flsr
Fleischer,Fleischmann,curated,,,,flsr
Fleischer,Fleischner,curated,,,,flsr
Fleischhacker,Fleischhauer,curated,,,,flshkr
Fleischhacker,Fleischer,curated,,,,flshkr
Fleischhauer,Fleischer,curated,,,,flshr
Fleischhauer,Fleischhacker,curated,,,,flshr
Fleischhauer,Fleischmann,curated,,,,flshr
Fleischhauer,Fleischner,curated,,,,flshr
Fleischmann,Fleischer,curated,,,,flsmn
Fleischmann,Fleischhauer,curated,,,,flsmn
Fleischner,Fleischer,curated,,,,flsnr
Fleischner,Fleischhauer,curated,,,,flsnr
Fleming,Flemings,curated,AU,archive,D'Arcy,flmng
Fleming,Flemings,curated,GB,archive,D'Arcy,flmng
Fleming,Flemings,curated,IE,archive,D'Arcy,flmng
Flemings,Fleming,curated,,,,flmngs
Floc'h,Le Floch,curated,,,,flc
Floc'h,Falco,sounds,,,,flc
Flores,Flowers,curated,,,,flrs
Flores,Florian,curated,,,,flrs
Flórez,,,,,,flrz
Florian,Flores,curated,,,,flrn
Florian,FLORINO,sounds,,,,flrn
FLORINO,Florian,sounds,IT,archive,Falco,flrn
Flowers,Flores,curated,,,,flvrs
Flugel,,,,,,fll
Foerster,Förster,curated,,,,frstr
Foerster,Forrester,sounds,,,,frstr
Foerster,Ferster,sounds,,,,frstr
Foerster,Forester,sounds,,,,frstr
Fogel,Vogel,curated,,,,fl
Fogel,FAL,sounds,,,,fl
Fogel,FALIO,sounds,,,,fl
FOGGIOLA,,,IT,archive,Falco,fgl
Folger,Foulger,curated,,,,flr
Folger,Füller,sounds,,,,flr
FONDACHIERE,,,IT,archive,Falco,fndsr
Fong,Feng,curated,,,,fng
Fong,Phùng,sounds,,,,fng
Fong,Fung,sounds,,,,fng
Fong,Phang,sounds,,,,fng
Foo,Fu,curated,,,,f
Foo,Fujii,sounds,,,,f
Foo,Phua,sounds,,,,f
Foo,Fa,sounds,,,,f
Foo,Phí,sounds,,,,f
Foo,Fei,sounds,,,,f
Foo,Fi,sounds,,,,f
FORBES,,,AR,archive,Lerena,frbs
FORBES,,,ES,archive,Lerena,frbs
FORBES,,,UY,archive,Lerena,frbs
FORCHIA,Farges,sounds,IT,archive,Falco,frs
Forester,Förster,curated,,,,frstr
Forester,Forrester,sounds,,,,frstr
Forester,Ferster,sounds,,,,frstr
Forester,Foerster,sounds,,,,frstr
Forlán,Forland,curated,,,,frln
Forlán,Furlan,sounds,,,,frln
Forland,Forlán,curated,,,,frlnd
Forment,Fourment,curated,,,,frmnt
FORNELLA,FRUNILLO,sounds,IT,archive,Falco,frnl
Forrester,Förster,curated,,,,frstr
Forrester,Ferster,sounds,,,,frstr
Forrester,Foerster,sounds,,,,frstr
Forrester,Forester,sounds,,,,frstr
Förster,Forrester,curated,,,,frstr
Förster,Ferster,curated,,,,frstr
Förster,Foerster,curated,,,,frstr
Förster,Forester,curated,,,,frstr
Foulger,Folger,curated,,,,flr
Foulger,Füller,sounds,,,,flr
FOUR,Fauré,sounds,IT,archive,Falco,fr
FOUR,Fejér,sounds,IT,archive,Falco,fr
FOUR,Farge,sounds,IT,archive,Falco,fr
FOUR,FERRO,sounds,IT,archive,Falco,fr
FOUR,FIERO,sounds,IT,archive,Falco,fr
FOUR,FIORE,sounds,IT,archive,Falco,fr
Fourment,Forment,curated,,,,frmnt
Fowler,,,AU,archive,D'Arcy,fvlr
Fowler,,,GB,archive,D'Arcy,fvlr
Fowler,,,IE,archive,D'Arcy,fvlr
Fox,Renard,curated,,,,fks
Fox,Foxe,curated,,,,fks
Foxe,Fox,curated,,,,fks
Fragala,,,AU,archive,Mazza,frgl
Fragala,,,IT,archive,Mazza,frgl
Fragala,,,US,archive,Mazza,frgl
FRAGOSO,,,AR,archive,Lerena,frgs
FRAGOSO,,,ES,archive,Lerena,frgs
FRAGOSO,,,UY,archive,Lerena,frgs
Francesco,Frantz,curated,,,,frnssc
Francesco,Francisco,sounds,,,,frnssc
FRANCHI,Frans,sounds,IT,archive,Falco,frns
Francis,Frantz,curated,,,,frnss
Francis,Franklin,curated,,,,frnss
Francis,Franz,curated,,,,frnss
Francisco,Frantz,curated,,,,frnssc
Francisco,Franklin,curated,,,,frnssc
Francisco,Franz,curated,,,,frnssc
Francisco,Francesco,sounds,,,,frnssc
Franciscus,Frantz,curated,,,,frnsscs
Franck,Frantz,curated,,,,frnk
Franck,Franklin,curated,,,,frnk
Franck,Franz,curated,,,,frnk
Franck,Frank,sounds,,,,frnk
Franck,Franko,sounds,,,,frnk
Franck,Francke,sounds,,,,frnk
Franck,Franke,sounds,,,,frnk
Francke,Franke,curated,,,,frnk
Francke,Frank,sounds,,,,frnk
Francke,Franko,sounds,,,,frnk
Francke,Franck,sounds,,,,frnk
Francklin,Franklin,curated,,,,frnkln
Francklin,Franklyn,sounds,,,,frnkln
Franco,Frantz,curated,IT,archive,Falco,frnc
Franco,Franklin,curated,IT,archive,Falco,frnc
Franco,Franz,curated,IT,archive,Falco,frnc
Franco,Ferrench,sounds,IT,archive,Falco,frnc
Franco,Ferenc,sounds,IT,archive,Falco,frnc
François,Frantz,curated,,,,frncs
François,Franklin,curated,,,,frncs
François,Franz,curated,,,,frncs
Frandsen,Franz,curated,,,,frndsn
Frank,Frantz,curated,,,,frnk
Frank,Franke,curated,,,,frnk
Frank,Franklin,curated,,,,frnk
Frank,Franz,curated,,,,frnk
Frank,Franko,sounds,,,,frnk
Frank,Franck,sounds,,,,frnk
Frank,Francke,sounds,,,,frnk
Franke,Francke,curated,,,,frnk
Franke,Frank,curated,,,,frnk
Franke,Franken,curated,,,,frnk
Franke,Franko,sounds,,,,frnk
Franke,Franck,sounds,,,,frnk
Franken,Franke,curated,,,,frnkn
Franklin,Frantz,curated,,,,frnkln
Franklin,Franz,curated,,,,frnkln
Franklin,Francklin,curated,,,,frnkln
Franklin,Frank,curated,,,,frnkln
Franklin,François,curated,,,,frnkln
Franklin,Ferenc,curated,,,,frnkln
Franklin,Franko,curated,,,,frnkln
Franklin,Francis,curated,,,,frnkln
Franklin,Franklyn,curated,,,,frnkln
Franklin,Franco,curated,,,,frnkln
Franklin,Francisco,curated,,,,frnkln
Franklin,Franck,curated,,,,frnkln
Franklyn,Franklin,curated,,,,frnkln
Franklyn,Francklin,sounds,,,,frnkln
Franko,Frantz,curated,,,,frnk
Franko,Franklin,curated,,,,frnk
Franko,Franz,curated,,,,frnk
Franko,Frank,sounds,,,,frnk
Franko,Franck,sounds,,,,frnk
Franko,Francke,sounds,,,,frnk
Franko,Franke,sounds,,,,frnk
Frans,Frantz,curated,,,,frns
Frans,FRANCHI,sounds,,,,frns
Fransen,Franz,curated,,,,frnsn
Fransen,Fransson,sounds,,,,frnsn
Fransen,Franssen,sounds,,,,frnsn
Franssen,Franz,curated,,,,frnsn
Franssen,Fransson,sounds,,,,frnsn
Franssen,Fransen,sounds,,,,frnsn
Fransson,Franz,curated,,,,frnsn
Fransson,Fransen,sounds,,,,frnsn
Fransson,Franssen,sounds,,,,frnsn
Frantz,Franklin,curated,,,,frntz
Frantz,Franz,curated,,,,frntz
Frantz,François,curated,,,,frntz
Frantz,Ferenc,curated,,,,frntz
Frantz,Frank,curated,,,,frntz
Frantz,Francis,curated,,,,frntz
Frantz,Franko,curated,,,,frntz
Frantz,Francisco,curated,,,,frntz
Frantz,Franco,curated,,,,frntz
Frantz,Franck,curated,,,,frntz
Frantz,Frantzen,curated,,,,frntz
Frantz,Frentz,curated,,,,frntz
Frantz,Francesco,curated,,,,frntz
Frantz,Franciscus,curated,,,,frntz
Frantz,Frans,curated,,,,frntz
Frantz,Frantze,curated,,,,frntz
Frantze,Frantz,curated,,,,frntz
Frantze,Frentz,sounds,,,,frntz
Frantzen,Frantz,curated,,,,frntzn
Franz,Frantz,curated,,,,frnz
Franz,Franklin,curated,,,,frnz
Franz,Fransson,curated,,,,frnz
Franz,Frank,curated,,,,frnz
Franz,François,curated,,,,frnz
Franz,Ferenc,curated,,,,frnz
Franz,Franko,curated,,,,frnz
Franz,Francis,curated,,,,frnz
Franz,Fransen,curated,,,,frnz
Franz,Franco,curated,,,,frnz
Franz,Franck,curated,,,,frnz
Franz,Franssen,curated,,,,frnz
Franz,Francisco,curated,,,,frnz
Franz,Frandsen,curated,,,,frnz
Franz,Frenz,curated,,,,frnz
Frasca,,,IT,archive,Falco,frsc
Fraser,Frazier,curated,,,,frsr
Fraser,Frazer,curated,,,,frsr
Fraser,Freizers,curated,,,,frsr
Fraser,Frasier,sounds,,,,frsr
Frasier,Frazier,curated,,,,frsr
Frasier,Fraser,sounds,,,,frsr
FRATONE,,,IT,archive,Falco,frtn
Frazer,Frazier,curated,,,,frzr
Frazer,Fraser,curated,,,,frzr
Frazier,Fraser,curated,,,,frzr
Frazier,Frazer,curated,,,,frzr
Frazier,Frasier,curated,,,,frzr
FRAZZA,,,IT,archive,Falco,frz
Frederick,Fredriksson,curated,,,,frdrk
Frederick,Fredrik,sounds,,,,frdrk
Frederiksen,Fredriksson,curated,,,,frdrksn
Frederiksen,Fredriksen,sounds,,,,frdrksn
Frederiksen,Fredrikson,sounds,,,,frdrksn
Frederiksen,Frederikssen,sounds,,,,frdrksn
Frederikssen,Fredriksson,curated,,,,frdrksn
Frederikssen,Fredriksen,sounds,,,,frdrksn
Frederikssen,Fredrikson,sounds,,,,frdrksn
Frederikssen,Frederiksen,sounds,,,,frdrksn
Fredricson,Fredriksson,curated,,,,frdrcsn
Fredricson,Fredricsson,sounds,,,,frdrcsn
Fredricson,Friedrichsen,sounds,,,,frdrcsn
Fredricson,Friderichsen,sounds,,,,frdrcsn
Fredricson,Friederichsen,sounds,,,,frdrcsn
Fredricson,Fridrichsen,sounds,,,,frdrcsn
Fredricson,Friedrichson,sounds,,,,frdrcsn
Fredricsson,Fredriksson,curated,,,,frdrcsn
Fredricsson,Fredricson,sounds,,,,frdrcsn
Fredricsson,Friedrichsen,sounds,,,,frdrcsn
Fredricsson,Friderichsen,sounds,,,,frdrcsn
Fredricsson,Friederichsen,sounds,,,,frdrcsn
Fredricsson,Fridrichsen,sounds,,,,frdrcsn
Fredricsson,Friedrichson,sounds,,,,frdrcsn
Fredrik,Fredriksson,curated,,,,frdrk
Fredrik,Frederick,sounds,,,,frdrk
Fredriksen,Fredriksson,curated,,,,frdrksn
Fredriksen,Fredrikson,sounds,,,,frdrksn
Fredriksen,Frederiksen,sounds,,,,frdrksn
Fredriksen,Frederikssen,sounds,,,,frdrksn
Fredrikson,Fredriksson,curated,,,,frdrksn
Fredrikson,Fredriksen,sounds,,,,frdrksn
Fredrikson,Frederiksen,sounds,,,,frdrksn
Fredrikson,Frederikssen,sounds,,,,frdrksn
Fredriksson,Fredriksen,curated,,,,frdrksn
Fredriksson,Friedrich,curated,,,,frdrksn
Fredriksson,Fredrikson,curated,,,,frdrksn
Fredriksson,Frederick,curated,,,,frdrksn
Fredriksson,Fredricsson,curated,,,,frdrksn
Fredriksson,Fredricson,curated,,,,frdrksn
Fredriksson,Frederiksen,curated,,,,frdrksn
Fredriksson,Frederikssen,curated,,,,frdrksn
Fredriksson,Friedrichsen,curated,,,,frdrksn
Fredriksson,Friderichsen,curated,,,,frdrksn
Fredriksson,Friederichsen,curated,,,,frdrksn
Fredriksson,Fridrichsen,curated,,,,frdrksn
Fredriksson,Friedrichson,curated,,,,frdrksn
Fredriksson,Fredrik,curated,,,,frdrksn
Freedman,Friedman,curated,,,,frdmn
Freedman,Friedmann,sounds,,,,frdmn
Freedman,Fridman,sounds,,,,frdmn
Freilich,Fröhlich,curated,,,,frlc
Freilich,Frølich,sounds,,,,frlc
Freind,Freund,curated,,,,frnd
Freind,Fründ,sounds,,,,frnd
Freindt,Freund,curated,,,,frndt
Freindt,Freundt,sounds,,,,frndt
Freindt,Fründt,sounds,,,,frndt
Freitag,Freytag,curated,,,,frtg
Freizers,Fraser,curated,,,,frzrs
Frentz,Frantz,curated,,,,frntz
Frentz,Frantze,sounds,,,,frntz
Frenz,Franz,curated,,,,frnz
Freudl,Freudlsperger,curated,,,,frdl
Freudlsperger,Freudl,curated,,,,frdlsprr
Freund,Freind,curated,,,,frnd
Freund,Freundt,curated,,,,frnd
Freund,Fründt,curated,,,,frnd
Freund,Freindt,curated,,,,frnd
Freund,Fründ,curated,,,,frnd
Freundt,Freund,curated,,,,frndt
Freundt,Fründt,sounds,,,,frndt
Freundt,Freindt,sounds,,,,frndt
Freytag,Freitag,curated,,,,frtg
Fric,Furich,sounds,,,,frc
Friderichsen,Fredriksson,curated,,,,frdrcsn
Friderichsen,Fredricsson,sounds,,,,frdrcsn
Friderichsen,Fredricson,sounds,,,,frdrcsn
Friderichsen,Friedrichsen,sounds,,,,frdrcsn
Friderichsen,Friederichsen,sounds,,,,frdrcsn
Friderichsen,Fridrichsen,sounds,,,,frdrcsn
Friderichsen,Friedrichson,sounds,,,,frdrcsn
Fridman,Friedman,curated,,,,frdmn
Fridman,Friedmann,sounds,,,,frdmn
Fridman,Freedman,sounds,,,,frdmn
Fridrichsen,Fredriksson,curated,,,,frdrcsn
Fridrichsen,Fredricsson,sounds,,,,frdrcsn
Fridrichsen,Fredricson,sounds,,,,frdrcsn
Fridrichsen,Friedrichsen,sounds,,,,frdrcsn
Fridrichsen,Friderichsen,sounds,,,,frdrcsn
Fridrichsen,Friederichsen,sounds,,,,frdrcsn
Fridrichsen,Friedrichson,sounds,,,,frdrcsn
Fried,Friedman,curated,,,,frd
Friederichsen,Fredriksson,curated,,,,frdrcsn
Friederichsen,Fredricsson,sounds,,,,frdrcsn
Friederichsen,Fredricson,sounds,,,,frdrcsn
Friederichsen,Friedrichsen,sounds,,,,frdrcsn
Friederichsen,Friderichsen,sounds,,,,frdrcsn
Friederichsen,Fridrichsen,sounds,,,,frdrcsn
Friederichsen,Friedrichson,sounds,,,,frdrcsn
Friedman,Friedmann,curated,,,,frdmn
Friedman,Fridman,curated,,,,frdmn
Friedman,Fried,curated,,,,frdmn
Friedman,Freedman,curated,,,,frdmn
Friedmann,Friedman,curated,,,,frdmn
Friedmann,Fridman,sounds,,,,frdmn
Friedmann,Freedman,sounds,,,,frdmn
Friedrich,Fredriksson,curated,,,,frdrc
Friedrichsen,Fredriksson,curated,,,,frdrcsn
Friedrichsen,Fredricsson,sounds,,,,frdrcsn
Friedrichsen,Fredricson,sounds,,,,frdrcsn
Friedrichsen,Friderichsen,sounds,,,,frdrcsn
Friedrichsen,Friederichsen,sounds,,,,frdrcsn
Friedrichsen,Fridrichsen,sounds,,,,frdrcsn
Friedrichsen,Friedrichson,sounds,,,,frdrcsn
Friedrichson,Fredriksson,curated,,,,frdrcsn
Friedrichson,Fredricsson,sounds,,,,frdrcsn
Friedrichson,Fredricson,sounds,,,,frdrcsn
Friedrichson,Friedrichsen,sounds,,,,frdrcsn
Friedrichson,Friderichsen,sounds,,,,frdrcsn
Friedrichson,Friederichsen,sounds,,,,frdrcsn
Friedrichson,Fridrichsen,sounds,,,,frdrcsn
Fritsch,Fritz,curated,,,,frts
Fritz,Fritsch,curated,,,,frtz
Fröhlich,Freilich,curated,,,,frhlc
Fröhlich,Frølich,curated,,,,frhlc
Fröhlich,Frolich,curated,,,,frhlc
Fröhlich,Frölich,curated,,,,frhlc
Frølich,Fröhlich,curated,,,,frlc
Frølich,Freilich,sounds,,,,frlc
Fründ,Freund,curated,,,,frnd
Fründ,Freind,sounds,,,,frnd
Fründt,Freund,curated,,,,frndt
Fründt,Freundt,sounds,,,,frndt
Fründt,Freindt,sounds,,,,frndt
FRUNILLO,FORNELLA,sounds,IT,archive,Falco,frnl
FRUTTAJOLO,,,IT,archive,Falco,frtl
Fu,Poh,curated,IT,archive,Falco,f
Fu,Foo,curated,IT,archive,Falco,f
Fu,Boo,curated,IT,archive,Falco,f
Fu,Fujii,sounds,IT,archive,Falco,f
Fu,Phua,sounds,IT,archive,Falco,f
Fu,Fa,sounds,IT,archive,Falco,f
Fu,Phí,sounds,IT,archive,Falco,f
Fu,Fei,sounds,IT,archive,Falco,f
Fu,Fi,sounds,IT,archive,Falco,f
FUCCI,Fuchs,sounds,IT,archive,Falco,fcs
FUCCI,Fuccio,sounds,IT,archive,Falco,fcs
Fuccio,Fuchs,sounds,IT,archive,Falco,fcs
Fuccio,FUCCI,sounds,IT,archive,Falco,fcs
Fuchs,von Fuchs,curated,,,,fcs
Fuchs,Fuccio,sounds,,,,fcs
Fuchs,FUCCI,sounds,,,,fcs
Fudii,Fujii,curated,,,,fd
Fudii,Feid,sounds,,,,fd
Fudii,FUID,sounds,,,,fd
FUID,Fudii,sounds,IT,archive,Falco,fd
FUID,Feid,sounds,IT,archive,Falco,fd
FUIT,Feith,sounds,IT,archive,Falco,ft
FUIT,Fathi,sounds,IT,archive,Falco,ft
FUIT,Fathy,sounds,IT,archive,Falco,ft
FUIT,FAT,sounds,IT,archive,Falco,ft
Fujii,Fudii,curated,,,,f
Fujii,Fu,sounds,,,,f
Fujii,Foo,sounds,,,,f
Fujii,Phua,sounds,,,,f
Fujii,Fa,sounds,,,,f
Fujii,Phí,sounds,,,,f
Fujii,Fei,sounds,,,,f
Fujii,Fi,sounds,,,,f
Füller,Foulger,sounds,,,,flr
Füller,Folger,sounds,,,,flr
Fullwood,,,AU,archive,D'Arcy,flvd
Fullwood,,,GB,archive,D'Arcy,flvd
Fullwood,,,IE,archive,D'Arcy,flvd
Fung,Feng,curated,,,,fng
Fung,Phùng,sounds,,,,fng
Fung,Fong,sounds,,,,fng
Fung,Phang,sounds,,,,fng
Funk,Funke,curated,,,,fnk
Funk,Fink,sounds,,,,fnk
Funk,Finke,sounds,,,,fnk
Funk,Finck,sounds,,,,fnk
Funk,Fincke,sounds,,,,fnk
Funke,Funk,curated,,,,fnk
Funke,Fink,sounds,,,,fnk
Funke,Finke,sounds,,,,fnk
Funke,Finck,sounds,,,,fnk
Funke,Fincke,sounds,,,,fnk
Furich,Fric,sounds,HR,archive,Blažević,frc
Furlan,Forlán,sounds,HR,archive,Blažević,frln
Fuss,Füssel,curated,,,,fs
Fuss,FISO,sounds,,,,fs
Fussel,Fussell,curated,,,,fsl
Fussel,Fuß,curated,,,,fsl
Fussel,Fuss,curated,,,,fsl
Fussel,Fischl,sounds,,,,fsl
Fussell,Fussel,curated,,,,fsl
Fussell,Füssel,curated,,,,fsl
Fussell,Fischl,sounds,,,,fsl
Fyodorov,Fedoriv,curated,,,,fdrv
Fyodorov,Fedorov,sounds,,,,fdrv
Ga,Jia,curated,,,,g
Ga,Gao,sounds,,,,g
Ga,Guay,sounds,,,,g
Ga,Gau,sounds,,,,g
Ga,Go,sounds,,,,g
Ga,Gou,sounds,,,,g
Ga,Gu,sounds,,,,g
Ga,Guo,sounds,,,,g
Ga,Gye,sounds,,,,g
Ga,Gui,sounds,,,,g
GABARRET,Guibert,sounds,AR,archive,Lerena,gbrt
GABARRET,Guibert,sounds,ES,archive,Lerena,gbrt
GABARRET,Guibert,sounds,UY,archive,Lerena,gbrt
GABRIELE,,,IT,archive,Falco,gbrl
Gabrielson,Gabrielsson,curated,,,,gbrlsn
Gabrielsson,Gabrielson,curated,,,,gbrlsn
GAETA,,,IT,archive,Falco,gt
GAETANO,Gaitán,sounds,IT,archive,Falco,gtn
GAGGIANO,,,IT,archive,Falco,ggn
GAGLIARDE,GAGLIARDI,sounds,IT,archive,Falco,gglrd
GAGLIARDE,GAGLIARDO,sounds,IT,archive,Falco,gglrd
GAGLIARDI,GAGLIARDE,sounds,IT,archive,Falco,gglrd
GAGLIARDI,GAGLIARDO,sounds,IT,archive,Falco,gglrd
GAGLIARDO,GAGLIARDE,sounds,IT,archive,Falco,gglrd
GAGLIARDO,GAGLIARDI,sounds,IT,archive,Falco,gglrd
Gagliotti,,,IT,archive,Falco,gglt
Gaitán,Caietanus,curated,,,,gtn
Gaitán,GAETANO,sounds,,,,gtn
GALDIERI,,,IT,archive,Falco,gldr
Galiev,Aliev,curated,,,,glv
Galiev,Galiyev/Ğaliev,curated,,,,glv
Galiev,Alievrin,curated,,,,glv
Galiev,Ghaliev,curated,,,,glv
Ġa̋limov,Alimov,curated,,,,glmv
Ġa̋limov,Galyamov,sounds,,,,glmv
Ġa̋limov,Gallyamov,sounds,,,,glmv
Ġa̋limov,Ġa̋lla̋mov,sounds,,,,glmv
Galiyev/Ğaliev,Əliyev,curated,,,,glvglv
Galiyev/Ğaliev,Galiev,curated,,,,glvglv
Gallacher,Gallagher,curated,,,,glsr
Gallacher,Glaser,sounds,,,,glsr
Gallacher,Gleser,sounds,,,,glsr
Gallacher,Glasser,sounds,,,,glsr
Gallacher,Gloser,sounds,,,,glsr
Gallagher,Gallaher,curated,,,,glr
Gallagher,Gollaher,curated,,,,glr
Gallagher,Galliher,curated,,,,glr
Gallagher,Golliher,curated,,,,glr
Gallagher,Gallacher,curated,,,,glr
Gallaher,Gallagher,curated,,,,glhr
Gallaher,Gollaher,sounds,,,,glhr
Gallaher,Galliher,sounds,,,,glhr
Gallaher,Golliher,sounds,,,,glhr
Ġa̋lla̋mov,Gallyamov,curated,,,,glmv
Ġa̋lla̋mov,Ġa̋limov,sounds,,,,glmv
Ġa̋lla̋mov,Galyamov,sounds,,,,glmv
Galliher,Gallagher,curated,,,,glhr
Galliher,Gallaher,sounds,,,,glhr
Galliher,Gollaher,sounds,,,,glhr
Galliher,Golliher,sounds,,,,glhr
Gallyamov,Galyamov,curated,,,,glmv
Gallyamov,Ġa̋lla̋mov,curated,,,,glmv
Gallyamov,Ġa̋limov,sounds,,,,glmv
Galperin,Halperin,curated,,,,glprn
Galyamov,Gallyamov,curated,,,,glmv
Galyamov,Ġa̋limov,sounds,,,,glmv
Galyamov,Ġa̋lla̋mov,sounds,,,,glmv
Gam,Jin,curated,,,,gm
Gambini,Gambino,curated,,,,gmbn
Gambino,Gambini,curated,,,,gmbn
GAMMELLA,,,IT,archive,Falco,gml
Gan,Kam,curated,,,,gn
Gan,Yan,curated,,,,gn
Gang,Kang,curated,,,,gng
Gang,Geng,curated,,,,gng
Gang,Gong,sounds,,,,gng
Gang,Guang,sounds,,,,gng
Gang,Gyeong,sounds,,,,gng
Gao,Ko,curated,,,,g
Gao,Cao,curated,,,,g
Gao,Kōno,curated,,,,g
Gao,Taka,curated,,,,g
Gao,Kō,curated,,,,g
Gao,Koo,curated,,,,g
Gao,Kao,curated,,,,g
Gao,Take,curated,,,,g
Gao,Takashi,curated,,,,g
Gao,Takai,curated,,,,g
Gao,Gau,curated,,,,g
Gao,Guay,sounds,,,,g
Gao,Go,sounds,,,,g
Gao,Gou,sounds,,,,g
Gao,Gu,sounds,,,,g
Gao,Guo,sounds,,,,g
Gao,Gye,sounds,,,,g
Gao,Gui,sounds,,,,g
Gao,Ga,sounds,,,,g
Gaponenko,Haponenko,curated,,,,gpnnk
Gärber,Gerber,curated,,,,grbr
Garcia,Gris,sounds,,,,grs
Garcia,GRASSO,sounds,,,,grs
Garcia,GROSSI,sounds,,,,grs
Garcia,GROSSO,sounds,,,,grs
Garden,,,AU,archive,D'Arcy,grdn
Garden,,,GB,archive,D'Arcy,grdn
Garden,,,IE,archive,D'Arcy,grdn
Gardener,Gardner,curated,,,,grdnr
Gardener,Gardiner,sounds,,,,grdnr
Gardiner,Gardner,curated,,,,grdnr
Gardiner,Gardener,sounds,,,,grdnr
Gardner,Gardiner,curated,AU,archive,D'Arcy,grdnr
Gardner,Gardiner,curated,GB,archive,D'Arcy,grdnr
Gardner,Gardiner,curated,IE,archive,D'Arcy,grdnr
Gardner,Gardener,curated,AU,archive,D'Arcy,grdnr
Gardner,Gardener,curated,GB,archive,D'Arcy,grdnr
Gardner,Gardener,curated,IE,archive,D'Arcy,grdnr
Gardner,Jardinier,curated,AU,archive,D'Arcy,grdnr
Gardner,Jardinier,curated,GB,archive,D'Arcy,grdnr
Gardner,Jardinier,curated,IE,archive,D'Arcy,grdnr
Garfinkel,Gurfinkel,curated,,,,grfnkl
Garfinkel,Hurfinkel,curated,,,,grfnkl
Garmasch,Garmash,curated,,,,grms
Garmash,Harmash,curated,,,,grmsh
Garmash,Garmasch,curated,,,,grmsh
GASPARE,,,IT,archive,Falco,gspr
Gau,Gao,curated,,,,g
Gau,Guay,sounds,,,,g
Gau,Go,sounds,,,,g
Gau,Gou,sounds,,,,g
Gau,Gu,sounds,,,,g
Gau,Guo,sounds,,,,g
Gau,Gye,sounds,,,,g
Gau,Gui,sounds,,,,g
Gau,Ga,sounds,,,,g
GAUDI,Guida,sounds,IT,archive,Falco,gd
GAUDI,Guido,sounds,IT,archive,Falco,gd
GAUDITO,,,IT,archive,Falco,gdt
Gautz,,,AU,archive,D'Arcy,gtz
Gautz,,,GB,archive,D'Arcy,gtz
Gautz,,,IE,archive,D'Arcy,gtz
GAVARRO,,,AR,archive,Lerena,gvr
GAVARRO,,,ES,archive,Lerena,gvr
GAVARRO,,,UY,archive,Lerena,gvr
GAZO,GUZZO,sounds,AR,archive,Lerena,gz
GAZO,GUZZO,sounds,ES,archive,Lerena,gz
GAZO,GUZZO,sounds,UY,archive,Lerena,gz
Ge,Kal,curated,,,,i
Ge,Cát,curated,,,,i
Gebauer,Bauer,curated,,,,ibr
Gebhard,Gebhardt,curated,,,,ibhrd
Gebhardt,Gebhard,curated,,,,ibhrdt
Gebhardt,Gebhart,curated,,,,ibhrdt
Gebhart,Gebhardt,curated,,,,ibhrt
Geiger,Fiedler,curated,,,,ir
Gelperin,Halperin,curated,,,,ilprn
Gemmell,Gemmill,curated,,,,iml
Gemmill,Gemmell,curated,,,,iml
GENDARME,,,IT,archive,Falco,indrm
Geng,Gyeong,curated,,,,ing
Geng,Gäng,curated,,,,ing
GENGIANO,GIANNINO,sounds,IT,archive,Falco,inn
GENGIANO,GIANNONE,sounds,IT,archive,Falco,inn
GENGIANO,IANNINO,sounds,IT,archive,Falco,inn
GENGIANO,IANNONE,sounds,IT,archive,Falco,inn
GENOVESE,,,IT,archive,Falco,invs
Georg,George,curated,,,,irg
Georg,Georgi,curated,,,,irg
Georg,Georgy,sounds,,,,irg
George,Georgi,curated,,,,ir
George,Jurgens,curated,,,,ir
George,Juris,curated,,,,ir
George,Giorgi,curated,,,,ir
George,Jürgens,curated,,,,ir
George,Jorge,curated,,,,ir
George,Georges,curated,,,,ir
George,Yuri,curated,,,,ir
George,Juri,curated,,,,ir
George,Jorn,curated,,,,ir
George,Jure,curated,,,,ir
George,Georgy,curated,,,,ir
George,Gheorghe,curated,,,,ir
George,Joris,curated,,,,ir
George,Georg,curated,,,,ir
George,Giorgio,curated,,,,ir
George,Jurgen,curated,,,,ir
George,Jordi,curated,,,,ir
George,Yrjö,curated,,,,ir
George,Jürgen,curated,,,,ir
Georges,George,curated,,,,irs
Georges,Georgi,curated,,,,irs
Georges,Juris,sounds,,,,irs
Georges,Joris,sounds,,,,irs
Georgi,George,curated,,,,ir
Georgi,Juris,curated,,,,ir
Georgi,Jurgens,curated,,,,ir
Georgi,Giorgi,curated,,,,ir
Georgi,Georges,curated,,,,ir
Georgi,Jorge,curated,,,,ir
Georgi,Georgii,curated,,,,ir
Georgi,Jorn,curated,,,,ir
Georgi,Jure,curated,,,,ir
Georgi,Georgy,curated,,,,ir
Georgi,Georg,curated,,,,ir
Georgi,Gheorghe,curated,,,,ir
Georgi,Giorgio,curated,,,,ir
Georgi,Joris,curated,,,,ir
Georgi,Jurgen,curated,,,,ir
Georgi,Jordi,curated,,,,ir
Georgi,Yrjö,curated,,,,ir
Georgi,Jürgen,curated,,,,ir
Georgii,Georgi,curated,,,,ir
Georgy,George,curated,,,,irg
Georgy,Georgi,curated,,,,irg
Georgy,Georg,sounds,,,,irg
Gerber,Lauer,curated,,,,irbr
Gerber,Ledergerber,curated,,,,irbr
Gerber,Gärber,curated,,,,irbr
Gerdes,Gerdesius,curated,,,,irds
Gerdesius,Gerdes,curated,,,,irdss
Gerdesius,Gerdt,curated,,,,irdss
Gerdt,Gerdesius,curated,,,,irdt
Gergely,Gregory,curated,,,,irl
Gerkacs,,,HR,archive,Blažević,irkcs
Gerome,,,,,,irm
Gershkovich,Hershkowitz,curated,,,,irshkvc
Gershkovich,Gershkovich/Hershkovych,curated,,,,irshkvc
Gershkovich,Herscovici,curated,,,,irshkvc
Gershkovich/Hershkovych,Gershkovich,curated,,,,irshkvch
Gerstenmaier,Gerstenmayer,curated,,,,irstnmr
Gerstenmaier,Gerstmaier,curated,,,,irstnmr
Gerstenmaier,Gerstenmeier,curated,,,,irstnmr
Gerstenmayer,Gerstenmaier,curated,,,,irstnmr
Gerstenmayer,Gerstenmeier,sounds,,,,irstnmr
Gerstenmeier,Gerstenmaier,curated,,,,irstnmr
Gerstenmeier,Gerstenmayer,sounds,,,,irstnmr
Gerstmaier,Gerstenmaier,curated,,,,irstmr
Gertner,Ghertner,curated,,,,irtnr
GESPO,Jessup,sounds,IT,archive,Falco,isp
GESPO,Jessop,sounds,IT,archive,Falco,isp
GESPO,Jessopp,sounds,IT,archive,Falco,isp
Gevorgyan,Gevorkyan,curated,,,,ivrgn
Gevorgyan,Kevorkian,curated,,,,ivrgn
Gevorkyan,Gevorgyan,curated,,,,ivrkn
Ghaliev,Əliyev,curated,,,,glv
Ghaliev,Galiev,curated,,,,glv
GHELARDI,Gillard,sounds,IT,archive,Falco,ilrd
Gheorghe,George,curated,,,,ir
Gheorghe,Georgi,curated,,,,ir
Ghertner,Gertner,curated,,,,irtnr
GHIOTTI,Jütte,sounds,IT,archive,Falco,it
GHIOTTI,IUTO,sounds,IT,archive,Falco,it
Giacomo,Jacob,curated,,,,icm
Giacomo,Jakob,curated,,,,icm
GIACQUINTO,,,IT,archive,Falco,icknt
Giammona,GIMMINO,sounds,AU,archive,Mazza,imn
Giammona,GIMMINO,sounds,IT,archive,Mazza,imn
Giammona,GIMMINO,sounds,US,archive,Mazza,imn
Giang,Jiang,curated,,,,ing
GIANNINO,GENGIANO,sounds,IT,archive,Falco,inn
GIANNINO,GIANNONE,sounds,IT,archive,Falco,inn
GIANNINO,IANNINO,sounds,IT,archive,Falco,inn
GIANNINO,IANNONE,sounds,IT,archive,Falco,inn
GIANNONE,GENGIANO,sounds,IT,archive,Falco,inn
GIANNONE,GIANNINO,sounds,IT,archive,Falco,inn
GIANNONE,IANNINO,sounds,IT,archive,Falco,inn
GIANNONE,IANNONE,sounds,IT,archive,Falco,inn
GIAPISTO,,,IT,archive,Falco,ipst
GIAQUINTO,,,IT,archive,Falco,iknt
GIARRINO,Jorn,sounds,IT,archive,Falco,irn
GIARRINO,Jurgen,sounds,IT,archive,Falco,irn
GIGANTE,,,IT,archive,Falco,ignt
GIGLIO,,,IT,archive,Falco,igl
Gilbert,Gilberto,curated,,,,ilbrt
Gilbert,Guibert,curated,,,,ilbrt
Gilberto,Gilbert,curated,,,,ilbrt
Gilfoil,Guilfoyle,curated,,,,ilfl
Gillard,GHELARDI,sounds,AU,archive,D'Arcy,ilrd
Gillard,GHELARDI,sounds,GB,archive,D'Arcy,ilrd
Gillard,GHELARDI,sounds,IE,archive,D'Arcy,ilrd
GIMBARDO,,,IT,archive,Falco,imbrd
GIMMINO,Giammona,sounds,IT,archive,Falco,imn
Gingiya,Jin,curated,,,,in
GIO[,,,IT,archive,Falco,i
GIOACCHINO,,,IT,archive,Falco,icsn
Giordano,Jordan,curated,IT,archive,Falco,irdn
Giordano,Jörden,sounds,IT,archive,Falco,irdn
Giordano,Jourdan,sounds,IT,archive,Falco,irdn
Giordano,Jordana,sounds,IT,archive,Falco,irdn
GIORDI,Yar'adua,sounds,IT,archive,Falco,ird
GIORDI,Jordi,sounds,IT,archive,Falco,ird
Giorgi,George,curated,,,,ir
Giorgi,Georgi,curated,,,,ir
Giorgio,George,curated,IT,archive,Falco,ir
Giorgio,Georgi,curated,IT,archive,Falco,ir
GIRARDI,,,IT,archive,Falco,irrd
Girenko,Hirenko,curated,,,,irnk
GIROTTI,,,IT,archive,Falco,irt
GISILLO,Isla,sounds,IT,archive,Falco,isl
Giuliano,Julian,curated,,,,iln
Giuliano,Julien,sounds,,,,iln
Giuliano,Jullian,sounds,,,,iln
Giuliano,Jullien,sounds,,,,iln
Giuliano,Juliano,sounds,,,,iln
GIUSTINA,,,IT,archive,Falco,istn
GIVETTI,,,IT,archive,Falco,ivt
Glaser,Glazer,curated,,,,glsr
Glaser,Glasner,curated,,,,glsr
Glaser,Gleser,curated,,,,glsr
Glaser,Glasser,curated,,,,glsr
Glaser,Gloser,curated,,,,glsr
Glaser,Glasmacher,curated,,,,glsr
Glaser,Glaßer,curated,,,,glsr
Glaser,Glázer,curated,,,,glsr
Glaser,Gallacher,sounds,,,,glsr
Glasmacher,Glaser,curated,,,,glsmsr
Glasner,Glaser,curated,,,,glsnr
Glasser,Glaser,curated,,,,glsr
Glasser,Gleser,sounds,,,,glsr
Glasser,Gloser,sounds,,,,glsr
Glasser,Gallacher,sounds,,,,glsr
Glatz,Kahl,curated,,,,gltz
Glatz,Glatzer,curated,,,,gltz
Glatzer,Glatz,curated,,,,gltzr
Glavičić,,,HR,archive,Blažević,glvsc
Glažar,Glazer,sounds,HR,archive,Blažević,glzr
Glazer,Glaser,curated,,,,glzr
Glazer,Glažar,sounds,,,,glzr
Gleason,Gleeson,curated,,,,glsn
Gleeson,Gleason,curated,,,,glsn
Gleser,Glaser,curated,,,,glsr
Gleser,Glasser,sounds,,,,glsr
Gleser,Gloser,sounds,,,,glsr
Gleser,Gallacher,sounds,,,,glsr
Glick,Glickman,curated,,,,glk
Glick,Glück,curated,,,,glk
Glick,Golik,sounds,,,,glk
Glickman,Glick,curated,,,,glkmn
Glickman,Glucksmann,curated,,,,glkmn
Glickman,Glück,curated,,,,glkmn
Gloser,Glaser,curated,,,,glsr
Gloser,Gleser,sounds,,,,glsr
Gloser,Glasser,sounds,,,,glsr
Gloser,Gallacher,sounds,,,,glsr
Glück,Glick,curated,,,,glk
Glück,Glickman,curated,,,,glk
Glück,Golik,sounds,,,,glk
Glucksmann,Glickman,curated,,,,glksmn
Glushko,Hlushko,curated,,,,glshk
Gluško,Hlushko,curated,,,,glsk
Go,Wu,curated,,,,g
Go,Gao,sounds,,,,g
Go,Guay,sounds,,,,g
Go,Gau,sounds,,,,g
Go,Gou,sounds,,,,g
Go,Gu,sounds,,,,g
Go,Guo,sounds,,,,g
Go,Gye,sounds,,,,g
Go,Gui,sounds,,,,g
Go,Ga,sounds,,,,g
Gob,Göbel,curated,,,,gb
Göbbel,Göbel,curated,,,,gbl
Göbbel,Goebel,sounds,,,,gbl
Göbel,Goebel,curated,,,,gbl
Göbel,Gob,curated,,,,gbl
Göbel,Göbelt,curated,,,,gbl
Göbel,Goebelt,curated,,,,gbl
Göbel,Göbbel,curated,,,,gbl
Göbel,Göbels,curated,,,,gbl
Göbels,Göbel,curated,,,,gbls
Göbelt,Göbel,curated,,,,gblt
Göbelt,Goebelt,sounds,,,,gblt
Goebel,Göbel,curated,,,,gbl
Goebel,Göbbel,sounds,,,,gbl
Goebelt,Göbel,curated,,,,gblt
Goebelt,Göbelt,sounds,,,,gblt
Goepfert,Göpfert,curated,,,,gpfrt
Goh,Wu,curated,,,,gh
Gøhler,,,,,,ghlr
Goldman,Goldmann,curated,,,,gldmn
Goldmann,Goldman,curated,,,,gldmn
Golik,Glick,sounds,HR,archive,Blažević,glk
Golik,Glück,sounds,HR,archive,Blažević,glk
Gollaher,Gallagher,curated,,,,glhr
Gollaher,Gallaher,sounds,,,,glhr
Gollaher,Galliher,sounds,,,,glhr
Gollaher,Golliher,sounds,,,,glhr
Golliher,Gallagher,curated,,,,glhr
Golliher,Gallaher,sounds,,,,glhr
Golliher,Gollaher,sounds,,,,glhr
Golliher,Galliher,sounds,,,,glhr
Golubović,Halubovich,curated,,,,glbvc
Golubović,Golubovich,sounds,,,,glbvc
Golubovich,Halubovich,curated,,,,glbvc
Golubovich,Golubović,sounds,,,,glbvc
Gomerčić,,,HR,archive,Blažević,gmrsc
Gomès,Gómez,curated,,,,gms
Gomès,Gomis,sounds,,,,gms
Gómez,Gomès,curated,,,,gmz
Gómez,Gomes,curated,,,,gmz
Gómez,Gomis,curated,,,,gmz
Gómez,Gomiz,curated,,,,gmz
Gómez,Gómiz,curated,,,,gmz
Gomis,Gómez,curated,,,,gms
Gomis,Gomès,sounds,,,,gms
Gomiz,Gómez,curated,,,,gmz
GONDRAIO,,,IT,archive,Falco,gndr
Gong,Kong,curated,,,,gng
Gong,Jiang,curated,,,,gng
Gong,Gang,sounds,,,,gng
Gong,Guang,sounds,,,,gng
Gong,Gyeong,sounds,,,,gng
GONZALEZ,,,AR,archive,Lerena,gnzlz
GONZALEZ,,,ES,archive,Lerena,gnzlz
GONZALEZ,,,UY,archive,Lerena,gnzlz
Goosman,Goosmann,curated,,,,gsmn
Goosmann,Goosman,curated,,,,gsmn
Göpfert,Gottfried,curated,,,,gpfrt
Göpfert,Goepfert,curated,,,,gpfrt
Göranson,Göransson,curated,,,,grnsn
Göransson,Göranson,curated,,,,grnsn
Göransson,Göranzon,curated,,,,grnsn
Göranzon,Göransson,curated,,,,grnzn
Gordiyenko,Hordiienko,curated,,,,grdnk
GORGIANO,Green,sounds,IT,archive,Falco,grn
GORGIANO,Greene,sounds,IT,archive,Falco,grn
GORGIANO,Grün,sounds,IT,archive,Falco,grn
Gorkovenko,Horkovenko,curated,,,,grkvnk
Gotlieb,Gottlieb,curated,,,,gtlb
Gotsmanov,Hotsmanaw,curated,,,,gtsmnv
Gottfried,Göpfert,curated,,,,gtfrd
Gottlieb,Gotlieb,curated,,,,gtlb
Gou,Wu,curated,,,,g
Gou,Gao,sounds,,,,g
Gou,Guay,sounds,,,,g
Gou,Gau,sounds,,,,g
Gou,Go,sounds,,,,g
Gou,Gu,sounds,,,,g
Gou,Guo,sounds,,,,g
Gou,Gye,sounds,,,,g
Gou,Gui,sounds,,,,g
Gou,Ga,sounds,,,,g
Gould,Goulden,curated,,,,gld
Goulden,Gould,curated,,,,gldn
Gourcuff,Corcuff,curated,,,,grcf
Gow,,,AU,archive,Mazza,gv
Gow,,,IT,archive,Mazza,gv
Gow,,,US,archive,Mazza,gv
Graae,Gray,curated,,,,gr
Graae,Grey,sounds,,,,gr
Graae,Grae,sounds,,,,gr
Graae,GUERRA,sounds,,,,gr
Graaf,de Graaf,curated,,,,grf
Graaf,Gräfe,sounds,,,,grf
Graaf,Graf,sounds,,,,grf
Graaf,Graff,sounds,,,,grf
Graaf,Grefe,sounds,,,,grf
Graaf,Graaffe,sounds,,,,grf
Graaf,Graef,sounds,,,,grf
Graaf,Graeff,sounds,,,,grf
Graaf,GRAFIA,sounds,,,,grf
Graaf,GRIFFO,sounds,,,,grf
Graaf,GRIFO,sounds,,,,grf
Graaffe,Graf,curated,,,,grf
Graaffe,Gräfe,sounds,,,,grf
Graaffe,Graff,sounds,,,,grf
Graaffe,Grefe,sounds,,,,grf
Graaffe,Graef,sounds,,,,grf
Graaffe,Graeff,sounds,,,,grf
Graaffe,Graaf,sounds,,,,grf
Graaffe,GRAFIA,sounds,,,,grf
Graaffe,GRIFFO,sounds,,,,grf
Graaffe,GRIFO,sounds,,,,grf
Grabe,Graf,curated,,,,grb
Grabe,Grebe,sounds,,,,grb
Grae,Gray,curated,,,,gr
Grae,Grey,sounds,,,,gr
Grae,Graae,sounds,,,,gr
Grae,GUERRA,sounds,,,,gr
Graef,Graeff,curated,,,,grf
Graef,Gräfe,sounds,,,,grf
Graef,Graf,sounds,,,,grf
Graef,Graff,sounds,,,,grf
Graef,Grefe,sounds,,,,grf
Graef,Graaffe,sounds,,,,grf
Graef,Graaf,sounds,,,,grf
Graef,GRAFIA,sounds,,,,grf
Graef,GRIFFO,sounds,,,,grf
Graef,GRIFO,sounds,,,,grf
Graeff,Graef,curated,,,,grf
Graeff,Gräf,curated,,,,grf
Graeff,Gräff,curated,,,,grf
Graeff,Gräfe,sounds,,,,grf
Graeff,Graf,sounds,,,,grf
Graeff,Graff,sounds,,,,grf
Graeff,Grefe,sounds,,,,grf
Graeff,Graaffe,sounds,,,,grf
Graeff,Graaf,sounds,,,,grf
Graeff,GRAFIA,sounds,,,,grf
Graeff,GRIFFO,sounds,,,,grf
Graeff,GRIFO,sounds,,,,grf
Graeme,Graham,curated,,,,grm
Graeme,Grim,sounds,,,,grm
Graeme,Grimm,sounds,,,,grm
Graeme,Grimme,sounds,,,,grm
Graf,Gräfe,curated,,,,grf
Graf,Grewe,curated,,,,grf
Graf,Grafe,curated,,,,grf
Graf,Grabe,curated,,,,grf
Graf,Graff,curated,,,,grf
Graf,Greve,curated,,,,grf
Graf,Grave,curated,,,,grf
Graf,Grebe,curated,,,,grf
Graf,Grefe,curated,,,,grf
Graf,Gräff,curated,,,,grf
Graf,Gräwe,curated,,,,grf
Graf,Grevé,curated,,,,grf
Graf,Graaffe,curated,,,,grf
Graf,Graeff,curated,,,,grf
Graf,Graef,sounds,,,,grf
Graf,Graaf,sounds,,,,grf
Graf,GRAFIA,sounds,,,,grf
Graf,GRIFFO,sounds,,,,grf
Graf,GRIFO,sounds,,,,grf
Gräfe,Graf,curated,,,,grf
Gräfe,Graff,sounds,,,,grf
Gräfe,Grefe,sounds,,,,grf
Gräfe,Graaffe,sounds,,,,grf
Gräfe,Graef,sounds,,,,grf
Gräfe,Graeff,sounds,,,,grf
Gräfe,Graaf,sounds,,,,grf
Gräfe,GRAFIA,sounds,,,,grf
Gräfe,GRIFFO,sounds,,,,grf
Gräfe,GRIFO,sounds,,,,grf
Graff,Graf,curated,,,,grf
Graff,Graeff,curated,,,,grf
Graff,Gräfe,sounds,,,,grf
Graff,Grefe,sounds,,,,grf
Graff,Graaffe,sounds,,,,grf
Graff,Graef,sounds,,,,grf
Graff,Graaf,sounds,,,,grf
Graff,GRAFIA,sounds,,,,grf
Graff,GRIFFO,sounds,,,,grf
Graff,GRIFO,sounds,,,,grf
GRAFIA,Gräfe,sounds,IT,archive,Falco,grf
GRAFIA,Graf,sounds,IT,archive,Falco,grf
GRAFIA,Graff,sounds,IT,archive,Falco,grf
GRAFIA,Grefe,sounds,IT,archive,Falco,grf
GRAFIA,Graaffe,sounds,IT,archive,Falco,grf
GRAFIA,Graef,sounds,IT,archive,Falco,grf
GRAFIA,Graeff,sounds,IT,archive,Falco,grf
GRAFIA,Graaf,sounds,IT,archive,Falco,grf
GRAFIA,GRIFFO,sounds,IT,archive,Falco,grf
GRAFIA,GRIFO,sounds,IT,archive,Falco,grf
Graham,Graeme,curated,,,,grhm
Graham,Grahm,curated,,,,grhm
Grahm,Graham,curated,,,,grhm
GRANDAL,,,AR,archive,Lerena,grndl
GRANDAL,,,ES,archive,Lerena,grndl
GRANDAL,,,UY,archive,Lerena,grndl
GRASSO,Garcia,sounds,AU,archive,Mazza,grs
GRASSO,Garcia,sounds,IT,archive,Falco; Mazza,grs
GRASSO,Garcia,sounds,US,archive,Mazza,grs
GRASSO,Gris,sounds,AU,archive,Mazza,grs
GRASSO,Gris,sounds,IT,archive,Falco; Mazza,grs
GRASSO,Gris,sounds,US,archive,Mazza,grs
GRASSO,GROSSI,sounds,AU,archive,Mazza,grs
GRASSO,GROSSI,sounds,IT,archive,Falco; Mazza,grs
GRASSO,GROSSI,sounds,US,archive,Mazza,grs
GRASSO,GROSSO,sounds,AU,archive,Mazza,grs
GRASSO,GROSSO,sounds,IT,archive,Falco; Mazza,grs
GRASSO,GROSSO,sounds,US,archive,Mazza,grs
GRATIARUM,,,IT,archive,Falco,grtrm
GRATIROLI,,,IT,archive,Falco,grtrl
Grave,Graf,curated,,,,grv
Grave,Grewe,sounds,,,,grv
Grave,Greve,sounds,,,,grv
Grave,Gräwe,sounds,,,,grv
Gravenegg,,,AU,archive,D'Arcy,grvng
Gravenegg,,,GB,archive,D'Arcy,grvng
Gravenegg,,,IE,archive,D'Arcy,grvng
Gräwe,Graf,curated,,,,grv
Gräwe,Grewe,sounds,,,,grv
Gräwe,Greve,sounds,,,,grv
Gräwe,Grave,sounds,,,,grv
Gray,Grey,curated,,,,gr
Gray,Gris,curated,,,,gr
Gray,Graae,curated,,,,gr
Gray,Grae,curated,,,,gr
Gray,GUERRA,sounds,,,,gr
GRAZI,GRAZIA,sounds,IT,archive,Falco,grz
GRAZI,GRAZIO,sounds,IT,archive,Falco,grz
GRAZIA,GRAZI,sounds,IT,archive,Falco,grz
GRAZIA,GRAZIO,sounds,IT,archive,Falco,grz
GRAZIO,GRAZI,sounds,IT,archive,Falco,grz
GRAZIO,GRAZIA,sounds,IT,archive,Falco,grz
Grebe,Graf,curated,,,,grb
Grebe,Grabe,sounds,,,,grb
GRECO,,,IT,archive,Falco,grc
Green,Greene,curated,,,,grn
Green,Grün,curated,,,,grn
Green,GORGIANO,sounds,,,,grn
Greenaway,Greenway,curated,,,,grnv
Greene,Green,curated,,,,grn
Greene,Greener,curated,,,,grn
Greene,Grün,sounds,,,,grn
Greene,GORGIANO,sounds,,,,grn
Greener,Greene,curated,,,,grnr
Greenspan,Grünspan,curated,,,,grnspn
Greenspan,Greenspoon,curated,,,,grnspn
Greenspan,Greenspun,curated,,,,grnspn
Greenspan,Grinshpun,curated,,,,grnspn
Greenspan,Grynspan,curated,,,,grnspn
Greenspan,Grynszpan,curated,,,,grnspn
Greenspoon,Grünspan,curated,,,,grnspn
Greenspoon,Greenspan,curated,,,,grnspn
Greenspoon,Greenspun,sounds,,,,grnspn
Greenspoon,Grynspan,sounds,,,,grnspn
Greenspoon,Grynszpan,sounds,,,,grnspn
Greenspun,Grünspan,curated,,,,grnspn
Greenspun,Greenspan,curated,,,,grnspn
Greenspun,Greenspoon,sounds,,,,grnspn
Greenspun,Grynspan,sounds,,,,grnspn
Greenspun,Grynszpan,sounds,,,,grnspn
Greenway,Greenaway,curated,,,,grnv
Grefe,Graf,curated,,,,grf
Grefe,Gräfe,sounds,,,,grf
Grefe,Graff,sounds,,,,grf
Grefe,Graaffe,sounds,,,,grf
Grefe,Graef,sounds,,,,grf
Grefe,Graeff,sounds,,,,grf
Grefe,Graaf,sounds,,,,grf
Grefe,GRAFIA,sounds,,,,grf
Grefe,GRIFFO,sounds,,,,grf
Grefe,GRIFO,sounds,,,,grf
Greger,Gregory,curated,,,,grr
Gregers,Gregory,curated,,,,grrs
Gregersen,Gregertsen,curated,,,,grrsn
Gregertsen,Gregersen,curated,,,,grrtsn
Gregor,Gregory,curated,,,,grgr
Gregor,Gregorio,sounds,,,,grgr
Gregorio,Gregory,curated,,,,grgr
Gregorio,Gregor,sounds,,,,grgr
Gregorius,Gregory,curated,,,,grgrs
Gregory,Juris,curated,,,,grgr
Gregory,Gregor,curated,,,,grgr
Gregory,Gergely,curated,,,,grgr
Gregory,Gregorio,curated,,,,grgr
Gregory,Rehor,curated,,,,grgr
Gregory,Greig,curated,,,,grgr
Gregory,Gregers,curated,,,,grgr
Gregory,Gregorius,curated,,,,grgr
Gregory,Greger,curated,,,,grgr
Greig,Gregory,curated,,,,grg
Greve,Graf,curated,,,,grv
Greve,Grewe,sounds,,,,grv
Greve,Grave,sounds,,,,grv
Greve,Gräwe,sounds,,,,grv
Grewe,Graf,curated,,,,grv
Grewe,Greve,sounds,,,,grv
Grewe,Grave,sounds,,,,grv
Grewe,Gräwe,sounds,,,,grv
Grey,Gray,curated,,,,gr
Grey,Graae,sounds,,,,gr
Grey,Grae,sounds,,,,gr
Grey,GUERRA,sounds,,,,gr
Gridnev,Hrydniev,curated,,,,grdnv
Griffin,Griffiths,curated,,,,grfn
Griffin,Griffith,curated,,,,grfn
Griffith,Griffiths,curated,,,,grft
Griffith,Gruffydd,curated,,,,grft
Griffith,Gruffudd,curated,,,,grft
Griffith,Griffin,curated,,,,grft
Griffiths,Griffith,curated,,,,grfts
Griffiths,Griffin,curated,,,,grfts
GRIFFO,Gräfe,sounds,IT,archive,Falco,grf
GRIFFO,Graf,sounds,IT,archive,Falco,grf
GRIFFO,Graff,sounds,IT,archive,Falco,grf
GRIFFO,Grefe,sounds,IT,archive,Falco,grf
GRIFFO,Graaffe,sounds,IT,archive,Falco,grf
GRIFFO,Graef,sounds,IT,archive,Falco,grf
GRIFFO,Graeff,sounds,IT,archive,Falco,grf
GRIFFO,Graaf,sounds,IT,archive,Falco,grf
GRIFFO,GRAFIA,sounds,IT,archive,Falco,grf
GRIFFO,GRIFO,sounds,IT,archive,Falco,grf
GRIFO,Gräfe,sounds,IT,archive,Falco,grf
GRIFO,Graf,sounds,IT,archive,Falco,grf
GRIFO,Graff,sounds,IT,archive,Falco,grf
GRIFO,Grefe,sounds,IT,archive,Falco,grf
GRIFO,Graaffe,sounds,IT,archive,Falco,grf
GRIFO,Graef,sounds,IT,archive,Falco,grf
GRIFO,Graeff,sounds,IT,archive,Falco,grf
GRIFO,Graaf,sounds,IT,archive,Falco,grf
GRIFO,GRAFIA,sounds,IT,archive,Falco,grf
GRIFO,GRIFFO,sounds,IT,archive,Falco,grf
Grim,Grimm,curated,,,,grm
Grim,Grimme,sounds,,,,grm
Grim,Graeme,sounds,,,,grm
Grimm,Grim,curated,,,,grm
Grimm,Grimme,curated,,,,grm
Grimm,Graeme,sounds,,,,grm
Grimme,Grimm,curated,,,,grm
Grimme,Grim,sounds,,,,grm
Grimme,Graeme,sounds,,,,grm
Grinshpun,Grünspan,curated,,,,grnshpn
Grinshpun,Greenspan,curated,,,,grnshpn
GRIPPI,,,IT,archive,Falco,grp
Gris,Gray,curated,,,,grs
Gris,Garcia,sounds,,,,grs
Gris,GRASSO,sounds,,,,grs
Gris,GROSSI,sounds,,,,grs
Gris,GROSSO,sounds,,,,grs
GRISPOLO,,,IT,archive,Falco,grspl
GRISWOLD or Greswald,,,AU,archive,D'Arcy,grsvld r
GRISWOLD or Greswald,,,GB,archive,D'Arcy,grsvld r
GRISWOLD or Greswald,,,IE,archive,D'Arcy,grsvld r
Groening,Gröning,curated,,,,grnng
Groening,Grønning,sounds,,,,grnng
Grönhagen,Grünhagen,curated,,,,grnhn
Gröning,Groening,curated,,,,grnng
Gröning,Grønning,curated,,,,grnng
Grønning,Gröning,curated,,,,grnng
Grønning,Groening,sounds,,,,grnng
Groot,De Groot,curated,,,,grt
Groot,GROTTI,sounds,,,,grt
GROSSI,Garcia,sounds,IT,archive,Falco,grs
GROSSI,Gris,sounds,IT,archive,Falco,grs
GROSSI,GRASSO,sounds,IT,archive,Falco,grs
GROSSI,GROSSO,sounds,IT,archive,Falco,grs
GROSSO,Garcia,sounds,IT,archive,Falco,grs
GROSSO,Gris,sounds,IT,archive,Falco,grs
GROSSO,GRASSO,sounds,IT,archive,Falco,grs
GROSSO,GROSSI,sounds,IT,archive,Falco,grs
GROTTI,Groot,sounds,IT,archive,Falco,grt
Gruffudd,Griffith,curated,,,,grfd
Gruffudd,Gruffydd,sounds,,,,grfd
Gruffydd,Griffith,curated,,,,grfd
Gruffydd,Gruffudd,sounds,,,,grfd
Grün,Green,curated,,,,grn
Grün,Greene,sounds,,,,grn
Grün,GORGIANO,sounds,,,,grn
Grünhagen,Grönhagen,curated,,,,grnhn
Grünhut,,,HR,archive,Blažević,grnht
Grünspan,Greenspan,curated,,,,grnspn
Grünspan,Greenspoon,curated,,,,grnspn
Grünspan,Greenspun,curated,,,,grnspn
Grünspan,Grinshpun,curated,,,,grnspn
Grünspan,Grynspan,curated,,,,grnspn
Grünspan,Grynszpan,curated,,,,grnspn
Grünspecht,Specht,curated,,,,grnspct
Grünvogel,Vogel,curated,,,,grnvl
Grynspan,Grünspan,curated,,,,grnspn
Grynspan,Greenspan,curated,,,,grnspn
Grynspan,Greenspoon,sounds,,,,grnspn
Grynspan,Greenspun,sounds,,,,grnspn
Grynspan,Grynszpan,sounds,,,,grnspn
Grynszpan,Grünspan,curated,,,,grnspn
Grynszpan,Greenspan,curated,,,,grnspn
Grynszpan,Greenspoon,sounds,,,,grnspn
Grynszpan,Greenspun,sounds,,,,grnspn
Grynszpan,Grynspan,sounds,,,,grnspn
Gu,Qiu,curated,,,,g
Gu,Qiú,curated,,,,g
Gu,Ko,curated,,,,g
Gu,Gao,sounds,,,,g
Gu,Guay,sounds,,,,g
Gu,Gau,sounds,,,,g
Gu,Go,sounds,,,,g
Gu,Gou,sounds,,,,g
Gu,Guo,sounds,,,,g
Gu,Gye,sounds,,,,g
Gu,Gui,sounds,,,,g
Gu,Ga,sounds,,,,g
GUADAGNO,,,IT,archive,Falco,gdgn
Guang,Gang,sounds,,,,gng
Guang,Gong,sounds,,,,gng
Guang,Gyeong,sounds,,,,gng
GUARDI,,,IT,archive,Falco,grd
GUARDIELLA,,,IT,archive,Falco,grdl
Guay,Hey,curated,,,,g
Guay,Gao,sounds,,,,g
Guay,Gau,sounds,,,,g
Guay,Go,sounds,,,,g
Guay,Gou,sounds,,,,g
Guay,Gu,sounds,,,,g
Guay,Guo,sounds,,,,g
Guay,Gye,sounds,,,,g
Guay,Gui,sounds,,,,g
Guay,Ga,sounds,,,,g
Gubenka,Gubenko,curated,,,,gbnk
Gubenko,Hubenko,curated,,,,gbnk
Gubenko,Gubenka,curated,,,,gbnk
GUCCIA,,,IT,archive,Falco,gcs
Guenter,Günther,curated,,,,gntr
Guenter,Gunther,sounds,,,,gntr
Guenter,Guenther,sounds,,,,gntr
Guenter,Gunter,sounds,,,,gntr
Guenter,Gynther,sounds,,,,gntr
Guenther,Günther,curated,,,,gntr
Guenther,Gunther,sounds,,,,gntr
Guenther,Guenter,sounds,,,,gntr
Guenther,Gunter,sounds,,,,gntr
Guenther,Gynther,sounds,,,,gntr
GUERRA,Grey,sounds,IT,archive,Falco,gr
GUERRA,Gray,sounds,IT,archive,Falco,gr
GUERRA,Graae,sounds,IT,archive,Falco,gr
GUERRA,Grae,sounds,IT,archive,Falco,gr
Gui,Gye,curated,,,,g
Gui,Gao,sounds,,,,g
Gui,Guay,sounds,,,,g
Gui,Gau,sounds,,,,g
Gui,Go,sounds,,,,g
Gui,Gou,sounds,,,,g
Gui,Gu,sounds,,,,g
Gui,Guo,sounds,,,,g
Gui,Ga,sounds,,,,g
Guibert,Gilbert,curated,,,,gbrt
Guibert,GABARRET,sounds,,,,gbrt
Guida,Guido,curated,IT,archive,Falco,gd
Guida,GUIDO,curated,IT,archive,Falco,gd
Guida,GAUDI,sounds,IT,archive,Falco,gd
Guido,Guida,curated,IT,archive,Falco,gd
Guido,di Guida,curated,IT,archive,Falco,gd
Guido,DI GUIDA,curated,IT,archive,Falco,gd
Guido,GUIDA,curated,IT,archive,Falco,gd
Guido,GAUDI,sounds,IT,archive,Falco,gd
Guilfoil,Guilfoyle,curated,,,,glfl
Guilfoil,Guilfoile,sounds,,,,glfl
Guilfoile,Guilfoyle,curated,,,,glfl
Guilfoile,Guilfoil,sounds,,,,glfl
Guilfoyle,Gilfoil,curated,,,,glfl
Guilfoyle,Guilfoil,curated,,,,glfl
Guilfoyle,Guilfoile,curated,,,,glfl
Guilhem,Williams,curated,,,,glhm
Guillaume,Williams,curated,,,,glm
Guizar,,,,,,gzr
Gundersen,Gunderson,curated,,,,gndrsn
Gundersen,Gunderssen,curated,,,,gndrsn
Gunderson,Gundersen,curated,,,,gndrsn
Gunderson,Gunderssen,sounds,,,,gndrsn
Gunderssen,Gundersen,curated,,,,gndrsn
Gunderssen,Gunderson,sounds,,,,gndrsn
Gunner,Günther,curated,,,,gnr
Gunter,Günther,curated,,,,gntr
Gunter,Gunther,sounds,,,,gntr
Gunter,Guenther,sounds,,,,gntr
Gunter,Guenter,sounds,,,,gntr
Gunter,Gynther,sounds,,,,gntr
Gunther,Guenther,curated,,,,gntr
Gunther,Guenter,curated,,,,gntr
Gunther,Gunner,curated,,,,gntr
Gunther,Gunter,curated,,,,gntr
Gunther,Gynther,curated,,,,gntr
Gunther,Günter,curated,,,,gntr
Gunther,Günthner,curated,,,,gntr
Günthner,Günther,curated,,,,gntnr
Guo,Kwak,curated,,,,g
Guo,Kwok,curated,,,,g
Guo,Quách,curated,,,,g
Guo,Kuok,curated,,,,g
Guo,Gao,sounds,,,,g
Guo,Guay,sounds,,,,g
Guo,Gau,sounds,,,,g
Guo,Go,sounds,,,,g
Guo,Gou,sounds,,,,g
Guo,Gu,sounds,,,,g
Guo,Gye,sounds,,,,g
Guo,Gui,sounds,,,,g
Guo,Ga,sounds,,,,g
Gurfinkel,Garfinkel,curated,,,,grfnkl
Gustafson,Gustavsen,curated,,,,gstfsn
Gustafson,Gustafsson,sounds,,,,gstfsn
Gustafsson,Gustavsen,curated,,,,gstfsn
Gustafsson,Gustafson,sounds,,,,gstfsn
Gustavsen,Gustavsson,curated,,,,gstvsn
Gustavsen,Gustafson,curated,,,,gstvsn
Gustavsen,Gustafsson,curated,,,,gstvsn
Gustavsen,Gustavson,curated,,,,gstvsn
Gustavsen,Gustawsson,curated,,,,gstvsn
Gustavson,Gustavsen,curated,,,,gstvsn
Gustavson,Gustavsson,sounds,,,,gstvsn
Gustavson,Gustawsson,sounds,,,,gstvsn
Gustavsson,Gustavsen,curated,,,,gstvsn
Gustavsson,Gustavson,sounds,,,,gstvsn
Gustavsson,Gustawsson,sounds,,,,gstvsn
Gustawsson,Gustavsen,curated,,,,gstvsn
Gustawsson,Gustavsson,sounds,,,,gstvsn
Gustawsson,Gustavson,sounds,,,,gstvsn
Güstrow,,,AU,archive,D'Arcy,gstrv
Güstrow,,,GB,archive,D'Arcy,gstrv
Güstrow,,,IE,archive,D'Arcy,gstrv
Guthormsen,Guttormsson,curated,,,,gtrmsn
Guthormsen,Guttormsen,sounds,,,,gtrmsn
Guttorm,Guttormsson,curated,,,,gtrm
Guttormsen,Guttormsson,curated,,,,gtrmsn
Guttormsen,Guthormsen,sounds,,,,gtrmsn
Guttormsson,Guttormsen,curated,,,,gtrmsn
Guttormsson,Guttorm,curated,,,,gtrmsn
Guttormsson,Guthormsen,curated,,,,gtrmsn
GUZZO,GAZO,sounds,IT,archive,Falco,gz
Gye,Gui,curated,,,,g
Gye,Ji,curated,,,,g
Gye,Gao,sounds,,,,g
Gye,Guay,sounds,,,,g
Gye,Gau,sounds,,,,g
Gye,Go,sounds,,,,g
Gye,Gou,sounds,,,,g
Gye,Gu,sounds,,,,g
Gye,Guo,sounds,,,,g
Gye,Ga,sounds,,,,g
Gyeong,Geng,curated,,,,gng
Gyeong,Gang,sounds,,,,gng
Gyeong,Gong,sounds,,,,gng
Gyeong,Guang,sounds,,,,gng
Gynther,Günther,curated,,,,gntr
Gynther,Gunther,sounds,,,,gntr
Gynther,Guenther,sounds,,,,gntr
Gynther,Guenter,sounds,,,,gntr
Gynther,Gunter,sounds,,,,gntr
Ha,Xia,curated,,,,h
Ha,He,curated,,,,h
Haach,Haag,curated,,,,hc
Haach,Hach,sounds,,,,hc
Haag,Hagen,curated,,,,hg
Haag,Hager,curated,,,,hg
Haag,Hagman,curated,,,,hg
Haag,Hagmann,curated,,,,hg
Haag,Haagen,curated,,,,hg
Haag,Hach,curated,,,,hg
Haag,Hage,curated,,,,hg
Haag,Heeg,curated,,,,hg
Haag,Haager,curated,,,,hg
Haag,Haage,curated,,,,hg
Haag,Haach,curated,,,,hg
Haag,Haigh,sounds,,,,hg
Haag,Haig,sounds,,,,hg
Haag,Hugo,sounds,,,,hg
Haage,Haag,curated,,,,h
Haagen,Haag,curated,,,,hn
Haagen,Hagen,curated,,,,hn
Haagen,Hon,sounds,,,,hn
Haagen,Han,sounds,,,,hn
Haagen,Khan,sounds,,,,hn
Haagen,Hein,sounds,,,,hn
Haagen,Heyne,sounds,,,,hn
Haagen,Heine,sounds,,,,hn
Haager,Haag,curated,,,,hr
Haager,Hager,sounds,,,,hr
Haager,Harry,sounds,,,,hr
Haas,Haase,curated,,,,hs
Haas,Hase,curated,,,,hs
Haas,Haasz,curated,,,,hs
Haas,De Haas,curated,,,,hs
Haase,Haas,curated,,,,hs
Haasz,Haas,curated,,,,hs
Hach,Haag,curated,,,,hc
Hach,Haach,sounds,,,,hc
Hackman,Hackmann,curated,,,,hkmn
Hackmann,Hackman,curated,,,,hkmn
Hadebe,Radebe,curated,,,,hdb
Haempel,Hempel,curated,,,,hmpl
Haempel,Hampel,sounds,,,,hmpl
Haempel,Hempell,sounds,,,,hmpl
Haempel,Hempl,sounds,,,,hmpl
Haense,Hense,curated,,,,hns
Haense,Hainsch,sounds,,,,hns
Haense,Hainisch,sounds,,,,hns
Haense,Hensse,sounds,,,,hns
Haense,Hänse,sounds,,,,hns
Haense,Hans,sounds,,,,hns
Hagan,O'Hagan,curated,,,,hgn
Hagan,Hagen,curated,,,,hgn
Hagan,Haggan,sounds,,,,hgn
Hagan,Haggen,sounds,,,,hgn
Hagan,Hagn,sounds,,,,hgn
Hage,Hagen,curated,,,,h
Hage,Haag,curated,,,,h
Hagemann,Hagen,curated,,,,hmn
Hagen,O'Hagan,curated,,,,hn
Hagen,Haag,curated,,,,hn
Hagen,Haggan,curated,,,,hn
Hagen,Hagner,curated,,,,hn
Hagen,Hagan,curated,,,,hn
Hagen,Hagemann,curated,,,,hn
Hagen,Haagen,curated,,,,hn
Hagen,Hage,curated,,,,hn
Hagen,Haggen,curated,,,,hn
Hagen,Häger,curated,,,,hn
Hagen,Hagn,curated,,,,hn
Hagen,Hagener,curated,,,,hn
Hagen,Hon,sounds,,,,hn
Hagen,Han,sounds,,,,hn
Hagen,Khan,sounds,,,,hn
Hagen,Hein,sounds,,,,hn
Hagen,Heyne,sounds,,,,hn
Hagen,Heine,sounds,,,,hn
Hagener,Hagen,curated,,,,hnr
Hagener,Henry,sounds,,,,hnr
Hagener,Henri,sounds,,,,hnr
Hagener,Heyner,sounds,,,,hnr
Hager,Haag,curated,,,,hr
Hager,Hagen,curated,,,,hr
Hager,Haager,sounds,,,,hr
Hager,Harry,sounds,,,,hr
Haggan,O'Hagan,curated,,,,hgn
Haggan,Hagen,curated,,,,hgn
Haggan,Hagan,sounds,,,,hgn
Haggan,Haggen,sounds,,,,hgn
Haggan,Hagn,sounds,,,,hgn
Haggen,Hagen,curated,,,,hgn
Haggen,Hagan,sounds,,,,hgn
Haggen,Haggan,sounds,,,,hgn
Haggen,Hagn,sounds,,,,hgn
Hagman,Haag,curated,,,,hgmn
Hagman,Hagmann,sounds,,,,hgmn
Hagmann,Haag,curated,,,,hgmn
Hagmann,Hagman,sounds,,,,hgmn
Hagn,Hagen,curated,,,,hgn
Hagn,Hagan,sounds,,,,hgn
Hagn,Haggan,sounds,,,,hgn
Hagn,Haggen,sounds,,,,hgn
Hagner,Hagen,curated,,,,hgnr
Haig,Haigh,curated,,,,hg
Haig,Haag,sounds,,,,hg
Haig,Heeg,sounds,,,,hg
Haig,Hugo,sounds,,,,hg
Haigh,Haig,curated,,,,hg
Haigh,Haag,sounds,,,,hg
Haigh,Heeg,sounds,,,,hg
Haigh,Hugo,sounds,,,,hg
Hainisch,Hainsch,curated,,,,hns
Hainisch,Haense,sounds,,,,hns
Hainisch,Hense,sounds,,,,hns
Hainisch,Hensse,sounds,,,,hns
Hainisch,Hänse,sounds,,,,hns
Hainisch,Hans,sounds,,,,hns
Hainke,Heinke,curated,,,,hnk
Hainsch,Hainisch,curated,,,,hns
Hainsch,Haense,sounds,,,,hns
Hainsch,Hense,sounds,,,,hns
Hainsch,Hensse,sounds,,,,hns
Hainsch,Hänse,sounds,,,,hns
Hainsch,Hans,sounds,,,,hns
Hajek,,,,,,hk
Hale,Helle,sounds,IT,archive,Falco,hl
Ḣaliev,Əliyev,curated,,,,hlv
Ḣalil,Əliyev,curated,,,,hll
Halliday,,,IT,archive,Falco,hld
Hallinich,,,HR,archive,Blažević,hlnc
Halperin,Galperin,curated,,,,hlprn
Halperin,Gelperin,curated,,,,hlprn
Halubovich,Holubovych,curated,,,,hlbvc
Halubovich,Golubović,curated,,,,hlbvc
Halubovich,Golubovich,curated,,,,hlbvc
Ham,Xián,curated,,,,hm
Ham,Him,sounds,,,,hm
Hamad,Hamadeh,curated,,,,hmd
Hamad,Hamdy,sounds,,,,hmd
Hamad,Hamdi,sounds,,,,hmd
Hamadeh,Hamad,curated,,,,hmdh
Hamdi,Hamdy,curated,,,,hmd
Hamdi,Hamad,sounds,,,,hmd
Hamdy,Hamdi,curated,,,,hmd
Hamdy,Hamad,sounds,,,,hmd
Hampe,Hempel,curated,,,,hmp
Hampe,Hempe,sounds,,,,hmp
Hampel,Hempel,curated,,,,hmpl
Hampel,Haempel,sounds,,,,hmpl
Hampel,Hempell,sounds,,,,hmpl
Hampel,Hempl,sounds,,,,hmpl
Han,Hon,curated,,,,hn
Han,Hagen,sounds,,,,hn
Han,Haagen,sounds,,,,hn
Han,Khan,sounds,,,,hn
Han,Hein,sounds,,,,hn
Han,Heyne,sounds,,,,hn
Han,Heine,sounds,,,,hn
Hanek,Hanko,curated,,,,hnk
Hanig,Hannig,curated,,,,hng
Hanig,Hung,sounds,,,,hng
Hanig,Huang,sounds,,,,hng
Hanig,Hoàng,sounds,,,,hng
Hanig,Heng,sounds,,,,hng
Hanig,Khổng,sounds,,,,hng
Hanig,Hong,sounds,,,,hng
Hanig,Khương,sounds,,,,hng
Hank,Hanko,curated,,,,hnk
Hanka,Hanko,curated,,,,hnk
Hanke,Hanko,curated,,,,hnk
Hanko,Hanke,curated,,,,hnk
Hanko,Hanka,curated,,,,hnk
Hanko,Hanek,curated,,,,hnk
Hanko,Hank,curated,,,,hnk
Hannig,Hanig,curated,,,,hng
Hannig,Hung,sounds,,,,hng
Hannig,Huang,sounds,,,,hng
Hannig,Hoàng,sounds,,,,hng
Hannig,Heng,sounds,,,,hng
Hannig,Khổng,sounds,,,,hng
Hannig,Hong,sounds,,,,hng
Hannig,Khương,sounds,,,,hng
Hans,Hansen,curated,,,,hns
Hans,Hainsch,sounds,,,,hns
Hans,Hainisch,sounds,,,,hns
Hans,Haense,sounds,,,,hns
Hans,Hense,sounds,,,,hns
Hans,Hensse,sounds,,,,hns
Hans,Hänse,sounds,,,,hns
Hänse,Hense,curated,,,,hns
Hänse,Hainsch,sounds,,,,hns
Hänse,Hainisch,sounds,,,,hns
Hänse,Haense,sounds,,,,hns
Hänse,Hensse,sounds,,,,hns
Hänse,Hans,sounds,,,,hns
Hansen,Jansen,curated,,,,hnsn
Hansen,Hanson,curated,,,,hnsn
Hansen,Hans,curated,,,,hnsn
Hanson,Hansen,curated,,,,hnsn
Haponenko,Haponyenka,curated,,,,hpnnk
Haponenko,Gaponenko,curated,,,,hpnnk
Haponyenka,Haponenko,curated,,,,hpnnk
Harald,Heinz,curated,,,,hrld
Harald,Hein,curated,,,,hrld
Harald,Harold,sounds,,,,hrld
Harald,Herold,sounds,,,,hrld
Hardenberg,Hardenbergh,curated,,,,hrdnbrg
Hardenbergh,Hardenberg,curated,,,,hrdnbrg
Härdtle,Hart,curated,,,,hrdtl
Harfouch,Harfuch,curated,,,,hrfc
Harfuch,Harfouch,curated,,,,hrfc
Haring,Hering,curated,,,,hrng
Haring,Herring,curated,,,,hrng
Harkavyenka,Horkovenko,curated,,,,hrkvnk
Harmash,Garmash,curated,,,,hrmsh
Harold,Heinz,curated,,,,hrld
Harold,Hein,curated,,,,hrld
Harold,Harald,sounds,,,,hrld
Harold,Herold,sounds,,,,hrld
Haroutunian,Arutyunyan,curated,,,,hrtnn
HARRISON,,,AR,archive,Lerena,hrsn
HARRISON,,,ES,archive,Lerena,hrsn
HARRISON,,,UY,archive,Lerena,hrsn
Harry,Heinz,curated,,,,hr
Harry,Hein,curated,,,,hr
Harry,Hager,sounds,,,,hr
Harry,Haager,sounds,,,,hr
Hart,Hartung,curated,,,,hrt
Hart,Hartt,curated,,,,hrt
Hart,Harte,curated,,,,hrt
Hart,Huart,curated,,,,hrt
Hart,Härdtle,curated,,,,hrt
Hart,Härtle,curated,,,,hrt
Hart,Haruta,sounds,,,,hrt
Harte,Hart,curated,,,,hrt
Harte,Hartt,sounds,,,,hrt
Harte,Haruta,sounds,,,,hrt
Harte,Huart,sounds,,,,hrt
Härtinger,,,,,,hrtnr
Härtle,Hart,curated,,,,hrtl
Hartt,Hart,curated,,,,hrt
Hartt,Haruta,sounds,,,,hrt
Hartt,Harte,sounds,,,,hrt
Hartt,Huart,sounds,,,,hrt
Hartung,Hart,curated,,,,hrtng
Hartvich,Hartwig,curated,,,,hrtvc
Hartvich,Hartwich,sounds,,,,hrtvc
Hartvig,Hartwig,curated,,,,hrtvg
Hartvig,Hertwig,sounds,,,,hrtvg
Hartvig,Hartweg,sounds,,,,hrtvg
Hartweg,Hartwig,curated,,,,hrtvg
Hartweg,Hartvig,sounds,,,,hrtvg
Hartweg,Hertwig,sounds,,,,hrtvg
Hartwich,Hartwig,curated,,,,hrtvc
Hartwich,Hartvich,sounds,,,,hrtvc
Hartwig,Hartwich,curated,,,,hrtvg
Hartwig,Hartvig,curated,,,,hrtvg
Hartwig,Hertwig,curated,,,,hrtvg
Hartwig,Hartweg,curated,,,,hrtvg
Hartwig,Hartvich,curated,,,,hrtvg
Haruda,Haruta,curated,,,,hrd
Haruta,Haruda,curated,,,,hrt
Haruta,Kasuda,curated,,,,hrt
Haruta,Hart,sounds,,,,hrt
Haruta,Hartt,sounds,,,,hrt
Haruta,Harte,sounds,,,,hrt
Haruta,Huart,sounds,,,,hrt
Harvey,,,AU,archive,D'Arcy,hrv
Harvey,,,GB,archive,D'Arcy,hrv
Harvey,,,IE,archive,D'Arcy,hrv
Hase,Haas,curated,,,,hs
Hau,Hou,curated,,,,h
Hauff,Hauffe,curated,,,,hf
Hauffe,Hauff,curated,,,,hf
Häusermann,Häussermann,curated,,,,hsrmn
Hausman,Hausmann,curated,,,,hsmn
Hausman,Haußmann,sounds,,,,hsmn
Hausman,Husmann,sounds,,,,hsmn
Hausman,Husemann,sounds,,,,hsmn
Hausman,Hußmann,sounds,,,,hsmn
Hausman,Husman,sounds,,,,hsmn
Hausmann,Hausman,curated,,,,hsmn
Hausmann,Haußmann,sounds,,,,hsmn
Hausmann,Husmann,sounds,,,,hsmn
Hausmann,Husemann,sounds,,,,hsmn
Hausmann,Hußmann,sounds,,,,hsmn
Hausmann,Husman,sounds,,,,hsmn
Häussermann,Häusermann,curated,,,,hsrmn
Haußmann,Husmann,sounds,,,,hsmn
Haußmann,Husemann,sounds,,,,hsmn
Haußmann,Hußmann,sounds,,,,hsmn
Haußmann,Husman,sounds,,,,hsmn
Haußmann,Hausman,sounds,,,,hsmn
Haußmann,Hausmann,sounds,,,,hsmn
Havel,Abel,curated,,,,hvl
Haveman,Hoffman,curated,,,,hvmn
Haveman,Hovemann,sounds,,,,hvmn
Haya,Hayashi,curated,,,,h
Hayashi,Lin,curated,,,,hsh
Hayashi,Haya,curated,,,,hsh
Hayashi,Rimu,curated,,,,hsh
Hayashi,Imu,curated,,,,hsh
Hayashi,Yau,curated,,,,hsh
Hayashi,Shigeru,curated,,,,hsh
Hayashi,Shige,curated,,,,hsh
Hayes,Heyes,curated,,,,hs
Hayes,Hays,curated,,,,hs
Hays,Hayes,curated,,,,hs
Hazan,Ḥazzan,curated,,,,hzn
Ḥazzan,Hazan,curated,,,,hzn
He,Ho,curated,,,,h
He,Hà,curated,,,,h
Hearst,Hurst,curated,,,,hrst
Hearst,Hirst,sounds,,,,hrst
Hearst,Herst,sounds,,,,hrst
Hedquist,Hedqvist,curated,,,,hdkst
Hedqvist,Hedquist,curated,,,,hdqvst
Heeg,Haag,curated,,,,hg
Heeg,Haigh,sounds,,,,hg
Heeg,Haig,sounds,,,,hg
Heeg,Hugo,sounds,,,,hg
Heilman,Heilmann,curated,,,,hlmn
Heilman,Hellmann,sounds,,,,hlmn
Heilmann,Heilman,curated,,,,hlmn
Heilmann,Hellmann,sounds,,,,hlmn
Hein,Heinke,curated,,,,hn
Hein,Heinz,curated,,,,hn
Hein,Henry,curated,,,,hn
Hein,Harold,curated,,,,hn
Hein,Jindřich,curated,,,,hn
Hein,Heine,curated,,,,hn
Hein,Erich,curated,,,,hn
Hein,Henke,curated,,,,hn
Hein,Henri,curated,,,,hn
Hein,Hynek,curated,,,,hn
Hein,Andrin,curated,,,,hn
Hein,Henrich,curated,,,,hn
Hein,Harry,curated,,,,hn
Hein,Eric,curated,,,,hn
Hein,Erik,curated,,,,hn
Hein,Harald,curated,,,,hn
Hein,Henrique,curated,,,,hn
Hein,Enrico,curated,,,,hn
Hein,Enrique,curated,,,,hn
Hein,Henneke,curated,,,,hn
Hein,Henk,curated,,,,hn
Hein,Hinrich,curated,,,,hn
Hein,Henkle,curated,,,,hn
Hein,Hagen,sounds,,,,hn
Hein,Hon,sounds,,,,hn
Hein,Han,sounds,,,,hn
Hein,Haagen,sounds,,,,hn
Hein,Khan,sounds,,,,hn
Hein,Heyne,sounds,,,,hn
Heine,Hein,curated,,,,hn
Heine,Heineman,curated,,,,hn
Heine,Heyne,curated,,,,hn
Heine,Hagen,sounds,,,,hn
Heine,Hon,sounds,,,,hn
Heine,Han,sounds,,,,hn
Heine,Haagen,sounds,,,,hn
Heine,Khan,sounds,,,,hn
Heinek,Heinke,curated,,,,hnk
Heineman,Heyne,curated,,,,hnmn
Heineman,Heine,curated,,,,hnmn
Heineman,Heinemann,curated,,,,hnmn
Heinemann,Heineman,curated,,,,hnmn
Heinemann,Heyne,curated,,,,hnmn
Heinke,Hein,curated,,,,hnk
Heinke,Henke,curated,,,,hnk
Heinke,Hainke,curated,,,,hnk
Heinke,Heynke,curated,,,,hnk
Heinke,Heinek,curated,,,,hnk
Heinrich,Hindrichsen,curated,,,,hnrc
Heinrich,Henrich,sounds,,,,hnrc
Heinrich,Hinrich,sounds,,,,hnrc
Heintz,Hentz,curated,,,,hntz
Heinz,Harold,curated,,,,hnz
Heinz,Hein,curated,,,,hnz
Heinz,Jindřich,curated,,,,hnz
Heinz,Henry,curated,,,,hnz
Heinz,Henri,curated,,,,hnz
Heinz,Hynek,curated,,,,hnz
Heinz,Erich,curated,,,,hnz
Heinz,Henrich,curated,,,,hnz
Heinz,Henke,curated,,,,hnz
Heinz,Heinze,curated,,,,hnz
Heinz,Andrin,curated,,,,hnz
Heinz,Eric,curated,,,,hnz
Heinz,Harry,curated,,,,hnz
Heinz,Harald,curated,,,,hnz
Heinz,Henrique,curated,,,,hnz
Heinz,Enrique,curated,,,,hnz
Heinz,Henneke,curated,,,,hnz
Heinz,Erik,curated,,,,hnz
Heinz,Enrico,curated,,,,hnz
Heinz,Hinrich,curated,,,,hnz
Heinz,Henk,curated,,,,hnz
Heinz,Henkle,curated,,,,hnz
Heinze,Heinz,curated,,,,hnz
Helen,Lenke,curated,,,,hln
Helen,Hélène,sounds,,,,hln
Helen,Helena,sounds,,,,hln
Helena,Lenke,curated,,,,hln
Helena,Hélène,sounds,,,,hln
Helena,Helen,sounds,,,,hln
Hélène,Lenke,curated,,,,hln
Hélène,Helena,sounds,,,,hln
Hélène,Helen,sounds,,,,hln
Helka,Lenke,curated,,,,hlk
Helle,Hellmann,curated,,,,hl
Helle,Hale,sounds,,,,hl
Hellmann,Helle,curated,,,,hlmn
Hellmann,Heilmann,sounds,,,,hlmn
Hellmann,Heilman,sounds,,,,hlmn
Hellriegel,Höllriegel,curated,,,,hlrl
Hempe,Hempel,curated,,,,hmp
Hempe,Hampe,sounds,,,,hmp
Hempel,Hampel,curated,,,,hmpl
Hempel,Hampe,curated,,,,hmpl
Hempel,Hempe,curated,,,,hmpl
Hempel,Haempel,curated,,,,hmpl
Hempel,Hämpel,curated,,,,hmpl
Hempel,Hempell,curated,,,,hmpl
Hempel,Hempl,curated,,,,hmpl
Hempell,Hempel,curated,,,,hmpl
Hempell,Hampel,sounds,,,,hmpl
Hempell,Haempel,sounds,,,,hmpl
Hempell,Hempl,sounds,,,,hmpl
Hempl,Hempel,curated,,,,hmpl
Hempl,Hampel,sounds,,,,hmpl
Hempl,Haempel,sounds,,,,hmpl
Hempl,Hempell,sounds,,,,hmpl
Henckel,Henkel,curated,,,,hnkl
Henckel,Henkle,sounds,,,,hnkl
Henckel,Henckell,sounds,,,,hnkl
Henckell,Henkel,curated,,,,hnkl
Henckell,Henkle,sounds,,,,hnkl
Henckell,Henckel,sounds,,,,hnkl
Hendriks,Hendrikx,curated,,,,hndrks
Hendrikx,Hendriks,curated,,,,hndrks
Heng,Wang,curated,,,,hng
Heng,Hung,sounds,,,,hng
Heng,Huang,sounds,,,,hng
Heng,Hoàng,sounds,,,,hng
Heng,Hanig,sounds,,,,hng
Heng,Hannig,sounds,,,,hng
Heng,Khổng,sounds,,,,hng
Heng,Hong,sounds,,,,hng
Heng,Khương,sounds,,,,hng
Henk,Heinz,curated,,,,hnk
Henk,Hein,curated,,,,hnk
Henke,Heinke,curated,,,,hnk
Henke,Heinz,curated,,,,hnk
Henke,Henkel,curated,,,,hnk
Henke,Hein,curated,,,,hnk
Henkel,Henke,curated,,,,hnkl
Henkel,Henckel,curated,,,,hnkl
Henkel,Henkels,curated,,,,hnkl
Henkel,Henckell,curated,,,,hnkl
Henkel,Henkle,sounds,,,,hnkl
Henkels,Henkel,curated,,,,hnkls
Henkle,Heinz,curated,,,,hnkl
Henkle,Hein,curated,,,,hnkl
Henkle,Henkel,sounds,,,,hnkl
Henkle,Henckel,sounds,,,,hnkl
Henkle,Henckell,sounds,,,,hnkl
Henneke,Heinz,curated,,,,hnk
Henneke,Hein,curated,,,,hnk
Henri,Heinz,curated,,,,hnr
Henri,Hein,curated,,,,hnr
Henri,Hagener,sounds,,,,hnr
Henri,Henry,sounds,,,,hnr
Henri,Heyner,sounds,,,,hnr
Henrich,Heinz,curated,,,,hnrc
Henrich,Hein,curated,,,,hnrc
Henrich,Hinrich,sounds,,,,hnrc
Henrich,Heinrich,sounds,,,,hnrc
Henrichmöller,Möller,curated,,,,hnrcmlr
Henrique,Heinz,curated,,,,hnrk
Henrique,Hein,curated,,,,hnrk
Henry,Heinz,curated,,,,hnr
Henry,Hein,curated,,,,hnr
Henry,Hagener,sounds,,,,hnr
Henry,Henri,sounds,,,,hnr
Henry,Heyner,sounds,,,,hnr
Hense,Haense,curated,,,,hns
Hense,Hensse,curated,,,,hns
Hense,Hänse,curated,,,,hns
Hense,Henße,curated,,,,hns
Hense,Hainsch,sounds,,,,hns
Hense,Hainisch,sounds,,,,hns
Hense,Hans,sounds,,,,hns
Hensse,Hense,curated,,,,hns
Hensse,Hainsch,sounds,,,,hns
Hensse,Hainisch,sounds,,,,hns
Hensse,Haense,sounds,,,,hns
Hensse,Hänse,sounds,,,,hns
Hensse,Hans,sounds,,,,hns
Hentz,Heintz,curated,,,,hntz
Heo,Xu,curated,,,,h
Herceg,Herczeg,curated,,,,hrsg
Herceg,Herczegh,sounds,,,,hrsg
Herczeg,Erceg,curated,,,,hrsg
Herczeg,Herceg,curated,,,,hrsg
Herczeg,Herczegh,curated,,,,hrsg
Herczegh,Herczeg,curated,,,,hrsg
Herczegh,Herceg,sounds,,,,hrsg
Hering,Haring,curated,,,,hrng
Hering,Herring,sounds,,,,hrng
Herold,Heroldt,curated,,,,hrld
Herold,Harold,sounds,,,,hrld
Herold,Harald,sounds,,,,hrld
Heroldt,Herold,curated,,,,hrldt
Herrera,Ferreira,curated,AR,archive,Lerena,hrr
Herrera,Ferreira,curated,ES,archive,Lerena,hrr
Herrera,Ferreira,curated,UY,archive,Lerena,hrr
Herring,Haring,curated,,,,hrng
Herring,Hering,sounds,,,,hrng
Herscovici,Gershkovich,curated,,,,hrscvs
Hershkowitz,Gershkovich,curated,,,,hrshkvtz
Herst,Hurst,curated,,,,hrst
Herst,Hirst,sounds,,,,hrst
Herst,Hearst,sounds,,,,hrst
Hertwig,Hartwig,curated,,,,hrtvg
Hertwig,Hartvig,sounds,,,,hrtvg
Hertwig,Hartweg,sounds,,,,hrtvg
Hertz,Herz,curated,,,,hrtz
Herz,Hertz,curated,,,,hrz
Hess,Hesse,curated,,,,hs
Hesse,Höss,curated,,,,hs
Hesse,Hess,curated,,,,hs
Hesse,Heß,curated,,,,hs
Hey,Guay,curated,,,,h
Heyes,Hayes,curated,,,,hs
Heyne,Heineman,curated,,,,hn
Heyne,Heinemann,curated,,,,hn
Heyne,Heine,curated,,,,hn
Heyne,Heyner,curated,,,,hn
Heyne,Hagen,sounds,,,,hn
Heyne,Hon,sounds,,,,hn
Heyne,Han,sounds,,,,hn
Heyne,Haagen,sounds,,,,hn
Heyne,Khan,sounds,,,,hn
Heyne,Hein,sounds,,,,hn
Heyner,Heyne,curated,,,,hnr
Heyner,Hagener,sounds,,,,hnr
Heyner,Henry,sounds,,,,hnr
Heyner,Henri,sounds,,,,hnr
Heynke,Heinke,curated,,,,hnk
Hickes,Hicks,curated,,,,hks
Hickes,Hix,sounds,,,,hks
Hicks,Hickson,curated,,,,hks
Hicks,Hickes,curated,,,,hks
Hicks,Hix,curated,,,,hks
Hickson,Hicks,curated,,,,hksn
Hilaire,Hilaria,curated,,,,hlr
Hilaire,Hillary,sounds,,,,hlr
Hilaire,Hilary,sounds,,,,hlr
Hilaire,Œhler,sounds,,,,hlr
Hilaria,Hillary,curated,,,,hlr
Hilaria,Hilaire,curated,,,,hlr
Hilaria,Ilaria,curated,,,,hlr
Hilaria,Hilary,curated,,,,hlr
Hilaria,Œhler,sounds,,,,hlr
Hilary,Hilaria,curated,,,,hlr
Hilary,Hillary,sounds,,,,hlr
Hilary,Hilaire,sounds,,,,hlr
Hilary,Œhler,sounds,,,,hlr
Hildebrand,Brand,curated,,,,hldbrnd
Hildebrand,Hillebrand,curated,,,,hldbrnd
Hildebrand,Hillebrandt,curated,,,,hldbrnd
Hildebrand,Hildebrandt,curated,,,,hldbrnd
Hildebrand,Brants,curated,,,,hldbrnd
Hildebrand,Hildebrands,curated,,,,hldbrnd
Hildebrand,Hillebrands,curated,,,,hldbrnd
Hildebrand,Hildebrandsson,curated,,,,hldbrnd
Hildebrands,Hildebrand,curated,,,,hldbrnds
Hildebrands,Hildebrandsson,sounds,,,,hldbrnds
Hildebrandsson,Hildebrand,curated,,,,hldbrnds
Hildebrandsson,Hildebrands,sounds,,,,hldbrnds
Hildebrandt,Hildebrand,curated,,,,hldbrndt
Hillary,Hilaria,curated,,,,hlr
Hillary,Hilaire,sounds,,,,hlr
Hillary,Hilary,sounds,,,,hlr
Hillary,Œhler,sounds,,,,hlr
Hillebrand,Hildebrand,curated,,,,hlbrnd
Hillebrands,Hildebrand,curated,,,,hlbrnds
Hillebrandt,Hildebrand,curated,,,,hlbrndt
Hilton,Hylton,curated,,,,hltn
Him,Xiong,curated,,,,hm
Him,Ham,sounds,,,,hm
Hindrichsen,Heinrich,curated,,,,hndrcsn
Hinrich,Heinz,curated,,,,hnrc
Hinrich,Hein,curated,,,,hnrc
Hinrich,Henrich,sounds,,,,hnrc
Hinrich,Heinrich,sounds,,,,hnrc
Hirenko,Girenko,curated,,,,hrnk
Hirsch,Hirsh,curated,,,,hrs
Hirsch,von Hirsch,curated,,,,hrs
Hirsh,Hirsch,curated,,,,hrsh
Hirst,Hurst,curated,,,,hrst
Hirst,Hearst,sounds,,,,hrst
Hirst,Herst,sounds,,,,hrst
Hix,Hicks,curated,,,,hks
Hix,Hickes,sounds,,,,hks
Hlushko,Glushko,curated,,,,hlshk
Hlushko,Gluško,curated,,,,hlshk
Hồ,Hu,curated,,,,h
Hồ,He,curated,,,,h
Hoagland,Hoogland,curated,,,,hglnd
Hoagland,Höglund,sounds,,,,hglnd
Hoàng,Huang,curated,,,,hng
Hoàng,Hung,sounds,,,,hng
Hoàng,Heng,sounds,,,,hng
Hoàng,Hanig,sounds,,,,hng
Hoàng,Hannig,sounds,,,,hng
Hoàng,Khổng,sounds,,,,hng
Hoàng,Hong,sounds,,,,hng
Hoàng,Khương,sounds,,,,hng
Hofbauer,Lehner,curated,,,,hfbr
Hofbauer,Hoffbauer,curated,,,,hfbr
Hofbauer,Hofbaur,curated,,,,hfbr
Hofbaur,Hofbauer,curated,,,,hfbr
Hofbaur,Hoffbauer,sounds,,,,hfbr
Hofemann,Hoffman,curated,,,,hfmn
Hofemann,Hofmann,sounds,,,,hfmn
Hofemann,Hoffmann,sounds,,,,hfmn
Hofemann,Hofman,sounds,,,,hfmn
Hofemann,Huffman,sounds,,,,hfmn
Hofemann,Huffmann,sounds,,,,hfmn
Hofenegg,,,HR,archive,Blažević,hfng
Höfer,Hofstetter,curated,,,,hfr
Höfer,Hufer,sounds,,,,hfr
Hoffbauer,Hofbauer,curated,,,,hfbr
Hoffbauer,Hofbaur,sounds,,,,hfbr
Hoffman,Hofmans,curated,,,,hfmn
Hoffman,Haveman,curated,,,,hfmn
Hoffman,Hofmann,curated,,,,hfmn
Hoffman,Hofemann,curated,,,,hfmn
Hoffman,Hoffmann,curated,,,,hfmn
Hoffman,Hofman,curated,,,,hfmn
Hoffman,Hovemann,curated,,,,hfmn
Hoffman,Huffman,sounds,,,,hfmn
Hoffman,Huffmann,sounds,,,,hfmn
Hoffmann,Hoffman,curated,,,,hfmn
Hoffmann,Hofmann,sounds,,,,hfmn
Hoffmann,Hofemann,sounds,,,,hfmn
Hoffmann,Hofman,sounds,,,,hfmn
Hoffmann,Huffman,sounds,,,,hfmn
Hoffmann,Huffmann,sounds,,,,hfmn
Hofman,Hoffman,curated,,,,hfmn
Hofman,Hofmann,sounds,,,,hfmn
Hofman,Hofemann,sounds,,,,hfmn
Hofman,Hoffmann,sounds,,,,hfmn
Hofman,Huffman,sounds,,,,hfmn
Hofman,Huffmann,sounds,,,,hfmn
Hofmann,Hoffman,curated,,,,hfmn
Hofmann,Hofemann,sounds,,,,hfmn
Hofmann,Hoffmann,sounds,,,,hfmn
Hofmann,Hofman,sounds,,,,hfmn
Hofmann,Huffman,sounds,,,,hfmn
Hofmann,Huffmann,sounds,,,,hfmn
Hofmans,Hoffman,curated,,,,hfmns
Hofstetter,Hofer,curated,,,,hfsttr
Hofstetter,Hübner,curated,,,,hfsttr
Höglund,Høilund,curated,,,,hglnd
Höglund,Højlund,curated,,,,hglnd
Höglund,Hoogland,sounds,,,,hglnd
Höglund,Hoagland,sounds,,,,hglnd
Hohlov,Khokhlov,curated,,,,hhlv
Hoi,Xu,curated,,,,h
Høilund,Höglund,curated,,,,hlnd
Høilund,Højlund,sounds,,,,hlnd
Højlund,Höglund,curated,,,,hlnd
Højlund,Høilund,sounds,,,,hlnd
Holdt,Holt,curated,,,,hldt
Holford,,,AU,archive,D'Arcy,hlfrd
Holford,,,GB,archive,D'Arcy,hlfrd
Holford,,,IE,archive,D'Arcy,hlfrd
Höllriegel,Hellriegel,curated,,,,hlrl
Holmgreen,Holmgren,curated,,,,hlmgrn
Holmgren,Holmgreen,curated,,,,hlmgrn
Holstein,,,HR,archive,Blažević,hlstn
Holt,Holtmann,curated,,,,hlt
Holt,Holtz,curated,,,,hlt
Holt,Holth,curated,,,,hlt
Holt,Holte,curated,,,,hlt
Holt,Holdt,curated,,,,hlt
Holt,Holz,curated,,,,hlt
Holte,Holt,curated,,,,hlt
Holte,Holth,sounds,,,,hlt
Holth,Holt,curated,,,,hlt
Holth,Holte,sounds,,,,hlt
Holtmann,Holt,curated,,,,hltmn
Holtz,Holt,curated,,,,hltz
Holubovych,Halubovich,curated,,,,hlbvc
Holz,Holt,curated,,,,hlz
Hon,Han,curated,,,,hn
Hon,Hagen,sounds,,,,hn
Hon,Haagen,sounds,,,,hn
Hon,Khan,sounds,,,,hn
Hon,Hein,sounds,,,,hn
Hon,Heyne,sounds,,,,hn
Hon,Heine,sounds,,,,hn
Honecker,Honegger,curated,,,,hnkr
Honegger,Honecker,curated,,,,hngr
Hong,Kang,curated,,,,hng
Hong,Ang,curated,,,,hng
Hong,Hung,curated,,,,hng
Hong,Huang,sounds,,,,hng
Hong,Hoàng,sounds,,,,hng
Hong,Heng,sounds,,,,hng
Hong,Hanig,sounds,,,,hng
Hong,Hannig,sounds,,,,hng
Hong,Khổng,sounds,,,,hng
Hong,Khương,sounds,,,,hng
Hoogland,Hoagland,curated,,,,hglnd
Hoogland,Höglund,sounds,,,,hglnd
Hope,Hoppe,curated,,,,hp
Hoppe,Hope,curated,,,,hp
Horák,,,,,,hrk
Hordiienko,Gordiyenko,curated,,,,hrdnk
Horkovenko,Harkavyenka,curated,,,,hrkvnk
Horkovenko,Gorkovenko,curated,,,,hrkvnk
Horn,Horns,curated,,,,hrn
Horns,Horn,curated,,,,hrns
Horovitz,Horowitz,curated,,,,hrvtz
Horovitz,Horwitz,sounds,,,,hrvtz
Horovitz,Horvitz,sounds,,,,hrvtz
Horowitz,Horovitz,curated,,,,hrvtz
Horowitz,Horwitz,sounds,,,,hrvtz
Horowitz,Horvitz,sounds,,,,hrvtz
Horvat,Horwat,curated,,,,hrvt
Horvitz,Horwitz,curated,,,,hrvtz
Horvitz,Horowitz,sounds,,,,hrvtz
Horvitz,Horovitz,sounds,,,,hrvtz
Horwat,Horvat,curated,,,,hrvt
Horwitz,Horvitz,curated,,,,hrvtz
Horwitz,Horowitz,sounds,,,,hrvtz
Horwitz,Horovitz,sounds,,,,hrvtz
Höss,Hesse,curated,,,,hs
Hossain,Hossein,curated,,,,hsn
Hossain,Husseini,curated,,,,hsn
Hossain,Hsin,sounds,,,,hsn
Hossain,Hussein,sounds,,,,hsn
Hossain,Hussain,sounds,,,,hsn
Hossain,Hsien,sounds,,,,hsn
Hossain,Hosseini,sounds,,,,hsn
Hossain,Hussaini,sounds,,,,hsn
Hossain,Huseini,sounds,,,,hsn
Hossein,Hossain,curated,,,,hsn
Hossein,Hussein,curated,,,,hsn
Hossein,Hussain,curated,,,,hsn
Hossein,Husseini,curated,,,,hsn
Hossein,Hsin,sounds,,,,hsn
Hossein,Hsien,sounds,,,,hsn
Hossein,Hosseini,sounds,,,,hsn
Hossein,Hussaini,sounds,,,,hsn
Hossein,Huseini,sounds,,,,hsn
Hosseini,Husseini,curated,,,,hsn
Hosseini,Hsin,sounds,,,,hsn
Hosseini,Hossain,sounds,,,,hsn
Hosseini,Hossein,sounds,,,,hsn
Hosseini,Hussein,sounds,,,,hsn
Hosseini,Hussain,sounds,,,,hsn
Hosseini,Hsien,sounds,,,,hsn
Hosseini,Hussaini,sounds,,,,hsn
Hosseini,Huseini,sounds,,,,hsn
Hotsmanaw,Gotsmanov,curated,,,,htsmnv
Hou,Hau,curated,,,,h
HOUSE,,,IT,archive,Falco,hs
House of Bokassa,Bokassa,curated,,,,hs f bks
Houston,Hueston,curated,,,,hstn
Hovemann,Hoffman,curated,,,,hvmn
Hovemann,Haveman,sounds,,,,hvmn
Howard,Howie,curated,AU,archive,D'Arcy,hvrd
Howard,Howie,curated,GB,archive,D'Arcy,hvrd
Howard,Howie,curated,IE,archive,D'Arcy,hvrd
Howie,Howard,curated,,,,hv
Hrkalović,,,HR,archive,Blažević,hrklvc
Hrydniev,Gridnev,curated,,,,hrdnv
Hryhorieva,Hryhoryeva,curated,,,,hrhrv
Hryhoryeva,Hryhorieva,curated,,,,hrhrv
Hsien,Xián,curated,,,,hsn
Hsien,Hsin,sounds,,,,hsn
Hsien,Hossain,sounds,,,,hsn
Hsien,Hossein,sounds,,,,hsn
Hsien,Hussein,sounds,,,,hsn
Hsien,Hussain,sounds,,,,hsn
Hsien,Husseini,sounds,,,,hsn
Hsien,Hosseini,sounds,,,,hsn
Hsien,Hussaini,sounds,,,,hsn
Hsien,Huseini,sounds,,,,hsn
Hsin,Xin,curated,,,,hsn
Hsin,Hossain,sounds,,,,hsn
Hsin,Hossein,sounds,,,,hsn
Hsin,Hussein,sounds,,,,hsn
Hsin,Hussain,sounds,,,,hsn
Hsin,Hsien,sounds,,,,hsn
Hsin,Husseini,sounds,,,,hsn
Hsin,Hosseini,sounds,,,,hsn
Hsin,Hussaini,sounds,,,,hsn
Hsin,Huseini,sounds,,,,hsn
Hsu,Xu,curated,,,,hs
Hu,Wu,curated,,,,h
Hu,Hồ,curated,,,,h
Hu,Ho,curated,,,,h
Hu,Woo,curated,,,,h
Hu,鬍,curated,,,,h
Hua,Wah,curated,,,,h
Huai,,,,,,h
Huang,Oey,curated,,,,hng
Huang,Hwang,curated,,,,hng
Huang,Wong,curated,,,,hng
Huang,Uy,curated,,,,hng
Huang,Oei,curated,,,,hng
Huang,Ng,curated,,,,hng
Huang,Hoàng,curated,,,,hng
Huang,Huỳnh,curated,,,,hng
Huang,Hung,sounds,,,,hng
Huang,Heng,sounds,,,,hng
Huang,Hanig,sounds,,,,hng
Huang,Hannig,sounds,,,,hng
Huang,Khổng,sounds,,,,hng
Huang,Hong,sounds,,,,hng
Huang,Khương,sounds,,,,hng
Huangfu,Hwangbo,curated,,,,hngf
Huart,Hart,curated,,,,hrt
Huart,Hartt,sounds,,,,hrt
Huart,Haruta,sounds,,,,hrt
Huart,Harte,sounds,,,,hrt
Hubenko,Gubenko,curated,,,,hbnk
Huber,Hübner,curated,,,,hbr
Huber,Lehner,curated,,,,hbr
Huber,Hueber,curated,,,,hbr
Huber,Huebner,curated,,,,hbr
Huber,Lehenbauer,curated,,,,hbr
Huber,Hubner,curated,,,,hbr
Huber,Hufer,curated,,,,hbr
Huber,Hüfner,curated,,,,hbr
Huber,Hufner,curated,,,,hbr
Huber,Hubmer,curated,,,,hbr
Huber,Huberle,curated,,,,hbr
Huber,Huebmer,curated,,,,hbr
Huberle,Huber,curated,,,,hbrl
Hubmer,Huber,curated,,,,hbmr
Hubmer,Huebmer,sounds,,,,hbmr
Hübner,Huber,curated,,,,hbnr
Hübner,Hüber,curated,,,,hbnr
Hübner,Hueber,curated,,,,hbnr
Hübner,Hybner,curated,,,,hbnr
Hübner,Huebner,curated,,,,hbnr
Hübner,Hüfner,curated,,,,hbnr
Hübner,Hofstetter,curated,,,,hbnr
Hübner,Hufner,curated,,,,hbnr
Hueber,Huber,curated,,,,hbr
Hueber,Hübner,curated,,,,hbr
Huebmer,Huber,curated,,,,hbmr
Huebmer,Hubmer,sounds,,,,hbmr
Huebner,Huber,curated,,,,hbnr
Huebner,Hübner,curated,,,,hbnr
Huebner,Hybner,sounds,,,,hbnr
Hueston,Houston,curated,,,,hstn
Hufer,Huber,curated,,,,hfr
Hufer,Höfer,sounds,,,,hfr
Huffman,Huffmann,curated,,,,hfmn
Huffman,Hoffman,sounds,,,,hfmn
Huffman,Hofmann,sounds,,,,hfmn
Huffman,Hofemann,sounds,,,,hfmn
Huffman,Hoffmann,sounds,,,,hfmn
Huffman,Hofman,sounds,,,,hfmn
Huffmann,Huffman,curated,,,,hfmn
Huffmann,Hoffman,sounds,,,,hfmn
Huffmann,Hofmann,sounds,,,,hfmn
Huffmann,Hofemann,sounds,,,,hfmn
Huffmann,Hoffmann,sounds,,,,hfmn
Huffmann,Hofman,sounds,,,,hfmn
Hüfner,Hübner,curated,,,,hfnr
Hüfner,Huber,curated,,,,hfnr
Hughes,Hugo,curated,,,,hs
Hugo,Hughes,curated,,,,hg
Hugo,Haag,sounds,,,,hg
Hugo,Heeg,sounds,,,,hg
Hugo,Haigh,sounds,,,,hg
Hugo,Haig,sounds,,,,hg
Hui,Xu,curated,,,,h
Hulevych,Hulewicz,curated,,,,hlvc
Hulewicz,Hulevych,curated,,,,hlvc
Hummel,Hummels,curated,,,,hml
Hummels,Hummel,curated,,,,hmls
Humphrey,Humprey,curated,,,,hmfr
Humphries,Humphrys,curated,,,,hmfrs
Humphrys,Humphries,curated,,,,hmfrs
Humprey,Humphrey,curated,,,,hmpr
Hung,Feng,curated,,,,hng
Hung,Xiong,curated,,,,hng
Hung,Hong,curated,,,,hng
Hung,Huang,sounds,,,,hng
Hung,Hoàng,sounds,,,,hng
Hung,Heng,sounds,,,,hng
Hung,Hanig,sounds,,,,hng
Hung,Hannig,sounds,,,,hng
Hung,Khổng,sounds,,,,hng
Hung,Khương,sounds,,,,hng
Hurfinkel,Garfinkel,curated,,,,hrfnkl
Hurst,Hirst,curated,,,,hrst
Hurst,Hearst,curated,,,,hrst
Hurst,Herst,curated,,,,hrst
Huseini,Husseini,curated,,,,hsn
Huseini,Hsin,sounds,,,,hsn
Huseini,Hossain,sounds,,,,hsn
Huseini,Hossein,sounds,,,,hsn
Huseini,Hussein,sounds,,,,hsn
Huseini,Hussain,sounds,,,,hsn
Huseini,Hsien,sounds,,,,hsn
Huseini,Hosseini,sounds,,,,hsn
Huseini,Hussaini,sounds,,,,hsn
Husemann,Husmann,curated,,,,hsmn
Husemann,Hußmann,curated,,,,hsmn
Husemann,Haußmann,sounds,,,,hsmn
Husemann,Husman,sounds,,,,hsmn
Husemann,Hausman,sounds,,,,hsmn
Husemann,Hausmann,sounds,,,,hsmn
Husman,Husmann,curated,,,,hsmn
Husman,Haußmann,sounds,,,,hsmn
Husman,Husemann,sounds,,,,hsmn
Husman,Hußmann,sounds,,,,hsmn
Husman,Hausman,sounds,,,,hsmn
Husman,Hausmann,sounds,,,,hsmn
Husmann,Husemann,curated,,,,hsmn
Husmann,Hußmann,curated,,,,hsmn
Husmann,Hüsemann,curated,,,,hsmn
Husmann,Husman,curated,,,,hsmn
Husmann,Haußmann,sounds,,,,hsmn
Husmann,Hausman,sounds,,,,hsmn
Husmann,Hausmann,sounds,,,,hsmn
Hussain,Hossein,curated,,,,hsn
Hussain,Husseini,curated,,,,hsn
Hussain,Hsin,sounds,,,,hsn
Hussain,Hossain,sounds,,,,hsn
Hussain,Hussein,sounds,,,,hsn
Hussain,Hsien,sounds,,,,hsn
Hussain,Hosseini,sounds,,,,hsn
Hussain,Hussaini,sounds,,,,hsn
Hussain,Huseini,sounds,,,,hsn
Hussaini,Husseini,curated,,,,hsn
Hussaini,Hsin,sounds,,,,hsn
Hussaini,Hossain,sounds,,,,hsn
Hussaini,Hossein,sounds,,,,hsn
Hussaini,Hussein,sounds,,,,hsn
Hussaini,Hussain,sounds,,,,hsn
Hussaini,Hsien,sounds,,,,hsn
Hussaini,Hosseini,sounds,,,,hsn
Hussaini,Huseini,sounds,,,,hsn
Hussein,Hossein,curated,,,,hsn
Hussein,Husseini,curated,,,,hsn
Hussein,Hsin,sounds,,,,hsn
Hussein,Hossain,sounds,,,,hsn
Hussein,Hussain,sounds,,,,hsn
Hussein,Hsien,sounds,,,,hsn
Hussein,Hosseini,sounds,,,,hsn
Hussein,Hussaini,sounds,,,,hsn
Hussein,Huseini,sounds,,,,hsn
Husseini,Hossein,curated,,,,hsn
Husseini,Hossain,curated,,,,hsn
Husseini,Hussein,curated,,,,hsn
Husseini,Hussain,curated,,,,hsn
Husseini,Hosseini,curated,,,,hsn
Husseini,Hussaini,curated,,,,hsn
Husseini,Huseini,curated,,,,hsn
Husseini,Hsin,sounds,,,,hsn
Husseini,Hsien,sounds,,,,hsn
Hußmann,Husmann,curated,,,,hsmn
Hußmann,Husemann,curated,,,,hsmn
Hußmann,Haußmann,sounds,,,,hsmn
Hußmann,Husman,sounds,,,,hsmn
Hußmann,Hausman,sounds,,,,hsmn
Hußmann,Hausmann,sounds,,,,hsmn
Huỳnh,Huang,curated,,,,hnh
Hvidt,Witt,curated,,,,hvdt
Hwang,Huang,curated,,,,hvng
Hwangbo,Huangfu,curated,,,,hvngb
Hybner,Hübner,curated,,,,hbnr
Hybner,Huebner,sounds,,,,hbnr
Hylton,Hilton,curated,,,,hltn
Hynek,Heinz,curated,,,,hnk
Hynek,Hein,curated,,,,hnk
I,Li,curated,,,,i
IANNELLA,,,IT,archive,Falco,inl
IANNICELLO,,,IT,archive,Falco,insl
IANNINO,GENGIANO,sounds,IT,archive,Falco,inn
IANNINO,GIANNINO,sounds,IT,archive,Falco,inn
IANNINO,GIANNONE,sounds,IT,archive,Falco,inn
IANNINO,IANNONE,sounds,IT,archive,Falco,inn
IANNONE,GENGIANO,sounds,IT,archive,Falco,inn
IANNONE,GIANNINO,sounds,IT,archive,Falco,inn
IANNONE,GIANNONE,sounds,IT,archive,Falco,inn
IANNONE,IANNINO,sounds,IT,archive,Falco,inn
IANNOTTI,,,IT,archive,Falco,int
Ibrahimi,Ebrahimi,curated,,,,ibrhm
Ieong,Yang,curated,,,,ing
Igami,Inoue,curated,,,,igm
Igeda,Ikeda,curated,,,,id
Igeda,Yojida,sounds,,,,id
Ignatenko,Ihnatenko,curated,,,,igntnk
IGNATITI,,,IT,archive,Falco,igntt
Ihnatenko,Ignatenko,curated,,,,ihntnk
Ihnatenko,Ihnatsyenka,curated,,,,ihntnk
Ihnatsyenka,Ihnatenko,curated,,,,ihntsnk
Ijihashi,Ishibashi,curated,,,,ihsh
Ikami,Inoue,curated,,,,ikm
Ikeda,Igeda,curated,,,,ikd
Ikonnikov,Ikonnykov,curated,,,,iknkv
Ikonnykov,Ikonnikov,curated,,,,iknkv
Ilaria,Hilaria,curated,,,,ilr
Ilić,,,HR,archive,Blažević,ilc
Iliushyn,Ilyushin,curated,,,,ilshn
Ilyushin,Iliushyn,curated,,,,ilshn
IMBIMBO,,,IT,archive,Falco,imbmb
Imu,Hayashi,curated,,,,im
Imu,Yim,sounds,,,,im
Imu,Jaime,sounds,,,,im
Imu,Jim,sounds,,,,im
Imu,Jaume,sounds,,,,im
Inae,Inoue,curated,,,,in
Inai,Inoue,curated,,,,in
Ine,Inoue,curated,,,,in
Inei,Inoue,curated,,,,in
INFANS,,,IT,archive,Falco,infns
Ingadóttir,Ingason,curated,,,,ingdtr
Ingason,Ingadóttir,curated,,,,ingsn
Inoe,Inoue,curated,,,,in
Inoue,Inei,curated,,,,in
Inoue,Inai,curated,,,,in
Inoue,Inae,curated,,,,in
Inoue,Inoe,curated,,,,in
Inoue,Ikami,curated,,,,in
Inoue,Igami,curated,,,,in
Inoue,Ine,curated,,,,in
Inoue,Iue,curated,,,,in
Iong,Weng,curated,,,,ing
Iong,Rong,curated,,,,ing
Ip,Ye,curated,,,,ip
Ip,Yapp,sounds,,,,ip
Ip,Yip,sounds,,,,ip
Ip,Yap,sounds,,,,ip
Iremonger,Ironmonger,curated,,,,irmnr
Ironmonger,Iremonger,curated,,,,irnmnr
Ishibashi,Ishihashi,curated,,,,ishbsh
Ishibashi,Ijihashi,curated,,,,ishbsh
Ishihashi,Ishibashi,curated,,,,ishhsh
Ishii,Iwai,curated,,,,ish
Isla,GISILLO,sounds,IT,archive,Falco,isl
Ismailov,Izmaylov,curated,,,,ismlv
Ismailov,Ismayılov,curated,,,,ismlv
Ismailov,Ismoilov,curated,,,,ismlv
Ismayılov,Ismailov,curated,,,,ismlv
Ismayılov,Ismoilov,sounds,,,,ismlv
Ismoilov,Ismailov,curated,,,,ismlv
Ismoilov,Ismayılov,sounds,,,,ismlv
Iu,Yao,curated,,,,i
Iue,Inoue,curated,,,,i
Iun,Yuan,curated,,,,in
IUTO,Jütte,sounds,IT,archive,Falco,it
IUTO,GHIOTTI,sounds,IT,archive,Falco,it
Ivanitsky,Iwanicki,curated,,,,ivntsk
Ivanitsky,Ivanytskyi,curated,,,,ivntsk
Ivanitsky,Ivanitskyi,curated,,,,ivntsk
Ivanitskyi,Ivanitsky,curated,,,,ivntsk
Ivanitskyi,Ivanytskyi,sounds,,,,ivntsk
Ivankovich,,,HR,archive,Blažević,ivnkvc
Ivanytskyi,Ivanitsky,curated,,,,ivntsk
Ivanytskyi,Ivanitskyi,sounds,,,,ivntsk
Ivetić,,,HR,archive,Blažević,ivtc
Iwai,Ishii,curated,,,,iv
Iwai,Jaw,sounds,,,,iv
Iwanicki,Ivanitsky,curated,,,,ivnk
Izagirre,Eyzaguirre,curated,,,,izr
Izaguirre,Eyzaguirre,curated,,,,izgr
Izmaylov,Ismailov,curated,,,,izmlv
Jaakson,Jackson,curated,,,,iksn
Jachimowicz,Yakhimovich,curated,,,,ismvc
Jackes,Jakes,curated,,,,iks
Jackoby,Jacob,curated,,,,ikb
Jackoby,Jakob,curated,,,,ikb
Jackoby,Jakab,sounds,,,,ikb
Jackoby,Jakub,sounds,,,,ikb
Jackoby,Jakobi,sounds,,,,ikb
Jackoby,Yakub,sounds,,,,ikb
Jackoby,Jakoby,sounds,,,,ikb
Jackson,Jaakson,curated,,,,iksn
Jacob,Jakobsson,curated,,,,icb
Jacob,Jacobs,curated,,,,icb
Jacob,Jacobsen,curated,,,,icb
Jacob,Jakob,curated,,,,icb
Jacob,Jakobsen,curated,,,,icb
Jacob,Jakobson,curated,,,,icb
Jacob,Jacobson,curated,,,,icb
Jacob,James,curated,,,,icb
Jacob,Jacobo,curated,,,,icb
Jacob,Diego,curated,,,,icb
Jacob,Santiago,curated,,,,icb
Jacob,Jacques,curated,,,,icb
Jacob,Jacobsson,curated,,,,icb
Jacob,Jacobus,curated,,,,icb
Jacob,Jakub,curated,,,,icb
Jacob,Jockel,curated,,,,icb
Jacob,Jakobs,curated,,,,icb
Jacob,Jim,curated,,,,icb
Jacob,Yakub,curated,,,,icb
Jacob,Jaume,curated,,,,icb
Jacob,Jacobsohn,curated,,,,icb
Jacob,Giacomo,curated,,,,icb
Jacob,Jackoby,curated,,,,icb
Jacob,Jakobus,curated,,,,icb
Jacob,Jakobsohn,curated,,,,icb
Jacob,Jacoby,sounds,,,,icb
Jacob,Jacobi,sounds,,,,icb
Jacobi,Jacobs,curated,,,,icb
Jacobi,Jacob,sounds,,,,icb
Jacobi,Jacobo,sounds,,,,icb
Jacobi,Jacoby,sounds,,,,icb
Jacobo,Jacob,curated,,,,icb
Jacobo,Jakob,curated,,,,icb
Jacobo,Jacoby,sounds,,,,icb
Jacobo,Jacobi,sounds,,,,icb
Jacobs,Jacobsen,curated,,,,icbs
Jacobs,Jacob,curated,,,,icbs
Jacobs,Jakob,curated,,,,icbs
Jacobs,Jacobi,curated,,,,icbs
Jacobs,James,curated,,,,icbs
Jacobs,Santiago,curated,,,,icbs
Jacobs,Jacques,curated,,,,icbs
Jacobs,Jacobus,curated,,,,icbs
Jacobs,Jakobs,curated,,,,icbs
Jacobs,Jakobi,curated,,,,icbs
Jacobsen,Jakobsson,curated,,,,icbsn
Jacobsen,Jacobs,curated,,,,icbsn
Jacobsen,Jacob,curated,,,,icbsn
Jacobsen,Jakobsen,curated,,,,icbsn
Jacobsen,Jakobson,curated,,,,icbsn
Jacobsen,Jacobson,curated,,,,icbsn
Jacobsen,Jacobsson,curated,,,,icbsn
Jacobsen,Jacobus,curated,,,,icbsn
Jacobsen,Jacobsohn,curated,,,,icbsn
Jacobsohn,Jakobsson,curated,,,,icbshn
Jacobsohn,Jakobsen,curated,,,,icbshn
Jacobsohn,Jakobson,curated,,,,icbshn
Jacobsohn,Jacob,curated,,,,icbshn
Jacobsohn,Jacobsen,curated,,,,icbshn
Jacobsohn,Jacobson,curated,,,,icbshn
Jacobson,Jakobsson,curated,,,,icbsn
Jacobson,Jacob,curated,,,,icbsn
Jacobson,Jacobsen,curated,,,,icbsn
Jacobson,Jakobsen,curated,,,,icbsn
Jacobson,Jakobson,curated,,,,icbsn
Jacobson,Jacobsson,curated,,,,icbsn
Jacobson,Jacobsohn,curated,,,,icbsn
Jacobsson,Jakobsson,curated,,,,icbsn
Jacobsson,Jacob,curated,,,,icbsn
Jacobsson,Jacobsen,curated,,,,icbsn
Jacobsson,Jakobsen,curated,,,,icbsn
Jacobsson,Jakob,curated,,,,icbsn
Jacobsson,Jakobson,curated,,,,icbsn
Jacobsson,Jacobson,curated,,,,icbsn
Jacobus,Jacob,curated,,,,icbs
Jacobus,Jakob,curated,,,,icbs
Jacobus,Jacobsen,curated,,,,icbs
Jacobus,Jacobs,curated,,,,icbs
Jacoby,Jakob,curated,,,,icb
Jacoby,Jacob,sounds,,,,icb
Jacoby,Jacobo,sounds,,,,icb
Jacoby,Jacobi,sounds,,,,icb
Jacques,Jacob,curated,,,,icks
Jacques,Jakob,curated,,,,icks
Jacques,Jakes,curated,,,,icks
Jacques,Jacobs,curated,,,,icks
Jaeger,Jäger,curated,,,,ir
Jaehn,Jahn,curated,,,,ihn
Jaehn,Jähn,curated,,,,ihn
Jäger,Jaeger,curated,,,,ir
Jähn,Jaehn,curated,,,,ihn
Jähn,Jahns,curated,,,,ihn
Jähn,Jähns,curated,,,,ihn
Jahns,Jähn,curated,,,,ihns
Jahns,Johns,sounds,,,,ihns
Jaime,Jakob,curated,,,,im
Jaime,Imu,sounds,,,,im
Jaime,Yim,sounds,,,,im
Jaime,Jim,sounds,,,,im
Jaime,Jaume,sounds,,,,im
Jakab,Jakob,curated,,,,ikb
Jakab,Jakub,sounds,,,,ikb
Jakab,Jakobi,sounds,,,,ikb
Jakab,Yakub,sounds,,,,ikb
Jakab,Jakoby,sounds,,,,ikb
Jakab,Jackoby,sounds,,,,ikb
Jakes,Jacques,curated,,,,iks
Jakes,Jackes,curated,,,,iks
Jakob,Jakobsson,curated,,,,ikb
Jakob,Jacobs,curated,,,,ikb
Jakob,Jacob,curated,,,,ikb
Jakob,Jakobsen,curated,,,,ikb
Jakob,Jakobson,curated,,,,ikb
Jakob,James,curated,,,,ikb
Jakob,Jacobo,curated,,,,ikb
Jakob,Diego,curated,,,,ikb
Jakob,Santiago,curated,,,,ikb
Jakob,Jacques,curated,,,,ikb
Jakob,Jacoby,curated,,,,ikb
Jakob,Jacobsson,curated,,,,ikb
Jakob,Jakab,curated,,,,ikb
Jakob,Jacobus,curated,,,,ikb
Jakob,Jakub,curated,,,,ikb
Jakob,Jockel,curated,,,,ikb
Jakob,Jakobs,curated,,,,ikb
Jakob,Jaime,curated,,,,ikb
Jakob,Jim,curated,,,,ikb
Jakob,Jakobi,curated,,,,ikb
Jakob,Yakub,curated,,,,ikb
Jakob,Jaume,curated,,,,ikb
Jakob,Giacomo,curated,,,,ikb
Jakob,Jakoby,curated,,,,ikb
Jakob,Jackoby,curated,,,,ikb
Jakobi,Jacobs,curated,,,,ikb
Jakobi,Jakob,curated,,,,ikb
Jakobi,Jakab,sounds,,,,ikb
Jakobi,Jakub,sounds,,,,ikb
Jakobi,Yakub,sounds,,,,ikb
Jakobi,Jakoby,sounds,,,,ikb
Jakobi,Jackoby,sounds,,,,ikb
Jakobs,Jacob,curated,,,,ikbs
Jakobs,Jakob,curated,,,,ikbs
Jakobs,Jakobsen,curated,,,,ikbs
Jakobs,Jacobs,curated,,,,ikbs
Jakobs,Jakobus,sounds,,,,ikbs
Jakobsen,Jakobsson,curated,,,,ikbsn
Jakobsen,Jacobsen,curated,,,,ikbsn
Jakobsen,Jakob,curated,,,,ikbsn
Jakobsen,Jacob,curated,,,,ikbsn
Jakobsen,Jakobson,curated,,,,ikbsn
Jakobsen,Jacobson,curated,,,,ikbsn
Jakobsen,Jacobsson,curated,,,,ikbsn
Jakobsen,Jakobs,curated,,,,ikbsn
Jakobsen,Jacobsohn,curated,,,,ikbsn
Jakobsen,Jakobus,curated,,,,ikbsn
Jakobsen,Jakobsohn,curated,,,,ikbsn
Jakobsohn,Jakobsson,curated,,,,ikbshn
Jakobsohn,Jacob,curated,,,,ikbshn
Jakobsohn,Jakobsen,curated,,,,ikbshn
Jakobsohn,Jakobson,curated,,,,ikbshn
Jakobson,Jakobsson,curated,,,,ikbsn
Jakobson,Jacob,curated,,,,ikbsn
Jakobson,Jacobsen,curated,,,,ikbsn
Jakobson,Jakob,curated,,,,ikbsn
Jakobson,Jakobsen,curated,,,,ikbsn
Jakobson,Jacobsson,curated,,,,ikbsn
Jakobson,Jacobson,curated,,,,ikbsn
Jakobson,Jacobsohn,curated,,,,ikbsn
Jakobson,Jakobsohn,curated,,,,ikbsn
Jakobson,Jakobsons,curated,,,,ikbsn
Jakobsons,Jakobsson,curated,,,,ikbsns
Jakobsons,Jakobson,curated,,,,ikbsns
Jakobsson,Jacobsen,curated,,,,ikbsn
Jakobsson,Jacob,curated,,,,ikbsn
Jakobsson,Jakobsen,curated,,,,ikbsn
Jakobsson,Jacobson,curated,,,,ikbsn
Jakobsson,Jakob,curated,,,,ikbsn
Jakobsson,Jakobson,curated,,,,ikbsn
Jakobsson,Jacobsson,curated,,,,ikbsn
Jakobsson,Jacobsohn,curated,,,,ikbsn
Jakobsson,Jakobsons,curated,,,,ikbsn
Jakobsson,Jakobsohn,curated,,,,ikbsn
Jakobus,Jacob,curated,,,,ikbs
Jakobus,Jakobsen,curated,,,,ikbs
Jakobus,Jakobs,sounds,,,,ikbs
Jakoby,Jakob,curated,,,,ikb
Jakoby,Jakab,sounds,,,,ikb
Jakoby,Jakub,sounds,,,,ikb
Jakoby,Jakobi,sounds,,,,ikb
Jakoby,Yakub,sounds,,,,ikb
Jakoby,Jackoby,sounds,,,,ikb
Jakub,Jakob,curated,,,,ikb
Jakub,Jacob,curated,,,,ikb
Jakub,Jakab,sounds,,,,ikb
Jakub,Jakobi,sounds,,,,ikb
Jakub,Yakub,sounds,,,,ikb
Jakub,Jakoby,sounds,,,,ikb
Jakub,Jackoby,sounds,,,,ikb
Jalloh,Jallow,curated,,,,ilh
Jallow,Jalloh,curated,,,,ilv
Jallow,Djaló,curated,,,,ilv
James,Jacob,curated,,,,ims
James,Jakob,curated,,,,ims
James,Jacobs,curated,,,,ims
Jančo,Jancsó,curated,,,,inc
Jančo,JUANICO,sounds,,,,inc
Jancsó,Jančo,curated,,,,incs
Jänes,Jones,sounds,,,,ins
Jang,Zhang,curated,,,,ing
Jang,Jiang,curated,,,,ing
Jang,Chang,curated,,,,ing
Janiszewski,Yanishevsky,curated,,,,insvsk
Jankovich,,,HR,archive,Blažević,inkvc
Jansen,Janszoon,curated,,,,insn
Jansen,Hansen,curated,,,,insn
Jansen,Janssen,curated,,,,insn
Jansen,Janssens,curated,,,,insn
Jansen,Joensen,sounds,,,,insn
Jansen,Jonsen,sounds,,,,insn
Jansen,Jonassen,sounds,,,,insn
Jansen,Jonasson,sounds,,,,insn
Jansen,Jonason,sounds,,,,insn
Jansen,Jonasen,sounds,,,,insn
Jansen,Jonaszon,sounds,,,,insn
Janssen,Jansen,curated,,,,insn
Janssen,Joensen,sounds,,,,insn
Janssen,Jonsen,sounds,,,,insn
Janssen,Janszoon,sounds,,,,insn
Janssen,Jonassen,sounds,,,,insn
Janssen,Jonasson,sounds,,,,insn
Janssen,Jonason,sounds,,,,insn
Janssen,Jonasen,sounds,,,,insn
Janssen,Jonaszon,sounds,,,,insn
Janssens,Jansen,curated,,,,insns
Janszoon,Johnson,curated,,,,insn
Janszoon,Jansen,curated,,,,insn
Janszoon,Joensen,sounds,,,,insn
Janszoon,Jonsen,sounds,,,,insn
Janszoon,Jonassen,sounds,,,,insn
Janszoon,Jonasson,sounds,,,,insn
Janszoon,Jonason,sounds,,,,insn
Janszoon,Jonasen,sounds,,,,insn
Janszoon,Jonaszon,sounds,,,,insn
Janszoon,Janssen,sounds,,,,insn
Jardinier,Gardner,curated,,,,irdnr
Jau,Zhao,curated,,,,i
Jaume,Jacob,curated,,,,im
Jaume,Jakob,curated,,,,im
Jaume,Imu,sounds,,,,im
Jaume,Yim,sounds,,,,im
Jaume,Jaime,sounds,,,,im
Jaume,Jim,sounds,,,,im
Javorović,,,HR,archive,Blažević,ivrvc
Jaw,Zhao,curated,,,,iv
Jaw,Iwai,sounds,,,,iv
Je,Zhu,curated,,,,i
Jedlicka,,,,,,idlk
Jefferies,Jefferis,curated,,,,ifrs
Jefferis,Jefferies,curated,,,,ifrs
Jefford,Jeffords,curated,,,,ifrd
Jeffords,Jefford,curated,,,,ifrds
Jeiteles,Jeitteles,curated,,,,itls
Jeitteles,Jeiteles,curated,,,,itls
Jelličić,,,HR,archive,Blažević,ilsc
Jelovica,,,HR,archive,Blažević,ilvc
Jeon,Quan,curated,,,,in
Jeon,Qian,curated,,,,in
Jeon,Tian,curated,,,,in
Jeon,Chuán,curated,,,,in
Jeremič,Jeremicz,curated,,,,irmc
Jeremicz,Jeremić,curated,,,,irmc
Jeremicz,Jeremič,sounds,,,,irmc
Jergović,,,HR,archive,Blažević,irgvc
Jerofejevs,Yerofeyev,curated,,,,irfvs
Jessop,Jessup,curated,,,,isp
Jessop,Jessopp,curated,,,,isp
Jessop,GESPO,sounds,,,,isp
Jessopp,Jessop,curated,,,,isp
Jessopp,Jessup,sounds,,,,isp
Jessopp,GESPO,sounds,,,,isp
Jessup,Jessop,curated,,,,isp
Jessup,Jessopp,sounds,,,,isp
Jessup,GESPO,sounds,,,,isp
Jevstignejev,Yevstigneyev,curated,,,,ivstgnv
Ji,Kei,curated,,,,i
Ji,Gye,curated,,,,i
Ji,Kai,curated,,,,i
Jia,Ga,curated,,,,i
Jia,Chia,curated,,,,i
Jian,Kan,curated,,,,in
Jiang,Kang,curated,,,,ing
Jiang,Jang,curated,,,,ing
Jiang,Gong,curated,,,,ing
Jiang,Chiang,curated,,,,ing
Jiang,Kong,curated,,,,ing
Jiang,Kiang,curated,,,,ing
Jiang,Giang,curated,,,,ing
Jiang,Khương,curated,,,,ing
Jiang,Keong,curated,,,,ing
Jiao,Chiu,curated,,,,i
Jim,Jacob,curated,,,,im
Jim,Jakob,curated,,,,im
Jim,Imu,sounds,,,,im
Jim,Yim,sounds,,,,im
Jim,Jaime,sounds,,,,im
Jim,Jaume,sounds,,,,im
Jin,Kim,curated,,,,in
Jin,Kam,curated,,,,in
Jin,Gam,curated,,,,in
Jin,Gingiya,curated,,,,in
Jin,Chen,curated,,,,in
Jindřich,Heinz,curated,,,,indrc
Jindřich,Hein,curated,,,,indrc
Jing,King,curated,,,,ing
Jing,Ching,curated,,,,ing
Jiu,Zhao,curated,,,,i
Jocelyn,Josselin,curated,,,,isln
Jockel,Jakob,curated,,,,ikl
Jockel,Jacob,curated,,,,ikl
Joensen,Johnsen,curated,,,,insn
Joensen,Johnson,curated,,,,insn
Joensen,Jonsen,sounds,,,,insn
Joensen,Janszoon,sounds,,,,insn
Joensen,Jansen,sounds,,,,insn
Joensen,Jonassen,sounds,,,,insn
Joensen,Jonasson,sounds,,,,insn
Joensen,Jonason,sounds,,,,insn
Joensen,Jonasen,sounds,,,,insn
Joensen,Jonaszon,sounds,,,,insn
Joensen,Janssen,sounds,,,,insn
Johannesen,Johannessen,curated,,,,ihnsn
Johannesen,Johannsen,curated,,,,ihnsn
Johannesen,Johannson,curated,,,,ihnsn
Johannesen,Johanssen,curated,,,,ihnsn
Johannesen,Johansen,curated,,,,ihnsn
Johannesen,Johannßen,curated,,,,ihnsn
Johanneson,Jóhannsson,curated,,,,ihnsn
Johanneson,Johannsen,curated,,,,ihnsn
Johanneson,Johannson,curated,,,,ihnsn
Johanneson,Johannsson,curated,,,,ihnsn
Johanneson,Johansson,curated,,,,ihnsn
Johannessen,Johannesen,curated,,,,ihnsn
Johannessen,Johannson,curated,,,,ihnsn
Johannessen,Johansen,curated,,,,ihnsn
Johannessen,Johannßen,curated,,,,ihnsn
Johannessen,Johannsen,curated,,,,ihnsn
Johannessen,Johanssen,curated,,,,ihnsn
Johannesson,Johannsen,curated,,,,ihnsn
Johannesson,Johannson,curated,,,,ihnsn
Johannesson,Johannsson,curated,,,,ihnsn
Johannesson,Johansson,curated,,,,ihnsn
Johannsen,Johannessen,curated,,,,ihnsn
Johannsen,Johannesen,curated,,,,ihnsn
Johannsen,Johansson,curated,,,,ihnsn
Johannsen,Johanneson,curated,,,,ihnsn
Johannsen,Johannesson,curated,,,,ihnsn
Johannsen,Johannßen,curated,,,,ihnsn
Johannson,Jóhannsson,curated,,,,ihnsn
Johannson,Johannessen,curated,,,,ihnsn
Johannson,Johanson,curated,,,,ihnsn
Johannson,Johannesen,curated,,,,ihnsn
Johannson,Johannsson,curated,,,,ihnsn
Johannson,Johansson,curated,,,,ihnsn
Johannson,Johanssen,curated,,,,ihnsn
Johannson,Johanneson,curated,,,,ihnsn
Johannson,Johansen,curated,,,,ihnsn
Johannson,Johannesson,curated,,,,ihnsn
Johannson,Johannßen,curated,,,,ihnsn
Johannßen,Johannessen,curated,,,,ihnsn
Johannßen,Johannsen,curated,,,,ihnsn
Johannßen,Johannesen,curated,,,,ihnsn
Johannßen,Johannson,curated,,,,ihnsn
Johannßen,Johanssen,curated,,,,ihnsn
Johannßen,Johannsson,curated,,,,ihnsn
Jóhannsson,Johanneson,curated,,,,ihnsn
Jóhannsson,Johansson,curated,,,,ihnsn
Jóhannsson,Johannson,curated,,,,ihnsn
Jóhannsson,Johansen,curated,,,,ihnsn
Jóhannsson,Johannesson,curated,,,,ihnsn
Jóhannsson,Johannssen,curated,,,,ihnsn
Johansen,Jóhannsson,curated,,,,ihnsn
Johansen,Johannessen,curated,,,,ihnsn
Johansen,Johanson,curated,,,,ihnsn
Johansen,Johannesen,curated,,,,ihnsn
Johansen,Johansson,curated,,,,ihnsn
Johansen,Johannson,curated,,,,ihnsn
Johansen,Johanssen,curated,,,,ihnsn
Johanson,Johansson,curated,,,,ihnsn
Johanson,Johannson,curated,,,,ihnsn
Johanson,Johansen,curated,,,,ihnsn
Johanssen,Johannessen,curated,,,,ihnsn
Johanssen,Johannesen,curated,,,,ihnsn
Johanssen,Johannson,curated,,,,ihnsn
Johanssen,Johansen,curated,,,,ihnsn
Johanssen,Johannßen,curated,,,,ihnsn
Johansson,Jóhannsson,curated,,,,ihnsn
Johansson,Johannsen,curated,,,,ihnsn
Johansson,Johanson,curated,,,,ihnsn
Johansson,Johannson,curated,,,,ihnsn
Johansson,Johanneson,curated,,,,ihnsn
Johansson,Johansen,curated,,,,ihnsn
Johansson,Johannesson,curated,,,,ihnsn
Johns,Jones,curated,,,,ihns
Johns,Jahns,sounds,,,,ihns
Johnsen,Johnson,curated,,,,ihnsn
Johnsen,Joensen,curated,,,,ihnsn
Johnsen,Jonsen,curated,,,,ihnsn
Johnsen,Johnssen,curated,,,,ihnsn
Johnson,Johnsen,curated,,,,ihnsn
Johnson,Johnsson,curated,,,,ihnsn
Johnson,Joensen,curated,,,,ihnsn
Johnson,Jonsen,curated,,,,ihnsn
Johnson,Johnsén,curated,,,,ihnsn
Johnson,Johnssen,curated,,,,ihnsn
Johnson,Janszoon,curated,,,,ihnsn
Johnssen,Johnsen,curated,,,,ihnsn
Johnssen,Johnson,curated,,,,ihnsn
Johnsson,Johnson,curated,,,,ihnsn
Johnston,Jonston,curated,,,,ihnstn
Jonasen,Jonasson,curated,,,,insn
Jonasen,Joensen,sounds,,,,insn
Jonasen,Jonsen,sounds,,,,insn
Jonasen,Janszoon,sounds,,,,insn
Jonasen,Jansen,sounds,,,,insn
Jonasen,Jonassen,sounds,,,,insn
Jonasen,Jonason,sounds,,,,insn
Jonasen,Jonaszon,sounds,,,,insn
Jonasen,Janssen,sounds,,,,insn
Jonason,Jonasson,curated,,,,insn
Jonason,Joensen,sounds,,,,insn
Jonason,Jonsen,sounds,,,,insn
Jonason,Janszoon,sounds,,,,insn
Jonason,Jansen,sounds,,,,insn
Jonason,Jonassen,sounds,,,,insn
Jonason,Jonasen,sounds,,,,insn
Jonason,Jonaszon,sounds,,,,insn
Jonason,Janssen,sounds,,,,insn
Jonassen,Jonasson,curated,,,,insn
Jonassen,Joensen,sounds,,,,insn
Jonassen,Jonsen,sounds,,,,insn
Jonassen,Janszoon,sounds,,,,insn
Jonassen,Jansen,sounds,,,,insn
Jonassen,Jonason,sounds,,,,insn
Jonassen,Jonasen,sounds,,,,insn
Jonassen,Jonaszon,sounds,,,,insn
Jonassen,Janssen,sounds,,,,insn
Jonasson,Jonassen,curated,,,,insn
Jonasson,Jonason,curated,,,,insn
Jonasson,Jonasen,curated,,,,insn
Jonasson,Jonaszon,curated,,,,insn
Jonasson,Joensen,sounds,,,,insn
Jonasson,Jonsen,sounds,,,,insn
Jonasson,Janszoon,sounds,,,,insn
Jonasson,Jansen,sounds,,,,insn
Jonasson,Janssen,sounds,,,,insn
Jonaszon,Jonasson,curated,,,,insn
Jonaszon,Joensen,sounds,,,,insn
Jonaszon,Jonsen,sounds,,,,insn
Jonaszon,Janszoon,sounds,,,,insn
Jonaszon,Jansen,sounds,,,,insn
Jonaszon,Jonassen,sounds,,,,insn
Jonaszon,Jonason,sounds,,,,insn
Jonaszon,Jonasen,sounds,,,,insn
Jonaszon,Janssen,sounds,,,,insn
Jones,Johns,curated,AU,archive,D'Arcy,ins
Jones,Johns,curated,GB,archive,D'Arcy,ins
Jones,Johns,curated,IE,archive,D'Arcy,ins
Jones,Jänes,sounds,AU,archive,D'Arcy,ins
Jones,Jänes,sounds,GB,archive,D'Arcy,ins
Jones,Jänes,sounds,IE,archive,D'Arcy,ins
Jong,Zhong,curated,,,,ing
Jong,Zōng,curated,,,,ing
Jonsen,Johnsen,curated,,,,insn
Jonsen,Johnson,curated,,,,insn
Jonsen,Joensen,sounds,,,,insn
Jonsen,Janszoon,sounds,,,,insn
Jonsen,Jansen,sounds,,,,insn
Jonsen,Jonassen,sounds,,,,insn
Jonsen,Jonasson,sounds,,,,insn
Jonsen,Jonason,sounds,,,,insn
Jonsen,Jonasen,sounds,,,,insn
Jonsen,Jonaszon,sounds,,,,insn
Jonsen,Janssen,sounds,,,,insn
Jonston,Johnston,curated,,,,instn
Jordan,Giordano,curated,,,,irdn
Jordan,Jörden,curated,,,,irdn
Jordan,Jordans,curated,,,,irdn
Jordan,Jorden,curated,,,,irdn
Jordan,Jourdan,curated,,,,irdn
Jordan,Jordana,curated,,,,irdn
Jordana,Jordan,curated,,,,irdn
Jordana,Giordano,sounds,,,,irdn
Jordana,Jörden,sounds,,,,irdn
Jordana,Jourdan,sounds,,,,irdn
Jordans,Jordan,curated,,,,irdns
Jörden,Jordan,curated,,,,irdn
Jörden,Giordano,sounds,,,,irdn
Jörden,Jourdan,sounds,,,,irdn
Jörden,Jordana,sounds,,,,irdn
Jordi,George,curated,,,,ird
Jordi,Georgi,curated,,,,ird
Jordi,Yar'adua,sounds,,,,ird
Jordi,GIORDI,sounds,,,,ird
Jorge,George,curated,,,,ir
Jorge,Georgi,curated,,,,ir
Jörgensen,Jurgenson,curated,,,,irnsn
Jörgensen,Jürgenssen,sounds,,,,irnsn
Jörgensen,Jürgensen,sounds,,,,irnsn
Jörgensen,Jörgenson,sounds,,,,irnsn
Jörgenson,Jurgenson,curated,,,,irnsn
Jörgenson,Jörgensen,sounds,,,,irnsn
Jörgenson,Jürgenssen,sounds,,,,irnsn
Jörgenson,Jürgensen,sounds,,,,irnsn
Joris,George,curated,,,,irs
Joris,Georgi,curated,,,,irs
Joris,Juris,sounds,,,,irs
Joris,Georges,sounds,,,,irs
Jorn,George,curated,,,,irn
Jorn,Georgi,curated,,,,irn
Jorn,Jurgen,sounds,,,,irn
Jorn,GIARRINO,sounds,,,,irn
Josefsen,Josephson,curated,,,,isfsn
Josefsen,Josefsson,sounds,,,,isfsn
Josefsen,Josephsen,sounds,,,,isfsn
Josefsen,Josephsson,sounds,,,,isfsn
Josefsson,Josephson,curated,,,,isfsn
Josefsson,Josefsen,sounds,,,,isfsn
Josefsson,Josephsen,sounds,,,,isfsn
Josefsson,Josephsson,sounds,,,,isfsn
Josephsen,Josephson,curated,,,,isfsn
Josephsen,Josefsson,sounds,,,,isfsn
Josephsen,Josefsen,sounds,,,,isfsn
Josephsen,Josephsson,sounds,,,,isfsn
Josephson,Josefsson,curated,,,,isfsn
Josephson,Josefsen,curated,,,,isfsn
Josephson,Josephsen,curated,,,,isfsn
Josephson,Josephsson,curated,,,,isfsn
Josephsson,Josephson,curated,,,,isfsn
Josephsson,Josefsson,sounds,,,,isfsn
Josephsson,Josefsen,sounds,,,,isfsn
Josephsson,Josephsen,sounds,,,,isfsn
Josselin,Jocelyn,curated,,,,isln
Jourdan,Jordan,curated,,,,irdn
Jourdan,Giordano,sounds,,,,irdn
Jourdan,Jörden,sounds,,,,irdn
Jourdan,Jordana,sounds,,,,irdn
Jovic,,,,,,ivc
Jovovic,Jovovich,curated,,,,ivvc
Jovovich,Jovovic,curated,,,,ivvc
Jovovich,Jovović,curated,,,,ivvc
Ju,Zhou,curated,,,,i
JUANA,,,AR,archive,Lerena,in
JUANA,,,ES,archive,Lerena,in
JUANA,,,UY,archive,Lerena,in
JUANICO,Jančo,sounds,AR,archive,Lerena,inc
JUANICO,Jančo,sounds,ES,archive,Lerena,inc
JUANICO,Jančo,sounds,UY,archive,Lerena,inc
JUAREZ,,,AR,archive,Lerena,irz
JUAREZ,,,ES,archive,Lerena,irz
JUAREZ,,,UY,archive,Lerena,irz
Jules,Julian,curated,,,,ils
Jules,Julius,sounds,,,,ils
Julian,Jullian,curated,,,,iln
Julian,Julien,curated,,,,iln
Julian,Jules,curated,,,,iln
Julian,Giuliano,curated,,,,iln
Julian,Julius,curated,,,,iln
Julian,Julio,curated,,,,iln
Julian,Juliano,curated,,,,iln
Julian,Jullien,curated,,,,iln
Juliano,Julian,curated,,,,iln
Juliano,Julien,sounds,,,,iln
Juliano,Jullian,sounds,,,,iln
Juliano,Jullien,sounds,,,,iln
Juliano,Giuliano,sounds,,,,iln
Julien,Jullian,curated,,,,iln
Julien,Julian,curated,,,,iln
Julien,Jullien,sounds,,,,iln
Julien,Giuliano,sounds,,,,iln
Julien,Juliano,sounds,,,,iln
Julio,Julian,curated,,,,il
Julius,Julian,curated,,,,ils
Julius,Jules,sounds,,,,ils
Jullian,Julien,curated,,,,iln
Jullian,Julian,curated,,,,iln
Jullian,Jullien,curated,,,,iln
Jullian,Giuliano,sounds,,,,iln
Jullian,Juliano,sounds,,,,iln
Jullien,Jullian,curated,,,,iln
Jullien,Julian,curated,,,,iln
Jullien,Julien,sounds,,,,iln
Jullien,Giuliano,sounds,,,,iln
Jullien,Juliano,sounds,,,,iln
Jung,Ding,curated,,,,ing
Jung,Junge,curated,,,,ing
Jung,Jungmichel,curated,,,,ing
Jung,Jungmichl,curated,,,,ing
Jung,Jungglas,curated,,,,ing
Jung,Jungheinrich,curated,,,,ing
Jungclas,Jungnickel,curated,,,,ingcls
Junge,Jung,curated,,,,in
Jungglas,Jung,curated,,,,ingls
Jungheinrich,Jung,curated,,,,innrc
Jungklas,Jungnickel,curated,,,,ingkls
Jungmichel,Jung,curated,,,,ingmsl
Jungmichl,Jung,curated,,,,ingmcl
Jungnickel,Jungclas,curated,,,,ingnkl
Jungnickel,Jungklas,curated,,,,ingnkl
Jure,George,curated,,,,ir
Jure,Georgi,curated,,,,ir
Jurgen,George,curated,,,,irn
Jurgen,Georgi,curated,,,,irn
Jurgen,Jorn,sounds,,,,irn
Jurgen,GIARRINO,sounds,,,,irn
Jurgens,George,curated,,,,irns
Jurgens,Georgi,curated,,,,irns
Jürgensen,Jurgenson,curated,,,,irnsn
Jürgensen,Jörgensen,sounds,,,,irnsn
Jürgensen,Jürgenssen,sounds,,,,irnsn
Jürgensen,Jörgenson,sounds,,,,irnsn
Jürgensohn,Jurgenson,curated,,,,irnshn
Jurgenson,Jörgensen,curated,,,,irnsn
Jurgenson,Jørgensen,curated,,,,irnsn
Jurgenson,Jürgenssen,curated,,,,irnsn
Jurgenson,Jürgensen,curated,,,,irnsn
Jurgenson,Jörgenson,curated,,,,irnsn
Jurgenson,Jorgenson,curated,,,,irnsn
Jurgenson,Jürgensohn,curated,,,,irnsn
Jürgenssen,Jurgenson,curated,,,,irnsn
Jürgenssen,Jörgensen,sounds,,,,irnsn
Jürgenssen,Jürgensen,sounds,,,,irnsn
Jürgenssen,Jörgenson,sounds,,,,irnsn
Juri,George,curated,,,,ir
Jurich,,,HR,archive,Blažević,irc
Juris,George,curated,,,,irs
Juris,Georgi,curated,,,,irs
Juris,Gregory,curated,,,,irs
Juris,Georges,sounds,,,,irs
Juris,Joris,sounds,,,,irs
Jurowski,Yurovsky,curated,,,,irvsk
Justiniani,,,HR,archive,Blažević,istnn
Juszkiewicz,Yushkevich,curated,,,,iskvc
Jütte,Jüttner,curated,,,,it
Jütte,GHIOTTI,sounds,,,,it
Jütte,IUTO,sounds,,,,it
Jüttner,Jütte,curated,,,,itnr
Kaak,Koch,curated,,,,kk
Kaak,Kuok,sounds,,,,kk
Kaan,Kahn,curated,,,,kn
Kaan,Kǎn,curated,,,,kn
Kaan,Kōno,sounds,,,,kn
Kaan,Quan,sounds,,,,kn
Kaan,Kyeon,sounds,,,,kn
Kaan,Quinn,sounds,,,,kn
Kaan,Koen,sounds,,,,kn
Kabel,Cabel,curated,,,,kbl
Kaczyńska,Kaczynski,curated,,,,kcnsk
Kaczyńska,Kaczyński,sounds,,,,kcnsk
Kaczyński,Kaczyńska,curated,,,,kcnsk
Kaelin,Kälin,curated,,,,kln
Kaelin,Kalin,curated,,,,kln
Kaelin,Klein,sounds,,,,kln
Kaelin,Kleine,sounds,,,,kln
Kaelin,Klijn,sounds,,,,kln
Kaelin,Kleen,sounds,,,,kln
Kaelin,Kleijn,sounds,,,,kln
Kaelin,Kleene,sounds,,,,kln
Kaelin,Kolen,sounds,,,,kln
Kaelin,Kalanj,sounds,,,,kln
Kaelin,Kalain,sounds,,,,kln
Kaelin,Kallayn,sounds,,,,kln
Kaempf,Kampf,curated,,,,kmpf
Kaempf,Kaempfe,sounds,,,,kmpf
Kaempf,Kampfe,sounds,,,,kmpf
Kaempfe,Kampf,curated,,,,kmpf
Kaempfe,Kampfe,sounds,,,,kmpf
Kaempfe,Kaempf,sounds,,,,kmpf
Kagan,Cohen,curated,,,,kgn
Kagan,Kogan,sounds,,,,kgn
Kahan,Cohen,curated,,,,khn
Kahan,Kahn,sounds,,,,khn
Kahan,Kohn,sounds,,,,khn
Kahan,Kohan,sounds,,,,khn
Kahan,Kühn,sounds,,,,khn
Kahan,Kühne,sounds,,,,khn
Kahan,Kuehn,sounds,,,,khn
Kahl,Glatz,curated,,,,khl
Kahl,Kuhl,sounds,,,,khl
Kahl,Kühle,sounds,,,,khl
Kahl,Kohl,sounds,,,,khl
Kahn,Kaan,curated,,,,khn
Kahn,Cohen,curated,,,,khn
Kahn,Khan,curated,,,,khn
Kahn,Cohn,curated,,,,khn
Kahn,Kohn,curated,,,,khn
Kahn,Coen,curated,,,,khn
Kahn,Kohan,sounds,,,,khn
Kahn,Kahan,sounds,,,,khn
Kahn,Kühn,sounds,,,,khn
Kahn,Kühne,sounds,,,,khn
Kahn,Kuehn,sounds,,,,khn
Kai,Ji,curated,,,,k
Kai,Kei,sounds,,,,k
Kai,Ko,sounds,,,,k
Kai,Koo,sounds,,,,k
Kai,Kao,sounds,,,,k
Kai,Ke,sounds,,,,k
Kai,Koa,sounds,,,,k
Kai,Kua,sounds,,,,k
Kai,Kou,sounds,,,,k
Kai,Kiu,sounds,,,,k
Kaijser,Kaiser,curated,,,,ksr
Kaijser,Kiser,sounds,,,,ksr
Kaijser,Keiser,sounds,,,,ksr
Kaijser,Keyser,sounds,,,,ksr
Kaijser,Kejser,sounds,,,,ksr
Kaiser,Car,curated,,,,ksr
Kaiser,Kiser,curated,,,,ksr
Kaiser,Keiser,curated,,,,ksr
Kaiser,Keyser,curated,,,,ksr
Kaiser,Kaijser,curated,,,,ksr
Kaiser,Kejser,curated,,,,ksr
Kal,Ge,curated,,,,kl
Kal,Kelley,sounds,,,,kl
Kal,Kelly,sounds,,,,kl
Kal,Koll,sounds,,,,kl
Kalain,Kalanj,curated,,,,kln
Kalain,Klein,sounds,,,,kln
Kalain,Kleine,sounds,,,,kln
Kalain,Klijn,sounds,,,,kln
Kalain,Kleen,sounds,,,,kln
Kalain,Kleijn,sounds,,,,kln
Kalain,Kleene,sounds,,,,kln
Kalain,Kälin,sounds,,,,kln
Kalain,Kaelin,sounds,,,,kln
Kalain,Kolen,sounds,,,,kln
Kalain,Kallayn,sounds,,,,kln
Kalanj,Kalain,curated,HR,archive,Blažević,kln
Kalanj,Kallayn,curated,HR,archive,Blažević,kln
Kalanj,Klein,sounds,HR,archive,Blažević,kln
Kalanj,Kleine,sounds,HR,archive,Blažević,kln
Kalanj,Klijn,sounds,HR,archive,Blažević,kln
Kalanj,Kleen,sounds,HR,archive,Blažević,kln
Kalanj,Kleijn,sounds,HR,archive,Blažević,kln
Kalanj,Kleene,sounds,HR,archive,Blažević,kln
Kalanj,Kälin,sounds,HR,archive,Blažević,kln
Kalanj,Kaelin,sounds,HR,archive,Blažević,kln
Kalanj,Kolen,sounds,HR,archive,Blažević,kln
Kalckstein,Kalkstein,curated,,,,klkstn
Kälin,Kaelin,curated,,,,kln
Kälin,Klein,sounds,,,,kln
Kälin,Kleine,sounds,,,,kln
Kälin,Klijn,sounds,,,,kln
Kälin,Kleen,sounds,,,,kln
Kälin,Kleijn,sounds,,,,kln
Kälin,Kleene,sounds,,,,kln
Kälin,Kolen,sounds,,,,kln
Kälin,Kalanj,sounds,,,,kln
Kälin,Kalain,sounds,,,,kln
Kälin,Kallayn,sounds,,,,kln
Kalkbrenner,Brenner,curated,,,,klkbrnr
Kalkstein,Kalckstein,curated,,,,klkstn
Kallayn,Kalanj,curated,,,,kln
Kallayn,Klein,sounds,,,,kln
Kallayn,Kleine,sounds,,,,kln
Kallayn,Klijn,sounds,,,,kln
Kallayn,Kleen,sounds,,,,kln
Kallayn,Kleijn,sounds,,,,kln
Kallayn,Kleene,sounds,,,,kln
Kallayn,Kälin,sounds,,,,kln
Kallayn,Kaelin,sounds,,,,kln
Kallayn,Kolen,sounds,,,,kln
Kallayn,Kalain,sounds,,,,kln
Kalnin,Kalniņš,curated,,,,klnn
Kalnins,Kalnin,curated,,,,klnns
Kam,Jin,curated,,,,km
Kam,Gan,curated,,,,km
Kam,Kim,sounds,,,,km
Kameron,Cameron,curated,,,,kmrn
Kämmerling,Kemmerling,curated,,,,kmrlng
Kampf,Kaempfe,curated,,,,kmpf
Kampf,Kampfe,curated,,,,kmpf
Kampf,Kaempf,curated,,,,kmpf
Kampfe,Kampf,curated,,,,kmpf
Kampfe,Kaempfe,sounds,,,,kmpf
Kampfe,Kaempf,sounds,,,,kmpf
Kǎn,Kaan,curated,,,,kn
Kǎn,Jian,curated,,,,kn
Kǎn,Kōno,sounds,,,,kn
Kǎn,Quan,sounds,,,,kn
Kǎn,Kyeon,sounds,,,,kn
Kǎn,Quinn,sounds,,,,kn
Kǎn,Koen,sounds,,,,kn
Kandratovich,Kondratowicz,curated,,,,kndrtvc
Kandratovich,Kondratovičs,curated,,,,kndrtvc
Kandratovich,Kondratovych,curated,,,,kndrtvc
Kang,Jiang,curated,,,,kng
Kang,Qiáng,curated,,,,kng
Kang,Gang,curated,,,,kng
Kang,Hong,curated,,,,kng
Kang,King,sounds,,,,kng
Kang,König,sounds,,,,kng
Kang,Kong,sounds,,,,kng
Kang,Koenig,sounds,,,,kng
Kang,Kiang,sounds,,,,kng
Kang,Keong,sounds,,,,kng
Kao,Gao,curated,,,,k
Kao,Kei,sounds,,,,k
Kao,Ko,sounds,,,,k
Kao,Koo,sounds,,,,k
Kao,Ke,sounds,,,,k
Kao,Koa,sounds,,,,k
Kao,Kua,sounds,,,,k
Kao,Kou,sounds,,,,k
Kao,Kiu,sounds,,,,k
Kao,Kai,sounds,,,,k
Kaplowitz,Koplowitz,curated,,,,kplvtz
Karaev,Qarayev,curated,,,,krv
Karasev,Karasyov,curated,,,,krsv
Karasyov,Karasev,curated,,,,krsv
Karel,Carl,curated,,,,krl
Karel,Karol,sounds,,,,krl
Karel,Karl,sounds,,,,krl
Karel,Karlo,sounds,,,,krl
Karel,Károly,sounds,,,,krl
Karel,Korol,sounds,,,,krl
Karel,Kral,sounds,,,,krl
Karel,Krol,sounds,,,,krl
Karl,Carl,curated,,,,krl
Karl,Karel,sounds,,,,krl
Karl,Karol,sounds,,,,krl
Karl,Karlo,sounds,,,,krl
Karl,Károly,sounds,,,,krl
Karl,Korol,sounds,,,,krl
Karl,Kral,sounds,,,,krl
Karl,Krol,sounds,,,,krl
Karlo,Carl,curated,,,,krl
Karlo,Karel,sounds,,,,krl
Karlo,Karol,sounds,,,,krl
Karlo,Karl,sounds,,,,krl
Karlo,Károly,sounds,,,,krl
Karlo,Korol,sounds,,,,krl
Karlo,Kral,sounds,,,,krl
Karlo,Krol,sounds,,,,krl
Karnell,Carnell,curated,,,,krnl
Karol,Carl,curated,,,,krl
Karol,Karel,sounds,,,,krl
Karol,Karl,sounds,,,,krl
Karol,Karlo,sounds,,,,krl
Karol,Károly,sounds,,,,krl
Karol,Korol,sounds,,,,krl
Karol,Kral,sounds,,,,krl
Karol,Krol,sounds,,,,krl
Károly,Carl,curated,,,,krl
Károly,Karel,sounds,,,,krl
Károly,Karol,sounds,,,,krl
Károly,Karl,sounds,,,,krl
Károly,Karlo,sounds,,,,krl
Károly,Korol,sounds,,,,krl
Károly,Kral,sounds,,,,krl
Károly,Krol,sounds,,,,krl
Karpiński,,,,,,krpnsk
Karstens,Carstens,curated,,,,krstns
Kaschuba,Kashuba,curated,,,,ksb
Kaschuba,Kašuba,sounds,,,,ksb
Kaschuba,Kaszuba,sounds,,,,ksb
Kashuba,Kašuba,curated,,,,kshb
Kashuba,Kaschuba,curated,,,,kshb
Kashuba,Kaszuba,curated,,,,kshb
Kašuba,Kashuba,curated,,,,ksb
Kašuba,Kaschuba,sounds,,,,ksb
Kašuba,Kaszuba,sounds,,,,ksb
Kasuda,Haruta,curated,,,,ksd
Kasuda,Kichida,sounds,,,,ksd
Kaszuba,Kashuba,curated,,,,ksb
Kaszuba,Kašuba,sounds,,,,ksb
Kaszuba,Kaschuba,sounds,,,,ksb
Katalinić,,,HR,archive,Blažević,ktlnc
Kater,Cater,curated,,,,ktr
Katlyarow,Kotlyarov,curated,,,,ktlrv
Kauffman,Kofman,curated,,,,kfmn
Kauffman,Kaufmann,sounds,,,,kfmn
Kauffman,Koffman,sounds,,,,kfmn
Kauffman,Kauffmann,sounds,,,,kfmn
Kauffmann,Kofman,curated,,,,kfmn
Kauffmann,Kaufmann,sounds,,,,kfmn
Kauffmann,Koffman,sounds,,,,kfmn
Kauffmann,Kauffman,sounds,,,,kfmn
Kaufmann,Chapman,curated,,,,kfmn
Kaufmann,Koopmann,curated,,,,kfmn
Kaufmann,Kofman,curated,,,,kfmn
Kaufmann,Koffman,sounds,,,,kfmn
Kaufmann,Kauffmann,sounds,,,,kfmn
Kaufmann,Kauffman,sounds,,,,kfmn
Kavalyonak,Kovalyonok,curated,,,,kvlnk
Kayumov,Qayumov,curated,,,,kmv
Kazakov,Kozakov,curated,,,,kzkv
Kazakov,Qozoqov,curated,,,,kzkv
Kazakov,Kazakow,curated,,,,kzkv
Kazakow,Kazakov,curated,,,,kzkv
Kazakow,Kozakov,sounds,,,,kzkv
Kazlow,Kozlov,curated,,,,kzlv
Ke,O,curated,,,,k
Ke,Koa,curated,,,,k
Ke,Ko,curated,,,,k
Ke,Kua,curated,,,,k
Ke,Or,curated,,,,k
Ke,Kho,curated,,,,k
Ke,Kei,sounds,,,,k
Ke,Koo,sounds,,,,k
Ke,Kao,sounds,,,,k
Ke,Kou,sounds,,,,k
Ke,Kiu,sounds,,,,k
Ke,Kai,sounds,,,,k
Keefe,Cuif,curated,,,,kf
Keefe,Kofi,sounds,,,,kf
Keeling,,,AU,archive,D'Arcy,klng
Keeling,,,GB,archive,D'Arcy,klng
Keeling,,,IE,archive,D'Arcy,klng
Kei,Jī,curated,,,,k
Kei,Ko,sounds,,,,k
Kei,Koo,sounds,,,,k
Kei,Kao,sounds,,,,k
Kei,Ke,sounds,,,,k
Kei,Koa,sounds,,,,k
Kei,Kua,sounds,,,,k
Kei,Kou,sounds,,,,k
Kei,Kiu,sounds,,,,k
Kei,Kai,sounds,,,,k
Keiser,Kaiser,curated,,,,ksr
Keiser,Kiser,sounds,,,,ksr
Keiser,Keyser,sounds,,,,ksr
Keiser,Kaijser,sounds,,,,ksr
Keiser,Kejser,sounds,,,,ksr
Kejser,Kaiser,curated,,,,ksr
Kejser,Kiser,sounds,,,,ksr
Kejser,Keiser,sounds,,,,ksr
Kejser,Keyser,sounds,,,,ksr
Kejser,Kaijser,sounds,,,,ksr
Kelley,Kelly,curated,,,,kl
Kelley,Koll,sounds,,,,kl
Kelley,Kal,sounds,,,,kl
Kelly,Kelley,curated,,,,kl
Kelly,Koll,sounds,,,,kl
Kelly,Kal,sounds,,,,kl
Kemmerling,Kämmerling,curated,,,,kmrlng
Kent,,,AU,archive,D'Arcy,knt
Kent,,,GB,archive,D'Arcy,knt
Kent,,,IE,archive,D'Arcy,knt
Keong,Jiang,curated,,,,kng
Keong,King,sounds,,,,kng
Keong,König,sounds,,,,kng
Keong,Kang,sounds,,,,kng
Keong,Kong,sounds,,,,kng
Keong,Koenig,sounds,,,,kng
Keong,Kiang,sounds,,,,kng
Kerckhoff,Kerkhoff,curated,,,,krhf
Kerckhoff,Kerkhof,sounds,,,,krhf
Kerkhof,Kerkhoff,curated,,,,krhf
Kerkhof,Kirchhof,curated,,,,krhf
Kerkhof,Kerckhoff,sounds,,,,krhf
Kerkhoff,Kerckhoff,curated,,,,krhf
Kerkhoff,Kirchhoff,curated,,,,krhf
Kerkhoff,Kerkhof,curated,,,,krhf
Kerkhoff,Kerkhoffs,curated,,,,krhf
Kerkhoffs,Kerkhoff,curated,,,,krhfs
Kern,Korn,curated,,,,krn
Kern,Körner,curated,,,,krn
Kern,Kerner,curated,,,,krn
Kern,Kernchen,curated,,,,krn
Kernchen,Kern,curated,,,,krnsn
Kerner,Kern,curated,,,,krnr
Kerner,Körner,curated,,,,krnr
Kerner,Koerner,sounds,,,,krnr
Kerr,Carr,curated,,,,kr
Kerr,Kure,sounds,,,,kr
Kester,Christov,curated,,,,kstr
Kester,Kristof,curated,,,,kstr
Kevorkian,Gevorgyan,curated,,,,kvrkn
Keyser,Kaiser,curated,,,,ksr
Keyser,Kiser,sounds,,,,ksr
Keyser,Keiser,sounds,,,,ksr
Keyser,Kaijser,sounds,,,,ksr
Keyser,Kejser,sounds,,,,ksr
Khan,Kahn,curated,,,,hn
Khan,Hagen,sounds,,,,hn
Khan,Hon,sounds,,,,hn
Khan,Han,sounds,,,,hn
Khan,Haagen,sounds,,,,hn
Khan,Hein,sounds,,,,hn
Khan,Heyne,sounds,,,,hn
Khan,Heine,sounds,,,,hn
Kho,Ke,curated,,,,h
Kho,Xu,curated,,,,h
Khokhlov,Hohlov,curated,,,,hhlv
Khomyakov,Khomyakova,curated,,,,hmkv
Khomyakova,Khomyakov,curated,,,,hmkv
Khổng,Kong,curated,,,,hng
Khổng,Hung,sounds,,,,hng
Khổng,Huang,sounds,,,,hng
Khổng,Hoàng,sounds,,,,hng
Khổng,Heng,sounds,,,,hng
Khổng,Hanig,sounds,,,,hng
Khổng,Hannig,sounds,,,,hng
Khổng,Hong,sounds,,,,hng
Khổng,Khương,sounds,,,,hng
Khoo,Xu,curated,,,,h
Khou,Xu,curated,,,,h
Khương,Jiang,curated,,,,hng
Khương,Hung,sounds,,,,hng
Khương,Huang,sounds,,,,hng
Khương,Hoàng,sounds,,,,hng
Khương,Heng,sounds,,,,hng
Khương,Hanig,sounds,,,,hng
Khương,Hannig,sounds,,,,hng
Khương,Khổng,sounds,,,,hng
Khương,Hong,sounds,,,,hng
Kiang,Jiang,curated,,,,kng
Kiang,King,sounds,,,,kng
Kiang,König,sounds,,,,kng
Kiang,Kang,sounds,,,,kng
Kiang,Kong,sounds,,,,kng
Kiang,Koenig,sounds,,,,kng
Kiang,Keong,sounds,,,,kng
Kibalchich,Kybalchych,curated,,,,kblsc
Kichida,Yoshida,curated,,,,ksd
Kichida,Kasuda,sounds,,,,ksd
Kiersch,Kirsch,curated,,,,krs
Kiersch,Kruse,sounds,,,,krs
Kiersch,Kraus,sounds,,,,krs
Kiersch,Krause,sounds,,,,krs
Kiersch,Kras,sounds,,,,krs
Kiersch,Krausz,sounds,,,,krs
Kiersch,Krauß,sounds,,,,krs
Kim,Jin,curated,,,,km
Kim,Kam,sounds,,,,km
King,Rey,curated,,,,kng
King,Jing,curated,,,,kng
King,König,curated,,,,kng
King,Koning,curated,,,,kng
King,Jīng,curated,,,,kng
King,Re,curated,,,,kng
King,Rei,curated,,,,kng
King,Roi,curated,,,,kng
King,Kang,sounds,,,,kng
King,Kong,sounds,,,,kng
King,Koenig,sounds,,,,kng
King,Kiang,sounds,,,,kng
King,Keong,sounds,,,,kng
Kinkela,,,HR,archive,Blažević,knkl
Kinnon,McKinnon,curated,,,,knn
Kirchhof,Kerkhof,curated,,,,krchf
Kirchhof,Kirchhoff,curated,,,,krchf
Kirchhoff,Kerkhoff,curated,,,,krchf
Kirchhoff,Kirchhof,curated,,,,krchf
Kirck,Kirk,curated,,,,krk
Kirichek,Kyrychok,curated,,,,krsk
Kirichenko,Kirychenka,curated,,,,krsnk
Kirichenko,Kyrychenko,curated,,,,krsnk
Kirilenko,Kyrylenko,curated,,,,krlnk
Kirk,Kirck,curated,,,,krk
Kirsch,Kiersch,curated,,,,krs
Kirsch,Kruse,sounds,,,,krs
Kirsch,Kraus,sounds,,,,krs
Kirsch,Krause,sounds,,,,krs
Kirsch,Kras,sounds,,,,krs
Kirsch,Krausz,sounds,,,,krs
Kirsch,Krauß,sounds,,,,krs
Kirychenka,Kirichenko,curated,,,,krsnk
Kirychenka,Kyrychenko,sounds,,,,krsnk
Kiser,Kaiser,curated,,,,ksr
Kiser,Keiser,sounds,,,,ksr
Kiser,Keyser,sounds,,,,ksr
Kiser,Kaijser,sounds,,,,ksr
Kiser,Kejser,sounds,,,,ksr
Kistler,Schreiner,curated,,,,kstlr
Kitta,Yoshida,curated,,,,kt
Kitta,Kott,sounds,,,,kt
Kitta,Kot,sounds,,,,kt
Kiu,Qiao,curated,,,,k
Kiu,Kei,sounds,,,,k
Kiu,Ko,sounds,,,,k
Kiu,Koo,sounds,,,,k
Kiu,Kao,sounds,,,,k
Kiu,Ke,sounds,,,,k
Kiu,Koa,sounds,,,,k
Kiu,Kua,sounds,,,,k
Kiu,Kou,sounds,,,,k
Kiu,Kai,sounds,,,,k
Klaasen,Klaassen,curated,,,,klsn
Klaasen,Klaussen,sounds,,,,klsn
Klaasen,Klausen,sounds,,,,klsn
Klaasen,Klassen,sounds,,,,klsn
Klaasen,Klasen,sounds,,,,klsn
Klaass,Klaassen,curated,,,,kls
Klaass,Klaus,sounds,,,,kls
Klaass,Klas,sounds,,,,kls
Klaassen,Claassen,curated,,,,klsn
Klaassen,Klaasen,curated,,,,klsn
Klaassen,Klas,curated,,,,klsn
Klaassen,Klassen,curated,,,,klsn
Klaassen,Klaassens,curated,,,,klsn
Klaassen,Klaass,curated,,,,klsn
Klaassen,Klaussen,sounds,,,,klsn
Klaassen,Klausen,sounds,,,,klsn
Klaassen,Klasen,sounds,,,,klsn
Klaassens,Klaassen,curated,,,,klsns
Klas,Klaassen,curated,,,,kls
Klas,Clasen,curated,,,,kls
Klas,Klaus,sounds,,,,kls
Klas,Klaass,sounds,,,,kls
Klasen,Clasen,curated,,,,klsn
Klasen,Klaussen,sounds,,,,klsn
Klasen,Klausen,sounds,,,,klsn
Klasen,Klaassen,sounds,,,,klsn
Klasen,Klaasen,sounds,,,,klsn
Klasen,Klassen,sounds,,,,klsn
Klassen,Klaassen,curated,,,,klsn
Klassen,Klaussen,sounds,,,,klsn
Klassen,Klausen,sounds,,,,klsn
Klassen,Klaasen,sounds,,,,klsn
Klassen,Klasen,sounds,,,,klsn
Klaus,Claussen,curated,,,,kls
Klaus,Klas,sounds,,,,kls
Klaus,Klaass,sounds,,,,kls
Klausen,Claussen,curated,,,,klsn
Klausen,Klaussen,sounds,,,,klsn
Klausen,Klaassen,sounds,,,,klsn
Klausen,Klaasen,sounds,,,,klsn
Klausen,Klassen,sounds,,,,klsn
Klausen,Klasen,sounds,,,,klsn
Klaussen,Claussen,curated,,,,klsn
Klaussen,Klausen,sounds,,,,klsn
Klaussen,Klaassen,sounds,,,,klsn
Klaussen,Klaasen,sounds,,,,klsn
Klaussen,Klassen,sounds,,,,klsn
Klaussen,Klasen,sounds,,,,klsn
Kleen,Klein,curated,,,,kln
Kleen,Kleine,sounds,,,,kln
Kleen,Klijn,sounds,,,,kln
Kleen,Kleijn,sounds,,,,kln
Kleen,Kleene,sounds,,,,kln
Kleen,Kälin,sounds,,,,kln
Kleen,Kaelin,sounds,,,,kln
Kleen,Kolen,sounds,,,,kln
Kleen,Kalanj,sounds,,,,kln
Kleen,Kalain,sounds,,,,kln
Kleen,Kallayn,sounds,,,,kln
Kleene,Klein,curated,,,,kln
Kleene,Kleine,sounds,,,,kln
Kleene,Klijn,sounds,,,,kln
Kleene,Kleen,sounds,,,,kln
Kleene,Kleijn,sounds,,,,kln
Kleene,Kälin,sounds,,,,kln
Kleene,Kaelin,sounds,,,,kln
Kleene,Kolen,sounds,,,,kln
Kleene,Kalanj,sounds,,,,kln
Kleene,Kalain,sounds,,,,kln
Kleene,Kallayn,sounds,,,,kln
Klehn,Klein,curated,,,,klhn
Kleijn,Klein,curated,,,,kln
Kleijn,Kleine,sounds,,,,kln
Kleijn,Klijn,sounds,,,,kln
Kleijn,Kleen,sounds,,,,kln
Kleijn,Kleene,sounds,,,,kln
Kleijn,Kälin,sounds,,,,kln
Kleijn,Kaelin,sounds,,,,kln
Kleijn,Kolen,sounds,,,,kln
Kleijn,Kalanj,sounds,,,,kln
Kleijn,Kalain,sounds,,,,kln
Kleijn,Kallayn,sounds,,,,kln
Klein,Kurz,curated,,,,kln
Klein,Minor,curated,,,,kln
Klein,Kleine,curated,,,,kln
Klein,Klijn,curated,,,,kln
Klein,Kleen,curated,,,,kln
Klein,Kleiner,curated,,,,kln
Klein,Kleinhans,curated,,,,kln
Klein,Kleijn,curated,,,,kln
Klein,Klehn,curated,,,,kln
Klein,Kleinmichel,curated,,,,kln
Klein,Kleene,curated,,,,kln
Klein,Kleinhanns,curated,,,,kln
Klein,Kleinikl,curated,,,,kln
Klein,Kleinklaus,curated,,,,kln
Klein,Kleinhanß,curated,,,,kln
Klein,Kleinhenrich,curated,,,,kln
Klein,Kleinickel,curated,,,,kln
Klein,Kleinikel,curated,,,,kln
Klein,Kleins,curated,,,,kln
Klein,Kleinhantz,curated,,,,kln
Klein,Kleinhanss,curated,,,,kln
Klein,Kälin,sounds,,,,kln
Klein,Kaelin,sounds,,,,kln
Klein,Kolen,sounds,,,,kln
Klein,Kalanj,sounds,,,,kln
Klein,Kalain,sounds,,,,kln
Klein,Kallayn,sounds,,,,kln
Kleine,Klein,curated,,,,kln
Kleine,Klijn,sounds,,,,kln
Kleine,Kleen,sounds,,,,kln
Kleine,Kleijn,sounds,,,,kln
Kleine,Kleene,sounds,,,,kln
Kleine,Kälin,sounds,,,,kln
Kleine,Kaelin,sounds,,,,kln
Kleine,Kolen,sounds,,,,kln
Kleine,Kalanj,sounds,,,,kln
Kleine,Kalain,sounds,,,,kln
Kleine,Kallayn,sounds,,,,kln
Kleiner,Klein,curated,,,,klnr
Kleinhanns,Klein,curated,,,,klnhns
Kleinhanns,Kleinhans,sounds,,,,klnhns
Kleinhanns,Kleinhanß,sounds,,,,klnhns
Kleinhans,Klein,curated,,,,klnhns
Kleinhans,Kleinhanns,sounds,,,,klnhns
Kleinhans,Kleinhanß,sounds,,,,klnhns
Kleinhanß,Klein,curated,,,,klnhns
Kleinhanß,Kleinhans,sounds,,,,klnhns
Kleinhanß,Kleinhanns,sounds,,,,klnhns
Kleinhantz,Klein,curated,,,,klnhntz
Kleinhenrich,Klein,curated,,,,klnhnrc
Kleinickel,Klein,curated,,,,klnkl
Kleinickel,Kleinikl,sounds,,,,klnkl
Kleinickel,Kleinikel,sounds,,,,klnkl
Kleinikel,Klein,curated,,,,klnkl
Kleinikel,Kleinikl,sounds,,,,klnkl
Kleinikel,Kleinickel,sounds,,,,klnkl
Kleinikl,Klein,curated,,,,klnkl
Kleinikl,Kleinickel,sounds,,,,klnkl
Kleinikl,Kleinikel,sounds,,,,klnkl
Kleinklaus,Klein,curated,,,,klnkls
Kleinmichel,Klein,curated,,,,klnmsl
Kleins,Klein,curated,,,,klns
Klementsen,Clemmensen,curated,,,,klmntsn
Klemetsen,Clemmensen,curated,,,,klmtsn
Klemetsen,Klemetson,sounds,,,,klmtsn
Klemetson,Clemmensen,curated,,,,klmtsn
Klemetson,Klemetsen,sounds,,,,klmtsn
Klemm,Klemme,curated,,,,klm
Klemme,Klemm,curated,,,,klm
Kliger,Kluger,curated,,,,klr
Kliger,Koller,sounds,,,,klr
Klijn,Klein,curated,,,,kln
Klijn,Kleine,sounds,,,,kln
Klijn,Kleen,sounds,,,,kln
Klijn,Kleijn,sounds,,,,kln
Klijn,Kleene,sounds,,,,kln
Klijn,Kälin,sounds,,,,kln
Klijn,Kaelin,sounds,,,,kln
Klijn,Kolen,sounds,,,,kln
Klijn,Kalanj,sounds,,,,kln
Klijn,Kalain,sounds,,,,kln
Klijn,Kallayn,sounds,,,,kln
Kluger,Kliger,curated,,,,klr
Kluger,Koller,sounds,,,,klr
Knaubert,Knauer,curated,,,,knbrt
Knauer,Kneuer,curated,,,,knr
Knauer,Knauert,curated,,,,knr
Knauer,Knaur,curated,,,,knr
Knauer,Knaubert,curated,,,,knr
Knauer,Königer,sounds,,,,knr
Knauert,Knauer,curated,,,,knrt
Knaur,Knauer,curated,,,,knr
Knaur,Kneuer,sounds,,,,knr
Knaur,Königer,sounds,,,,knr
Kneuer,Knauer,curated,,,,knr
Kneuer,Knaur,sounds,,,,knr
Kneuer,Königer,sounds,,,,knr
Knight,Caballero,curated,,,,kngt
Knoefel,Knöfel,curated,,,,knfl
Knöfel,Knoefel,curated,,,,knfl
Knoop,Knop,curated,,,,knp
Knoop,Knopp,sounds,,,,knp
Knop,Knoop,curated,,,,knp
Knop,Knopf,curated,,,,knp
Knop,Knopp,curated,,,,knp
Knop,Knopke,curated,,,,knp
Knopf,Knop,curated,,,,knpf
Knopke,Knop,curated,,,,knpk
Knopp,Knop,curated,,,,knp
Knopp,Knoop,sounds,,,,knp
Ko,Gao,curated,,,,k
Ko,Ke,curated,,,,k
Ko,Gu,curated,,,,k
Ko,Kei,sounds,,,,k
Ko,Koo,sounds,,,,k
Ko,Kao,sounds,,,,k
Ko,Koa,sounds,,,,k
Ko,Kua,sounds,,,,k
Ko,Kou,sounds,,,,k
Ko,Kiu,sounds,,,,k
Ko,Kai,sounds,,,,k
Koa,Ke,curated,,,,k
Koa,Kei,sounds,,,,k
Koa,Ko,sounds,,,,k
Koa,Koo,sounds,,,,k
Koa,Kao,sounds,,,,k
Koa,Kua,sounds,,,,k
Koa,Kou,sounds,,,,k
Koa,Kiu,sounds,,,,k
Koa,Kai,sounds,,,,k
Kobayashi,Kohayashi,curated,,,,kbsh
Kobayashi,Ohayashi,curated,,,,kbsh
Kobayashi,Obayashi,curated,,,,kbsh
Koch,Kaak,curated,,,,kc
Koch,Quách,sounds,,,,kc
Koehler,Kohler,curated,,,,khlr
Koehler,Köhler,curated,,,,khlr
Koehler,Køhler,curated,,,,khlr
Koen,Cohen,curated,,,,kn
Koen,Kōno,sounds,,,,kn
Koen,Kaan,sounds,,,,kn
Koen,Kǎn,sounds,,,,kn
Koen,Quan,sounds,,,,kn
Koen,Kyeon,sounds,,,,kn
Koen,Quinn,sounds,,,,kn
Koenig,König,curated,,,,kng
Koenig,King,sounds,,,,kng
Koenig,Kang,sounds,,,,kng
Koenig,Kong,sounds,,,,kng
Koenig,Kiang,sounds,,,,kng
Koenig,Keong,sounds,,,,kng
Koeppel,Koppel,curated,,,,kpl
Koeppen,Köppen,curated,,,,kpn
Koerner,Körner,curated,,,,krnr
Koerner,Kerner,sounds,,,,krnr
Koffman,Kofman,curated,,,,kfmn
Koffman,Kaufmann,sounds,,,,kfmn
Koffman,Kauffmann,sounds,,,,kfmn
Koffman,Kauffman,sounds,,,,kfmn
Kofi,Cuffy,curated,,,,kf
Kofi,Keefe,sounds,,,,kf
Kofman,Koffman,curated,,,,kfmn
Kofman,Kaufmann,curated,,,,kfmn
Kofman,Coffman,curated,,,,kfmn
Kofman,Kauffmann,curated,,,,kfmn
Kofman,Kauffman,curated,,,,kfmn
Kogan,Cohen,curated,,,,kgn
Kogan,Kagan,sounds,,,,kgn
Kogan-Bernshteyn,Bernshteyn-Kogan,curated,,,,kgnbrnsh
Kohan,Cohen,curated,,,,khn
Kohan,Kahn,sounds,,,,khn
Kohan,Kohn,sounds,,,,khn
Kohan,Kahan,sounds,,,,khn
Kohan,Kühn,sounds,,,,khn
Kohan,Kühne,sounds,,,,khn
Kohan,Kuehn,sounds,,,,khn
Kohayashi,Kobayashi,curated,,,,khsh
Kohl,Köhler,curated,,,,khl
Kohl,Koll,curated,,,,khl
Kohl,Kolen,curated,,,,khl
Kohl,von Kohl,curated,,,,khl
Kohl,Kahl,sounds,,,,khl
Kohl,Kuhl,sounds,,,,khl
Kohl,Kühle,sounds,,,,khl
Kohler,Koehler,curated,,,,khlr
Kohler,Koller,curated,,,,khlr
Kohler,Kohl,curated,,,,khlr
Kohn,Kahn,curated,,,,khn
Kohn,Cohen,curated,,,,khn
Kohn,Kohan,sounds,,,,khn
Kohn,Kahan,sounds,,,,khn
Kohn,Kühn,sounds,,,,khn
Kohn,Kühne,sounds,,,,khn
Kohn,Kuehn,sounds,,,,khn
Kolaković,,,HR,archive,Blažević,klkvc
Kolb,Kolbe,curated,,,,klb
Kolbe,Kolb,curated,,,,klb
Kolen,Kohl,curated,,,,kln
Kolen,Klein,sounds,,,,kln
Kolen,Kleine,sounds,,,,kln
Kolen,Klijn,sounds,,,,kln
Kolen,Kleen,sounds,,,,kln
Kolen,Kleijn,sounds,,,,kln
Kolen,Kleene,sounds,,,,kln
Kolen,Kälin,sounds,,,,kln
Kolen,Kaelin,sounds,,,,kln
Kolen,Kalanj,sounds,,,,kln
Kolen,Kalain,sounds,,,,kln
Kolen,Kallayn,sounds,,,,kln
Koll,Kohl,curated,,,,kl
Koll,Kelley,sounds,,,,kl
Koll,Kelly,sounds,,,,kl
Koll,Kal,sounds,,,,kl
Koller,Kohler,curated,,,,klr
Koller,Köhler,curated,,,,klr
Koller,Kluger,sounds,,,,klr
Koller,Kliger,sounds,,,,klr
Kołodziej,Wagner,curated,,,,kldz
Kombol,,,HR,archive,Blažević,kmbl
Kondratovičs,Kandratovich,curated,,,,kndrtvcs
Kondratovych,Kandratovich,curated,,,,kndrtvc
Kondratovych,Kondratowicz,sounds,,,,kndrtvc
Kondratowicz,Kandratovich,curated,,,,kndrtvc
Kondratowicz,Kondratovych,sounds,,,,kndrtvc
Kong,Gong,curated,,,,kng
Kong,Khổng,curated,,,,kng
Kong,Jiang,curated,,,,kng
Kong,King,sounds,,,,kng
Kong,König,sounds,,,,kng
Kong,Kang,sounds,,,,kng
Kong,Koenig,sounds,,,,kng
Kong,Kiang,sounds,,,,kng
Kong,Keong,sounds,,,,kng
König,Rey,curated,,,,kng
König,King,curated,,,,kng
König,Koning,curated,,,,kng
König,Re,curated,,,,kng
König,Korol,curated,,,,kng
König,Kral,curated,,,,kng
König,Koenig,curated,,,,kng
König,Krol,curated,,,,kng
König,Rei,curated,,,,kng
König,Roi,curated,,,,kng
König,von König,curated,,,,kng
König,Königs,curated,,,,kng
König,Königbauer,curated,,,,kng
König,Königer,curated,,,,kng
König,Kang,sounds,,,,kng
König,Kong,sounds,,,,kng
König,Kiang,sounds,,,,kng
König,Keong,sounds,,,,kng
Königbauer,König,curated,,,,kngbr
Königer,König,curated,,,,knr
Königer,Kneuer,sounds,,,,knr
Königer,Knauer,sounds,,,,knr
Königer,Knaur,sounds,,,,knr
Königs,König,curated,,,,kngs
Koning,Rey,curated,,,,knng
Koning,King,curated,,,,knng
Koning,König,curated,,,,knng
Kōno,Gao,curated,,,,kn
Kōno,Kaan,sounds,,,,kn
Kōno,Kǎn,sounds,,,,kn
Kōno,Quan,sounds,,,,kn
Kōno,Kyeon,sounds,,,,kn
Kōno,Quinn,sounds,,,,kn
Kōno,Koen,sounds,,,,kn
Konõšev,Konyshev,curated,,,,knsv
Konov,Konow,curated,,,,knv
Konow,Konov,curated,,,,knv
Konrad,Cohen,curated,,,,knrd
Konyshaw,Konyshev,curated,,,,knshv
Konyshev,Konõšev,curated,,,,knshv
Konyshev,Konyshaw,curated,,,,knshv
Konyshev,Qondyshev,curated,,,,knshv
Koo,Gao,curated,,,,k
Koo,Kei,sounds,,,,k
Koo,Ko,sounds,,,,k
Koo,Kao,sounds,,,,k
Koo,Ke,sounds,,,,k
Koo,Koa,sounds,,,,k
Koo,Kua,sounds,,,,k
Koo,Kou,sounds,,,,k
Koo,Kiu,sounds,,,,k
Koo,Kai,sounds,,,,k
Koopman,Chapman,curated,,,,kpmn
Koopman,Koopmann,curated,,,,kpmn
Koopman,Kopmann,sounds,,,,kpmn
Koopmann,Koopman,curated,,,,kpmn
Koopmann,Kaufmann,curated,,,,kpmn
Koopmann,Merchant,curated,,,,kpmn
Koopmann,Coopman,curated,,,,kpmn
Koopmann,Kopmann,curated,,,,kpmn
Kopač,Kopacz,curated,,,,kpc
Kopač,Kopach,curated,,,,kpc
Kopač,Kopatsch,curated,,,,kpc
Kopach,Kopač,curated,,,,kpc
Kopach,Kopacz,sounds,,,,kpc
Kopacz,Kopač,curated,,,,kpc
Kopacz,Kopach,sounds,,,,kpc
Kopatsch,Kopač,curated,,,,kpts
Koplowitz,Kaplowitz,curated,,,,kplvtz
Kopmann,Koopmann,curated,,,,kpmn
Kopmann,Koopman,sounds,,,,kpmn
Koppel,Koeppel,curated,,,,kpl
Köppen,Koeppen,curated,,,,kpn
Korn,Kern,curated,,,,krn
Körner,Kern,curated,,,,krnr
Körner,Koerner,curated,,,,krnr
Körner,Kerner,curated,,,,krnr
Korol,König,curated,,,,krl
Korol,Karel,sounds,,,,krl
Korol,Karol,sounds,,,,krl
Korol,Karl,sounds,,,,krl
Korol,Karlo,sounds,,,,krl
Korol,Károly,sounds,,,,krl
Korol,Kral,sounds,,,,krl
Korol,Krol,sounds,,,,krl
Kort,Korte,curated,,,,krt
Korte,de Korte,curated,,,,krt
Korte,Kort,curated,,,,krt
Korte,Korten,curated,,,,krt
Korte,Curtius,curated,,,,krt
Korte,Kurtius,curated,,,,krt
Korte,Kurze,curated,,,,krt
Korten,Korte,curated,,,,krtn
Korver,Corver,curated,,,,krvr
Kosak,Kozak,curated,,,,ksk
Košelev,Koshelev,curated,,,,kslv
Koshelev,Košelev,curated,,,,kshlv
Kosina,Xin,sounds,HR,archive,Blažević,ksn
Kosina,Xián,sounds,HR,archive,Blažević,ksn
Kosina,Xuan,sounds,HR,archive,Blažević,ksn
Kosinski,Kozinsky,curated,,,,ksnsk
Kosinski,Kosinsky,curated,,,,ksnsk
Kosinski,Kozynskyi,curated,,,,ksnsk
Kosinski,Kosynskyi,curated,,,,ksnsk
Kosinsky,Kosinski,curated,,,,ksnsk
Kosinsky,Kosynskyi,sounds,,,,ksnsk
Kosman,Cossmann,curated,,,,ksmn
Kosman,Kossmann,sounds,,,,ksmn
Kossmann,Cossmann,curated,,,,ksmn
Kossmann,Kosman,sounds,,,,ksmn
Kostka,Kosztka,curated,,,,kstk
Kosynskyi,Kosinski,curated,,,,ksnsk
Kosynskyi,Kosinsky,sounds,,,,ksnsk
Kosztka,Kostka,curated,,,,kstk
Kot,Kott,curated,,,,kt
Kot,Kitta,sounds,,,,kt
Kotlyarov,Katlyarow,curated,,,,ktlrv
Kott,Kot,curated,,,,kt
Kott,Kitta,sounds,,,,kt
Kou,Xu,curated,,,,k
Kou,Kei,sounds,,,,k
Kou,Ko,sounds,,,,k
Kou,Koo,sounds,,,,k
Kou,Kao,sounds,,,,k
Kou,Ke,sounds,,,,k
Kou,Koa,sounds,,,,k
Kou,Kua,sounds,,,,k
Kou,Kiu,sounds,,,,k
Kou,Kai,sounds,,,,k
Koulibaly,Coulibaly,curated,,,,klbl
Koulibaly,Couloubaly,curated,,,,klbl
Kovačević,Kovalevich,curated,,,,kvsvc
Kovacic,,,,,,kvsc
Kovacs,,,,,,kvcs
Kovalevich,Kovačević,curated,,,,kvlvc
Kovalyonok,Kavalyonak,curated,,,,kvlnk
Kozák,Kosak,curated,,,,kzk
Kozakov,Kazakov,curated,,,,kzkv
Kozakov,Kazakow,sounds,,,,kzkv
Kozinsky,Kosinski,curated,,,,kznsk
Kozinsky,Kozynskyi,sounds,,,,kznsk
Kozlov,Kazlow,curated,,,,kzlv
Kozlov,Kozlovs,curated,,,,kzlv
Kozlovs,Kozlov,curated,,,,kzlvs
Kozynskyi,Kosinski,curated,,,,kznsk
Kozynskyi,Kozinsky,sounds,,,,kznsk
Krabbe,Crabbe,curated,,,,krb
Krabbe,Crabb,curated,,,,krb
Kraemer,Krämer,curated,,,,krmr
Kraemer,Kramer,curated,,,,krmr
Kraemer,Kremer,sounds,,,,krmr
Krafft,Kreft,curated,,,,krft
Krafft,Kraft,curated,,,,krft
Krafft,Craft,curated,,,,krft
Krafft,Kräft,curated,,,,krft
Kraft,Kreft,curated,,,,krft
Kraft,Krafft,curated,,,,krft
Kral,König,curated,,,,krl
Kral,Karel,sounds,,,,krl
Kral,Karol,sounds,,,,krl
Kral,Karl,sounds,,,,krl
Kral,Karlo,sounds,,,,krl
Kral,Károly,sounds,,,,krl
Kral,Korol,sounds,,,,krl
Kral,Krol,sounds,,,,krl
Kramer,Kremer,curated,,,,krmr
Kramer,Kraemer,curated,,,,krmr
Kramer,Kræmer,curated,,,,krmr
Kramer,Crämer,curated,,,,krmr
Kramer,Cramer,curated,,,,krmr
Kramer,Cramér,curated,,,,krmr
Kramer,Crémer,curated,,,,krmr
Kranjčević,,,HR,archive,Blažević,krnsvc
Kras,Kraus,curated,,,,krs
Kras,Kruse,sounds,,,,krs
Kras,Krause,sounds,,,,krs
Kras,Krausz,sounds,,,,krs
Kras,Krauß,sounds,,,,krs
Kras,Kiersch,sounds,,,,krs
Kras,Kirsch,sounds,,,,krs
Krasunić,Kršanić,sounds,HR,archive,Blažević,krsnc
Kraus,Kruse,curated,,,,krs
Kraus,Cruse,curated,,,,krs
Kraus,Krause,curated,,,,krs
Kraus,Kras,curated,,,,krs
Kraus,Krausz,curated,,,,krs
Kraus,Krauz,curated,,,,krs
Kraus,Krauß,curated,,,,krs
Kraus,Kiersch,sounds,,,,krs
Kraus,Kirsch,sounds,,,,krs
Krause,Kraus,curated,,,,krs
Krause,Kruse,sounds,,,,krs
Krause,Kras,sounds,,,,krs
Krause,Krausz,sounds,,,,krs
Krause,Krauß,sounds,,,,krs
Krause,Kiersch,sounds,,,,krs
Krause,Kirsch,sounds,,,,krs
Krauß,Kraus,curated,,,,krs
Krauß,Kruse,sounds,,,,krs
Krauß,Krause,sounds,,,,krs
Krauß,Kras,sounds,,,,krs
Krauß,Krausz,sounds,,,,krs
Krauß,Kiersch,sounds,,,,krs
Krauß,Kirsch,sounds,,,,krs
Krausz,Kraus,curated,,,,krs
Krausz,Kruse,sounds,,,,krs
Krausz,Krause,sounds,,,,krs
Krausz,Kras,sounds,,,,krs
Krausz,Krauß,sounds,,,,krs
Krausz,Kiersch,sounds,,,,krs
Krausz,Kirsch,sounds,,,,krs
Krauz,Kraus,curated,,,,krz
Krauz,Kurz,sounds,,,,krz
Krauz,Kurze,sounds,,,,krz
Krechmer,Kretschmer,curated,,,,krcmr
Kreft,Krafft,curated,,,,krft
Kreft,Kraft,curated,,,,krft
Kreft,Kräft,curated,,,,krft
Kremenić,,,HR,archive,Blažević,krmnc
Kremer,Krämer,curated,,,,krmr
Kremer,Kramer,curated,,,,krmr
Kremer,Kraemer,sounds,,,,krmr
Kretschmer,Krechmer,curated,,,,krtsmr
Krieger,Krüger,curated,,,,krr
Krieger,Kruger,sounds,,,,krr
Krieger,Krueger,sounds,,,,krr
Krieger,Kroeger,sounds,,,,krr
Krieger,Kröger,sounds,,,,krr
Krieger,Kryger,sounds,,,,krr
Kriškovich,,,HR,archive,Blažević,krskvc
Kristel,Christell,curated,,,,krstl
Kristensen,Christianson,curated,,,,krstnsn
Kristensen,Kristiansen,curated,,,,krstnsn
Kristensen,Christensen,curated,,,,krstnsn
Kristensen,Kristiansson,curated,,,,krstnsn
Kristensen,Christenson,curated,,,,krstnsn
Kristensen,Christiansen,curated,,,,krstnsn
Kristensen,Christensson,curated,,,,krstnsn
Kristensen,Kristenson,curated,,,,krstnsn
Kristensen,Kristianson,sounds,,,,krstnsn
Kristenson,Kristensen,curated,,,,krstnsn
Kristenson,Kristiansen,sounds,,,,krstnsn
Kristenson,Kristiansson,sounds,,,,krstnsn
Kristenson,Kristianson,sounds,,,,krstnsn
Kristiansen,Kristensen,curated,,,,krstnsn
Kristiansen,Christianson,curated,,,,krstnsn
Kristiansen,Kristiansson,sounds,,,,krstnsn
Kristiansen,Kristenson,sounds,,,,krstnsn
Kristiansen,Kristianson,sounds,,,,krstnsn
Kristianson,Christianson,curated,,,,krstnsn
Kristianson,Kristensen,sounds,,,,krstnsn
Kristianson,Kristiansen,sounds,,,,krstnsn
Kristianson,Kristiansson,sounds,,,,krstnsn
Kristianson,Kristenson,sounds,,,,krstnsn
Kristiansson,Kristensen,curated,,,,krstnsn
Kristiansson,Christianson,curated,,,,krstnsn
Kristiansson,Kristiansen,sounds,,,,krstnsn
Kristiansson,Kristenson,sounds,,,,krstnsn
Kristiansson,Kristianson,sounds,,,,krstnsn
Kristof,Christov,curated,,,,krstf
Kristof,Kryštof,curated,,,,krstf
Kristof,Christophe,curated,,,,krstf
Kristof,Christoph,curated,,,,krstf
Kristof,Kester,curated,,,,krstf
Kristof,Christoffer,curated,,,,krstf
Kristof,Christopher,curated,,,,krstf
Kristof,Cristobal,curated,,,,krstf
Kristof,Cristóbal,curated,,,,krstf
Kristofersen,Kristoffersen,curated,,,,krstfrsn
Kristofersen,Kristoffersson,sounds,,,,krstfrsn
Kristofersen,Kristofferson,sounds,,,,krstfrsn
Kristofersen,Kristofersson,sounds,,,,krstfrsn
Kristofersson,Kristoffersen,curated,,,,krstfrsn
Kristofersson,Kristoffersson,sounds,,,,krstfrsn
Kristofersson,Kristofferson,sounds,,,,krstfrsn
Kristofersson,Kristofersen,sounds,,,,krstfrsn
Kristoffersen,Christoffersen,curated,,,,krstfrsn
Kristoffersen,Kristoffersson,curated,,,,krstfrsn
Kristoffersen,Christophersen,curated,,,,krstfrsn
Kristoffersen,Christofferson,curated,,,,krstfrsn
Kristoffersen,Christopherson,curated,,,,krstfrsn
Kristoffersen,Kristofferson,curated,,,,krstfrsn
Kristoffersen,Kristofersen,curated,,,,krstfrsn
Kristoffersen,Christoffersson,curated,,,,krstfrsn
Kristoffersen,Kristofersson,curated,,,,krstfrsn
Kristoffersen,Christofersen,curated,,,,krstfrsn
Kristofferson,Kristoffersen,curated,,,,krstfrsn
Kristofferson,Kristoffersson,sounds,,,,krstfrsn
Kristofferson,Kristofersen,sounds,,,,krstfrsn
Kristofferson,Kristofersson,sounds,,,,krstfrsn
Kristoffersson,Kristoffersen,curated,,,,krstfrsn
Kristoffersson,Kristofferson,sounds,,,,krstfrsn
Kristoffersson,Kristofersen,sounds,,,,krstfrsn
Kristoffersson,Kristofersson,sounds,,,,krstfrsn
Kriuher,Krüger,curated,,,,krhr
Krivko,Krywko,curated,,,,krvk
Krivtsov,Kryvtsov,curated,,,,krvtsv
Krixich,,,HR,archive,Blažević,krksc
Kroeger,Krüger,curated,,,,krr
Kroeger,Kröger,curated,,,,krr
Kroeger,Kroger,curated,,,,krr
Kroeger,Kruger,sounds,,,,krr
Kroeger,Krueger,sounds,,,,krr
Kroeger,Krieger,sounds,,,,krr
Kroeger,Kryger,sounds,,,,krr
Krog,Krüger,curated,,,,krg
Krog,Krug,sounds,,,,krg
Kröger,Kroeger,curated,,,,krr
Kröger,Krüger,curated,,,,krr
Kröger,Kruger,sounds,,,,krr
Kröger,Krueger,sounds,,,,krr
Kröger,Krieger,sounds,,,,krr
Kröger,Kryger,sounds,,,,krr
Krol,König,curated,,,,krl
Krol,Karel,sounds,,,,krl
Krol,Karol,sounds,,,,krl
Krol,Karl,sounds,,,,krl
Krol,Karlo,sounds,,,,krl
Krol,Károly,sounds,,,,krl
Krol,Korol,sounds,,,,krl
Krol,Kral,sounds,,,,krl
Kršanić,Krasunić,sounds,HR,archive,Blažević,krsnc
Kruckenberg,Krukenberg,curated,,,,krknbrg
Krueger,Krüger,curated,,,,krr
Krueger,Kruger,sounds,,,,krr
Krueger,Kroeger,sounds,,,,krr
Krueger,Krieger,sounds,,,,krr
Krueger,Kröger,sounds,,,,krr
Krueger,Kryger,sounds,,,,krr
Krug,Krüger,curated,,,,krg
Krug,Krog,sounds,,,,krg
Kruger,Krueger,curated,,,,krr
Kruger,Kriuher,curated,,,,krr
Kruger,Kroeger,curated,,,,krr
Kruger,Krug,curated,,,,krr
Kruger,Krieger,curated,,,,krr
Kruger,Krog,curated,,,,krr
Kruger,Kröger,curated,,,,krr
Kruger,Kroger,curated,,,,krr
Kruger,Kryger,curated,,,,krr
Krukenberg,Kruckenberg,curated,,,,krknbrg
Kruse,Kraus,curated,,,,krs
Kruse,Krause,sounds,,,,krs
Kruse,Kras,sounds,,,,krs
Kruse,Krausz,sounds,,,,krs
Kruse,Krauß,sounds,,,,krs
Kruse,Kiersch,sounds,,,,krs
Kruse,Kirsch,sounds,,,,krs
Kryger,Krüger,curated,,,,krr
Kryger,Kruger,sounds,,,,krr
Kryger,Krueger,sounds,,,,krr
Kryger,Kroeger,sounds,,,,krr
Kryger,Krieger,sounds,,,,krr
Kryger,Kröger,sounds,,,,krr
Kryštof,Christov,curated,,,,krstf
Kryštof,Kristof,curated,,,,krstf
Kryvtsov,Krivtsov,curated,,,,krvtsv
Krywko,Krivko,curated,,,,krvk
Kua,Ke,curated,,,,k
Kua,Kei,sounds,,,,k
Kua,Ko,sounds,,,,k
Kua,Koo,sounds,,,,k
Kua,Kao,sounds,,,,k
Kua,Koa,sounds,,,,k
Kua,Kou,sounds,,,,k
Kua,Kiu,sounds,,,,k
Kua,Kai,sounds,,,,k
Kuchenbuch,Schmalbuch,curated,,,,ksnbc
Kuchta,Kukhta,curated,,,,kct
Kuehn,Kühn,curated,,,,khn
Kuehn,Kuhn,curated,,,,khn
Kuehn,Kahn,sounds,,,,khn
Kuehn,Kohn,sounds,,,,khn
Kuehn,Kohan,sounds,,,,khn
Kuehn,Kahan,sounds,,,,khn
Kuehn,Kühne,sounds,,,,khn
Kuhl,Kühle,curated,,,,khl
Kuhl,Kuhle,curated,,,,khl
Kuhl,Kahl,sounds,,,,khl
Kuhl,Kohl,sounds,,,,khl
Kühle,Kühl,curated,,,,khl
Kühle,Kahl,sounds,,,,khl
Kühle,Kuhl,sounds,,,,khl
Kühle,Kohl,sounds,,,,khl
Kühn,Kühne,curated,,,,khn
Kühn,Kuhne,curated,,,,khn
Kühn,Kuehn,curated,,,,khn
Kühn,Kahn,sounds,,,,khn
Kühn,Kohn,sounds,,,,khn
Kühn,Kohan,sounds,,,,khn
Kühn,Kahan,sounds,,,,khn
Kühne,Kühn,curated,,,,khn
Kühne,Kuhn,curated,,,,khn
Kühne,Kahn,sounds,,,,khn
Kühne,Kohn,sounds,,,,khn
Kühne,Kohan,sounds,,,,khn
Kühne,Kahan,sounds,,,,khn
Kühne,Kuehn,sounds,,,,khn
Kuhnen,,,,,,khnn
Kukhta,Kuchta,curated,,,,kht
Kuks,Cooke,curated,,,,kks
Kuks,Cook,curated,,,,kks
Kuks,Cookes,curated,,,,kks
Kukuljan,,,HR,archive,Blažević,kkln
Kulakov,Kulakow,curated,,,,klkv
Kulakow,Kulakov,curated,,,,klkv
Kulik,Kulyk,curated,,,,klk
Kulyk,Kulik,curated,,,,klk
Küntzel,Künzel,curated,,,,kntzl
Küntzel,Künzl,curated,,,,kntzl
Künzel,Küntzel,curated,,,,knzl
Künzel,Künzl,curated,,,,knzl
Künzl,Künzel,curated,,,,knzl
Künzl,Küntzel,curated,,,,knzl
Kuok,Guo,curated,,,,kk
Kuok,Kaak,sounds,,,,kk
Kuper,Cooper,curated,,,,kpr
Kuper,Kuyper,sounds,,,,kpr
Kupperman,Cooperman,curated,,,,kprmn
Kure,Wu,curated,,,,kr
Kure,Kerr,sounds,,,,kr
Kurtius,Korte,curated,,,,krts
Kurz,Klein,curated,,,,krz
Kurz,Krauz,sounds,,,,krz
Kurz,Kurze,sounds,,,,krz
Kurze,Korte,curated,,,,krz
Kurze,Kurz,sounds,,,,krz
Kurze,Krauz,sounds,,,,krz
Kusnezow,Kuznetsov,curated,,,,ksnzv
Kuyper,Cuypers,curated,,,,kpr
Kuyper,Kuper,sounds,,,,kpr
Kuypers,Cuypers,curated,,,,kprs
Kuznetsov,Kusnezow,curated,,,,kzntsv
Kuznetsov,Kuznietsov,curated,,,,kzntsv
Kuznetsov,Kuznyatsow,curated,,,,kzntsv
Kuznetsov,Cuznețov,curated,,,,kzntsv
Kuznietsov,Kuznetsov,curated,,,,kzntsv
Kuznietsov,Kuznyatsow,sounds,,,,kzntsv
Kuznyatsow,Kuznetsov,curated,,,,kzntsv
Kuznyatsow,Kuznietsov,sounds,,,,kzntsv
Kvas,Kvasov,curated,,,,kvs
Kvasov,Kvas,curated,,,,kvsv
Kwak,Guo,curated,,,,kvk
Kwak,Kwok,sounds,,,,kvk
Kwasny,,,,,,kvsn
Kwok,Guo,curated,,,,kvk
Kwok,Kwak,sounds,,,,kvk
Kybalchych,Kibalchich,curated,,,,kblcc
Kyeon,Zhen,curated,,,,kn
Kyeon,Kōno,sounds,,,,kn
Kyeon,Kaan,sounds,,,,kn
Kyeon,Kǎn,sounds,,,,kn
Kyeon,Quan,sounds,,,,kn
Kyeon,Quinn,sounds,,,,kn
Kyeon,Koen,sounds,,,,kn
Kyrychenko,Kirichenko,curated,,,,krsnk
Kyrychenko,Kirychenka,sounds,,,,krsnk
Kyrychok,Kirichek,curated,,,,krck
Kyrylenko,Kirilenko,curated,,,,krlnk
Lã,Lü,curated,,,,l
La Valle,,,AU,archive,Mazza,l vl
La Valle,,,IT,archive,Mazza,l vl
La Valle,,,US,archive,Mazza,l vl
Ladroneria,,,AU,archive,Mazza,ldrnr
Ladroneria,,,IT,archive,Mazza,ldrnr
Ladroneria,,,US,archive,Mazza,ldrnr
LAFREDA,LOFFREDA,sounds,IT,archive,Falco,lfrd
LAFREDA,LOFFREDO,sounds,IT,archive,Falco,lfrd
Lagno,Lahno,curated,,,,lgn
Lagno,Ligon,sounds,,,,lgn
Lagno,Lygon,sounds,,,,lgn
Lahmann,Lohmann,curated,,,,lhmn
Lahmann,Lehmann,sounds,,,,lhmn
Lahmann,Lehman,sounds,,,,lhmn
Lahno,Lagno,curated,,,,lhn
Lai,Li,curated,,,,l
Lain,Lane,curated,,,,ln
Laing,Lange,curated,,,,lng
Laing,Lang,curated,,,,lng
Laing,Long,sounds,,,,lng
Laing,Liong,sounds,,,,lng
Laing,Lung,sounds,,,,lng
Laing,Leng,sounds,,,,lng
Laing,Liang,sounds,,,,lng
Laing,Lương,sounds,,,,lng
Laing,LUONGO,sounds,,,,lng
Laing,Lungo,sounds,,,,lng
Lâm,Lamm,curated,,,,lm
Lâm,Lan,curated,,,,lm
Lambert,Lammert,curated,,,,lmbrt
Lambert,Lamberto,sounds,,,,lmbrt
Lamberto,Lammert,curated,,,,lmbrt
Lamberto,Lambert,sounds,,,,lmbrt
Lamm,Lâm,curated,,,,lm
Lammer,Lammert,curated,,,,lmr
Lammert,Lambert,curated,,,,lmrt
Lammert,Lampert,curated,,,,lmrt
Lammert,Lamberto,curated,,,,lmrt
Lammert,Lammer,curated,,,,lmrt
Lammert,Lemmert,curated,,,,lmrt
Lampert,Lammert,curated,,,,lmprt
LAMPICHIELLO,,,IT,archive,Falco,lmpsl
Lan,Lâm,curated,,,,ln
LANDATO,,,IT,archive,Falco,lndt
Landau,Landauer,curated,,,,lnd
Landau,Lund,sounds,,,,lnd
Landau,Linde,sounds,,,,lnd
Landau,Lynde,sounds,,,,lnd
Landau,Lind,sounds,,,,lnd
Landau,Lynd,sounds,,,,lnd
Landauer,Landau,curated,,,,lndr
Landauer,LANDRA,sounds,,,,lndr
LANDOLFI,LANDOLFO,sounds,IT,archive,Falco,lndlf
LANDOLFO,LANDOLFI,sounds,IT,archive,Falco,lndlf
LANDRA,Landauer,sounds,IT,archive,Falco,lndr
LANDRADO,,,IT,archive,Falco,lndrd
Lane,Leins,curated,,,,ln
Lane,Lein,curated,,,,ln
Lane,Lain,curated,,,,ln
Lang,Laing,curated,,,,lng
Lang,Long,curated,,,,lng
Lang,Liong,sounds,,,,lng
Lang,Lung,sounds,,,,lng
Lang,Leng,sounds,,,,lng
Lang,Liang,sounds,,,,lng
Lang,Lương,sounds,,,,lng
Lang,LUONGO,sounds,,,,lng
Lang,Lungo,sounds,,,,lng
Lange,Laing,curated,,,,ln
Langer,Langr,curated,,,,lnr
Langr,Langer,curated,,,,lngr
LANNI,,,IT,archive,Falco,ln
Lanzfami,,,AU,archive,Mazza,lnzfm
Lanzfami,,,IT,archive,Mazza,lnzfm
Lanzfami,,,US,archive,Mazza,lnzfm
LANZO,,,IT,archive,Falco,lnz
Lao,Liu,curated,,,,l
LAPENTA,LEPANTO,sounds,IT,archive,Falco,lpnt
LARENA,LERENA,sounds,AR,archive,Lerena,lrn
LARENA,LERENA,sounds,ES,archive,Lerena,lrn
LARENA,LERENA,sounds,UY,archive,Lerena,lrn
LARENA,LLERENA,sounds,AR,archive,Lerena,lrn
LARENA,LLERENA,sounds,ES,archive,Lerena,lrn
LARENA,LLERENA,sounds,UY,archive,Lerena,lrn
LARENA,LERINA,sounds,AR,archive,Lerena,lrn
LARENA,LERINA,sounds,ES,archive,Lerena,lrn
LARENA,LERINA,sounds,UY,archive,Lerena,lrn
LARENA,LORENA,sounds,AR,archive,Lerena,lrn
LARENA,LORENA,sounds,ES,archive,Lerena,lrn
LARENA,LORENA,sounds,UY,archive,Lerena,lrn
Larreategui,Reategui,curated,,,,lrtg
Larreategui,Reátegui,curated,,,,lrtg
Lars,Lorenz,curated,,,,lrs
Lars,Lawrence,curated,,,,lrs
Lasch,Lash,curated,,,,ls
Lasch,Louis,sounds,,,,ls
Lasch,Luis,sounds,,,,ls
Lasch,Lasse,sounds,,,,ls
Lasch,LUCIA,sounds,,,,ls
Lash,Lasch,curated,,,,lsh
Lasse,Lorenz,curated,,,,ls
Lasse,Lawrence,curated,,,,ls
Lasse,Louis,sounds,,,,ls
Lasse,Luis,sounds,,,,ls
Lasse,Lasch,sounds,,,,ls
Lasse,LUCIA,sounds,,,,ls
LATINO,,,IT,archive,Falco,ltn
LATORRE,Lauter,sounds,IT,archive,Falco,ltr
LATORRE,Luther,sounds,IT,archive,Falco,ltr
LATORRE,Luter,sounds,IT,archive,Falco,ltr
LATORRE,LETTIERI,sounds,IT,archive,Falco,ltr
LATORRE,LETTIERO,sounds,IT,archive,Falco,ltr
LATORRE,LITRO,sounds,IT,archive,Falco,ltr
Lau,Liu,curated,,,,l
LAUDANDO,,,IT,archive,Falco,ldnd
LAUDARDO,,,IT,archive,Falco,ldrd
LAUDATO,,,IT,archive,Falco,ldt
Lauenburg,,,AU,archive,D'Arcy,lnbrg
Lauenburg,,,GB,archive,D'Arcy,lnbrg
Lauenburg,,,IE,archive,D'Arcy,lnbrg
Lauer,Lauerer,curated,,,,lr
Lauer,Gerber,curated,,,,lr
Lauer,Laurer,curated,,,,lr
Lauer,Leroy,sounds,,,,lr
Lauer,LAURO,sounds,,,,lr
Lauer,LORIA,sounds,,,,lr
Lauerer,Laurer,curated,,,,lrr
Lauerer,Lauer,curated,,,,lrr
Lauerer,Lauermann,curated,,,,lrr
Lauerer,Lauerhaas,curated,,,,lrr
Lauerhaas,Lauerer,curated,,,,lrhs
Lauerhaas,Laurer,curated,,,,lrhs
Lauermann,Lauerer,curated,,,,lrmn
Lauermann,Laurer,curated,,,,lrmn
Laurance,Lorenz,curated,,,,lrns
Laurance,Lawrence,curated,,,,lrns
Laurance,Lorens,sounds,,,,lrns
Laurance,Laurens,sounds,,,,lrns
Laurens,Lawrence,curated,,,,lrns
Laurens,Lorens,sounds,,,,lrns
Laurens,Laurance,sounds,,,,lrns
Laurent,Lorenz,curated,,,,lrnt
Laurent,Lawrence,curated,,,,lrnt
Laurenz,Lorenz,curated,,,,lrnz
Laurenz,Lorenzo,sounds,,,,lrnz
Laurenz,Lorenze,sounds,,,,lrnz
Laurer,Lauerer,curated,,,,lrr
Laurer,Lauer,curated,,,,lrr
Laurer,Lauermann,curated,,,,lrr
Laurer,Lauerhaas,curated,,,,lrr
LAURO,Lauer,sounds,IT,archive,Falco,lr
LAURO,Leroy,sounds,IT,archive,Falco,lr
LAURO,LORIA,sounds,IT,archive,Falco,lr
Lauter,Lauterbach,curated,,,,ltr
Lauter,Luther,sounds,,,,ltr
Lauter,Luter,sounds,,,,ltr
Lauter,LATORRE,sounds,,,,ltr
Lauter,LETTIERI,sounds,,,,ltr
Lauter,LETTIERO,sounds,,,,ltr
Lauter,LITRO,sounds,,,,ltr
Lauterbach,Lauter,curated,,,,ltrbc
Lauterbach,Lutterbach,curated,,,,ltrbc
Lauvland,Løvland,curated,,,,lvlnd
LAVALLEJA,,,AR,archive,Lerena,lvl
LAVALLEJA,,,ES,archive,Lerena,lvl
LAVALLEJA,,,UY,archive,Lerena,lvl
LAVORA,,,IT,archive,Falco,lvr
LAVORATO,,,IT,archive,Falco,lvrt
Law,Luo,curated,,,,lv
Law,Əliyev,sounds,,,,lv
Law,Lew,sounds,,,,lv
Law,Leavy,sounds,,,,lv
Law,Levey,sounds,,,,lv
Law,Leavey,sounds,,,,lv
Law,Lőwy,sounds,,,,lv
Law,Lœwy,sounds,,,,lv
Law,Liow,sounds,,,,lv
Law,Lev,sounds,,,,lv
Law,Love,sounds,,,,lv
Lawrance,Lawrence,curated,,,,lvrns
Lawrence,Lorenz,curated,,,,lvrns
Lawrence,Laurance,curated,,,,lvrns
Lawrence,Laurens,curated,,,,lvrns
Lawrence,Lorenzo,curated,,,,lvrns
Lawrence,Laurent,curated,,,,lvrns
Lawrence,Lawrance,curated,,,,lvrns
Lawrence,Lars,curated,,,,lvrns
Lawrence,Lasse,curated,,,,lvrns
Lê,Li,curated,,,,l
Lê,Yue,curated,,,,l
Le Floch,Floc'h,curated,,,,l flc
Le Goff,Favre,curated,,,,l gf
LE MURA,,,IT,archive,Falco,l mr
LE ROSA,,,IT,archive,Falco,l rs
Le Roy,Roy,curated,,,,l r
LEAF,Lööf,sounds,IT,archive,Falco,lf
LEAF,Looff,sounds,IT,archive,Falco,lf
LEAF,LOFFA,sounds,IT,archive,Falco,lf
Leavey,Levey,curated,,,,lv
Leavey,Law,sounds,,,,lv
Leavey,Əliyev,sounds,,,,lv
Leavey,Lew,sounds,,,,lv
Leavey,Leavy,sounds,,,,lv
Leavey,Lőwy,sounds,,,,lv
Leavey,Lœwy,sounds,,,,lv
Leavey,Liow,sounds,,,,lv
Leavey,Lev,sounds,,,,lv
Leavey,Love,sounds,,,,lv
Leavy,Levey,curated,,,,lv
Leavy,Law,sounds,,,,lv
Leavy,Əliyev,sounds,,,,lv
Leavy,Lew,sounds,,,,lv
Leavy,Leavey,sounds,,,,lv
Leavy,Lőwy,sounds,,,,lv
Leavy,Lœwy,sounds,,,,lv
Leavy,Liow,sounds,,,,lv
Leavy,Lev,sounds,,,,lv
Leavy,Love,sounds,,,,lv
Lebeděv,Lebediew,curated,,,,lbdv
Lebeděv,Lebedzew,curated,,,,lbdv
Lebeděv,Lebediev,curated,,,,lbdv
Lebediev,Lebedev,curated,,,,lbdv
Lebediev,Lebeděv,sounds,,,,lbdv
Lebediev,Lebediew,sounds,,,,lbdv
Lebediew,Lebedev,curated,,,,lbdv
Lebediew,Lebeděv,sounds,,,,lbdv
Lebediew,Lebediev,sounds,,,,lbdv
Lebedzew,Lebedev,curated,,,,lbdzv
Lechenbauer,Lechner,curated,,,,lsnbr
Lechenbauer,Bauer,curated,,,,lsnbr
Lecher,Lechner,curated,,,,lsr
Lechner,Lehmann,curated,,,,lcnr
Lechner,Lehner,curated,,,,lcnr
Lechner,Lecher,curated,,,,lcnr
Lechner,Bachlechner,curated,,,,lcnr
Lechner,Lechenbauer,curated,,,,lcnr
Leclerc,Leclère,curated,,,,lclrc
Leclerc,Leclercq,curated,,,,lclrc
Leclercq,Leclerc,curated,,,,lclrcq
Leclère,Leclerc,curated,,,,lclr
Lecompte,Leconte,curated,,,,lcmpt
Lecompte,Lecomte,curated,,,,lcmpt
Lecomte,Leconte,curated,,,,lcmt
Lecomte,Lecompte,curated,,,,lcmt
Leconte,Lecomte,curated,,,,lcnt
Leconte,Lecompte,curated,,,,lcnt
Ledergerber,Gerber,curated,,,,ldrrbr
Ledoulx,Ledoux,curated,,,,ldlks
Ledoux,Ledoulx,curated,,,,ldks
Lee,Li,curated,,,,l
Lefebvre,Favre,curated,,,,lfbvr
Lefeuvre,Favre,curated,,,,lfvr
Lefeuvre,Lefèvre,sounds,,,,lfvr
Lefeuvre,Lefever,sounds,,,,lfvr
Lefever,Favre,curated,,,,lfvr
Lefever,Lefèvre,sounds,,,,lfvr
Lefever,Lefeuvre,sounds,,,,lfvr
Lefèvre,Favre,curated,,,,lfvr
Lefèvre,Lefever,sounds,,,,lfvr
Lefèvre,Lefeuvre,sounds,,,,lfvr
Leffler,Löffler,curated,,,,lflr
Leffler,Löfler,sounds,,,,lflr
LEGA,LEIGH,sounds,IT,archive,Falco,lg
LEGALE,,,IT,archive,Falco,lgl
Lehenbauer,Bauer,curated,,,,lhnbr
Lehenbauer,Huber,curated,,,,lhnbr
Lehman,Lehmann,curated,,,,lhmn
Lehman,Lahmann,sounds,,,,lhmn
Lehman,Lohmann,sounds,,,,lhmn
Lehmann,Lechner,curated,,,,lhmn
Lehmann,Lehman,curated,,,,lhmn
Lehmann,Lehner,curated,,,,lhmn
Lehmann,Löhmann,curated,,,,lhmn
Lehmann,Lahmann,sounds,,,,lhmn
Lehmann,Lohmann,sounds,,,,lhmn
Lehner,Lechner,curated,,,,lhnr
Lehner,Huber,curated,,,,lhnr
Lehner,Hofbauer,curated,,,,lhnr
Lehner,Lehmann,curated,,,,lhnr
Lei,Li,curated,,,,l
Lei,Loi,curated,,,,l
Lei,Louie,curated,,,,l
Lei,Lui,curated,,,,l
Lei,Louey,curated,,,,l
LEIGH,LEGA,sounds,AU,archive,D'Arcy,lg
LEIGH,LEGA,sounds,GB,archive,D'Arcy,lg
LEIGH,LEGA,sounds,IE,archive,D'Arcy,lg
Leih,Li,curated,,,,lh
Leih,Luh,sounds,,,,lh
Lein,Lane,curated,,,,ln
Leins,Lane,curated,,,,lns
Leins,Lynes,sounds,,,,lns
Lemmert,Lammert,curated,,,,lmrt
Lena,Lenke,curated,,,,ln
Lene,Lenke,curated,,,,ln
Leng,Long,curated,,,,lng
Leng,Laing,sounds,,,,lng
Leng,Lang,sounds,,,,lng
Leng,Liong,sounds,,,,lng
Leng,Lung,sounds,,,,lng
Leng,Liang,sounds,,,,lng
Leng,Lương,sounds,,,,lng
Leng,LUONGO,sounds,,,,lng
Leng,Lungo,sounds,,,,lng
LENGUAS,,,AR,archive,Lerena,lngs
LENGUAS,,,ES,archive,Lerena,lngs
LENGUAS,,,UY,archive,Lerena,lngs
Lenke,Ellen,curated,,,,lnk
Lenke,Elena,curated,,,,lnk
Lenke,Lena,curated,,,,lnk
Lenke,Hélène,curated,,,,lnk
Lenke,Helka,curated,,,,lnk
Lenke,Helena,curated,,,,lnk
Lenke,Helen,curated,,,,lnk
Lenke,Lene,curated,,,,lnk
Lenke,Olena,curated,,,,lnk
Lenke,Alena,curated,,,,lnk
Leo,Leon,curated,IT,archive,Falco,l
Leon,Leo,curated,,,,ln
Leon,Leone,curated,,,,ln
Leon,Lev,curated,,,,ln
Leonard,Leonardo,curated,,,,lnrd
Leonardo,Léonard,curated,IT,archive,Falco,lnrd
Leonardo,Leonard,sounds,IT,archive,Falco,lnrd
Leone,Leon,curated,,,,ln
Leonhardt,Linhart,curated,,,,lnhrdt
Léontieff,Leontyev,curated,,,,lntf
Leontyev,Léontieff,curated,,,,lntv
LEPANTO,LAPENTA,sounds,IT,archive,Falco,lpnt
LERENA,LLERENA,sounds,AR,archive,Lerena,lrn
LERENA,LLERENA,sounds,ES,archive,Lerena,lrn
LERENA,LLERENA,sounds,UY,archive,Lerena,lrn
LERENA,LARENA,sounds,AR,archive,Lerena,lrn
LERENA,LARENA,sounds,ES,archive,Lerena,lrn
LERENA,LARENA,sounds,UY,archive,Lerena,lrn
LERENA,LERINA,sounds,AR,archive,Lerena,lrn
LERENA,LERINA,sounds,ES,archive,Lerena,lrn
LERENA,LERINA,sounds,UY,archive,Lerena,lrn
LERENA,LORENA,sounds,AR,archive,Lerena,lrn
LERENA,LORENA,sounds,ES,archive,Lerena,lrn
LERENA,LORENA,sounds,UY,archive,Lerena,lrn
LERINA,LERENA,sounds,AR,archive,Lerena,lrn
LERINA,LERENA,sounds,ES,archive,Lerena,lrn
LERINA,LERENA,sounds,UY,archive,Lerena,lrn
LERINA,LLERENA,sounds,AR,archive,Lerena,lrn
LERINA,LLERENA,sounds,ES,archive,Lerena,lrn
LERINA,LLERENA,sounds,UY,archive,Lerena,lrn
LERINA,LARENA,sounds,AR,archive,Lerena,lrn
LERINA,LARENA,sounds,ES,archive,Lerena,lrn
LERINA,LARENA,sounds,UY,archive,Lerena,lrn
LERINA,LORENA,sounds,AR,archive,Lerena,lrn
LERINA,LORENA,sounds,ES,archive,Lerena,lrn
LERINA,LORENA,sounds,UY,archive,Lerena,lrn
Leroux,Russo,curated,,,,lrks
Leroy,Roy,curated,,,,lr
Leroy,Lauer,sounds,,,,lr
Leroy,LAURO,sounds,,,,lr
Leroy,LORIA,sounds,,,,lr
Lesto,LIST,sounds,AU,archive,Mazza,lst
Lesto,LIST,sounds,IT,archive,Mazza,lst
Lesto,LIST,sounds,US,archive,Mazza,lst
LETTIERI,Lauter,sounds,IT,archive,Falco,ltr
LETTIERI,Luther,sounds,IT,archive,Falco,ltr
LETTIERI,Luter,sounds,IT,archive,Falco,ltr
LETTIERI,LATORRE,sounds,IT,archive,Falco,ltr
LETTIERI,LETTIERO,sounds,IT,archive,Falco,ltr
LETTIERI,LITRO,sounds,IT,archive,Falco,ltr
LETTIERO,Lauter,sounds,IT,archive,Falco,ltr
LETTIERO,Luther,sounds,IT,archive,Falco,ltr
LETTIERO,Luter,sounds,IT,archive,Falco,ltr
LETTIERO,LATORRE,sounds,IT,archive,Falco,ltr
LETTIERO,LETTIERI,sounds,IT,archive,Falco,ltr
LETTIERO,LITRO,sounds,IT,archive,Falco,ltr
Leu,López,curated,,,,l
Lev,Leon,curated,,,,lv
Lev,Law,sounds,,,,lv
Lev,Əliyev,sounds,,,,lv
Lev,Lew,sounds,,,,lv
Lev,Leavy,sounds,,,,lv
Lev,Levey,sounds,,,,lv
Lev,Leavey,sounds,,,,lv
Lev,Lőwy,sounds,,,,lv
Lev,Lœwy,sounds,,,,lv
Lev,Liow,sounds,,,,lv
Lev,Love,sounds,,,,lv
Leveson,Leveson-Gower,curated,,,,lvsn
Leveson-Gower,Leveson,curated,,,,lvsngvr
Levey,Leavy,curated,,,,lv
Levey,Leavey,curated,,,,lv
Levey,Law,sounds,,,,lv
Levey,Əliyev,sounds,,,,lv
Levey,Lew,sounds,,,,lv
Levey,Lőwy,sounds,,,,lv
Levey,Lœwy,sounds,,,,lv
Levey,Liow,sounds,,,,lv
Levey,Lev,sounds,,,,lv
Levey,Love,sounds,,,,lv
Levinsohn,Levinson,curated,,,,lvnshn
Levinson,Levinsohn,curated,,,,lvnsn
Lew,Liu,curated,,,,lv
Lew,Law,sounds,,,,lv
Lew,Əliyev,sounds,,,,lv
Lew,Leavy,sounds,,,,lv
Lew,Levey,sounds,,,,lv
Lew,Leavey,sounds,,,,lv
Lew,Lőwy,sounds,,,,lv
Lew,Lœwy,sounds,,,,lv
Lew,Liow,sounds,,,,lv
Lew,Lev,sounds,,,,lv
Lew,Love,sounds,,,,lv
Lewis,Ludvik,curated,AU,archive,D'Arcy,lvs
Lewis,Ludvik,curated,GB,archive,D'Arcy,lvs
Lewis,Ludvik,curated,IE,archive,D'Arcy,lvs
Lewis,Louis,curated,AU,archive,D'Arcy,lvs
Lewis,Louis,curated,GB,archive,D'Arcy,lvs
Lewis,Louis,curated,IE,archive,D'Arcy,lvs
Lewis,Ludwig,curated,AU,archive,D'Arcy,lvs
Lewis,Ludwig,curated,GB,archive,D'Arcy,lvs
Lewis,Ludwig,curated,IE,archive,D'Arcy,lvs
Lewis,Loui,curated,AU,archive,D'Arcy,lvs
Lewis,Loui,curated,GB,archive,D'Arcy,lvs
Lewis,Loui,curated,IE,archive,D'Arcy,lvs
Lewis,Lewys,curated,AU,archive,D'Arcy,lvs
Lewis,Lewys,curated,GB,archive,D'Arcy,lvs
Lewis,Lewys,curated,IE,archive,D'Arcy,lvs
Lewis,Louie,curated,AU,archive,D'Arcy,lvs
Lewis,Louie,curated,GB,archive,D'Arcy,lvs
Lewis,Louie,curated,IE,archive,D'Arcy,lvs
Lewis,Clovis,curated,AU,archive,D'Arcy,lvs
Lewis,Clovis,curated,GB,archive,D'Arcy,lvs
Lewis,Clovis,curated,IE,archive,D'Arcy,lvs
Lewis,Luis,curated,AU,archive,D'Arcy,lvs
Lewis,Luis,curated,GB,archive,D'Arcy,lvs
Lewis,Luis,curated,IE,archive,D'Arcy,lvs
Lewis,Ludovico,curated,AU,archive,D'Arcy,lvs
Lewis,Ludovico,curated,GB,archive,D'Arcy,lvs
Lewis,Ludovico,curated,IE,archive,D'Arcy,lvs
Lewis,Ludvig,curated,AU,archive,D'Arcy,lvs
Lewis,Ludvig,curated,GB,archive,D'Arcy,lvs
Lewis,Ludvig,curated,IE,archive,D'Arcy,lvs
Lewys,Lewis,curated,,,,lvs
Ley,Li,curated,,,,l
Li,Lie,curated,,,,l
Li,Lee,curated,,,,l
Li,Lý,curated,,,,l
Li,I,curated,,,,l
Li,Lii,curated,,,,l
Li,Leih,curated,,,,l
Li,Ley,curated,,,,l
Li,Lei,curated,,,,l
Li,Lê,curated,,,,l
Li,Lai,curated,,,,l
Lia,,,AU,archive,Mazza,l
Lia,,,IT,archive,Mazza,l
Lia,,,US,archive,Mazza,l
Liang,Yang,curated,,,,lng
Liang,Lương,curated,,,,lng
Liang,Laing,sounds,,,,lng
Liang,Lang,sounds,,,,lng
Liang,Long,sounds,,,,lng
Liang,Liong,sounds,,,,lng
Liang,Lung,sounds,,,,lng
Liang,Leng,sounds,,,,lng
Liang,LUONGO,sounds,,,,lng
Liang,Lungo,sounds,,,,lng
Liao,Liu,curated,,,,l
Liao,Liow,curated,,,,l
LIBERA,LIBERIO,sounds,IT,archive,Falco,lbr
LIBERA,LUBRA,sounds,IT,archive,Falco,lbr
LIBERATO,Liebert,sounds,IT,archive,Falco,lbrt
LIBERATO,Lübbert,sounds,IT,archive,Falco,lbrt
LIBERATO,Lieberth,sounds,IT,archive,Falco,lbrt
LIBERIO,LIBERA,sounds,IT,archive,Falco,lbr
LIBERIO,LUBRA,sounds,IT,archive,Falco,lbr
Liccese,,,IT,archive,Falco,lcss
Lie,Li,curated,,,,l
Lieb,Liebl,curated,,,,lb
Lieb,Liebel,curated,,,,lb
Lieb,Liebe,sounds,,,,lb
Liebe,Liebel,curated,,,,lb
Liebe,Lieb,sounds,,,,lb
Liebel,Lippert,curated,,,,lbl
Liebel,Liebhard,curated,,,,lbl
Liebel,Liebhardt,curated,,,,lbl
Liebel,Liebhart,curated,,,,lbl
Liebel,Liebl,curated,,,,lbl
Liebel,Lippl,curated,,,,lbl
Liebel,Liebe,curated,,,,lbl
Liebel,Lieb,curated,,,,lbl
Liebel,Liebelt,curated,,,,lbl
Liebel,Lieble,curated,,,,lbl
Liebelt,Liebel,curated,,,,lblt
Lieberich,Liebreich,curated,,,,lbrc
Lieberich,Liebrich,sounds,,,,lbrc
Liebert,Lippert,curated,,,,lbrt
Liebert,Liebhard,curated,,,,lbrt
Liebert,Liebhart,curated,,,,lbrt
Liebert,Liebhardt,curated,,,,lbrt
Liebert,Liebl,curated,,,,lbrt
Liebert,Lübbert,sounds,,,,lbrt
Liebert,Lieberth,sounds,,,,lbrt
Liebert,LIBERATO,sounds,,,,lbrt
Lieberth,Liebhart,curated,,,,lbrt
Lieberth,Liebert,sounds,,,,lbrt
Lieberth,Lübbert,sounds,,,,lbrt
Lieberth,LIBERATO,sounds,,,,lbrt
Liebhard,Lippert,curated,,,,lbhrd
Liebhard,Liebel,curated,,,,lbhrd
Liebhard,Liebhardt,curated,,,,lbhrd
Liebhard,Liebhart,curated,,,,lbhrd
Liebhard,Liebert,curated,,,,lbhrd
Liebhardt,Lippert,curated,,,,lbhrdt
Liebhardt,Liebhard,curated,,,,lbhrdt
Liebhardt,Liebel,curated,,,,lbhrdt
Liebhardt,Liebhart,curated,,,,lbhrdt
Liebhardt,Liebert,curated,,,,lbhrdt
Liebhart,Lippert,curated,,,,lbhrt
Liebhart,Liebhard,curated,,,,lbhrt
Liebhart,Liebhardt,curated,,,,lbhrt
Liebhart,Liebel,curated,,,,lbhrt
Liebhart,Liebert,curated,,,,lbhrt
Liebhart,Lieberth,curated,,,,lbhrt
Liebing,Lippert,curated,,,,lbng
Liebing,Liebl,curated,,,,lbng
Liebl,Lippert,curated,,,,lbl
Liebl,Liebel,curated,,,,lbl
Liebl,Lippl,curated,,,,lbl
Liebl,Liebing,curated,,,,lbl
Liebl,Liebert,curated,,,,lbl
Liebl,Lieb,curated,,,,lbl
Liebl,Lieblein,curated,,,,lbl
Liebl,Lieble,curated,,,,lbl
Lieble,Liebl,curated,,,,lbl
Lieble,Liebel,curated,,,,lbl
Lieblein,Liebl,curated,,,,lbln
Liebreich,Liebrich,curated,,,,lbrc
Liebreich,Lieberich,curated,,,,lbrc
Liebreich,Liebricht,curated,,,,lbrc
Liebrich,Liebreich,curated,,,,lbrc
Liebrich,Lieberich,sounds,,,,lbrc
Liebricht,Liebreich,curated,,,,lbrct
Ligon,Lygon,curated,,,,lgn
Ligon,Lagno,sounds,,,,lgn
LIGORIO,Lugara,sounds,IT,archive,Falco,lgr
Lii,Li,curated,,,,l
Limards,,,AU,archive,Mazza,lmrds
Limards,,,IT,archive,Mazza,lmrds
Limards,,,US,archive,Mazza,lmrds
Lin,Hayashi,curated,,,,ln
Lind,Linde,curated,,,,lnd
Lind,Lund,sounds,,,,lnd
Lind,Lynde,sounds,,,,lnd
Lind,Lynd,sounds,,,,lnd
Lind,Landau,sounds,,,,lnd
Linde,Lindner,curated,,,,lnd
Linde,Lynde,curated,,,,lnd
Linde,Lind,curated,,,,lnd
Linde,Lynd,curated,,,,lnd
Linde,Lund,sounds,,,,lnd
Linde,Landau,sounds,,,,lnd
Lindeman,Lindemann,curated,,,,lndmn
Lindemann,Lindeman,curated,,,,lndmn
Lindén,Lynden,curated,,,,lndn
Lindén,Londin,sounds,,,,lndn
Lindén,London,sounds,,,,lndn
Lindkvist,Lindqvist,curated,,,,lndkvst
Lindkvist,Lindquist,curated,,,,lndkvst
Lindner,Linde,curated,,,,lndnr
Lindquist,Lindqvist,curated,,,,lndkst
Lindquist,Lindkvist,curated,,,,lndkst
Lindquist,Linquist,curated,,,,lndkst
Lindqvist,Lindquist,curated,,,,lndqvst
Lindqvist,Lindkvist,curated,,,,lndqvst
Lindqvist,Linquist,curated,,,,lndqvst
LINE,,,IT,archive,Falco,ln
Linert,Linhart,curated,,,,lnrt
Linert,Linnert,sounds,,,,lnrt
Linert,Linnerth,sounds,,,,lnrt
Linhard,Linhart,curated,,,,lnhrd
Linhart,Leonhardt,curated,,,,lnhrt
Linhart,Linnert,curated,,,,lnhrt
Linhart,Linert,curated,,,,lnhrt
Linhart,Linhard,curated,,,,lnhrt
Linhart,Linnerth,curated,,,,lnhrt
Linnert,Linhart,curated,,,,lnrt
Linnert,Linert,sounds,,,,lnrt
Linnert,Linnerth,sounds,,,,lnrt
Linnerth,Linhart,curated,,,,lnrt
Linnerth,Linnert,sounds,,,,lnrt
Linnerth,Linert,sounds,,,,lnrt
Linquist,Lindqvist,curated,,,,lnkst
Linquist,Lindquist,curated,,,,lnkst
Liong,Long,curated,,,,lng
Liong,Laing,sounds,,,,lng
Liong,Lang,sounds,,,,lng
Liong,Lung,sounds,,,,lng
Liong,Leng,sounds,,,,lng
Liong,Liang,sounds,,,,lng
Liong,Lương,sounds,,,,lng
Liong,LUONGO,sounds,,,,lng
Liong,Lungo,sounds,,,,lng
Liow,Liao,curated,,,,lv
Liow,Law,sounds,,,,lv
Liow,Əliyev,sounds,,,,lv
Liow,Lew,sounds,,,,lv
Liow,Leavy,sounds,,,,lv
Liow,Levey,sounds,,,,lv
Liow,Leavey,sounds,,,,lv
Liow,Lőwy,sounds,,,,lv
Liow,Lœwy,sounds,,,,lv
Liow,Lev,sounds,,,,lv
Liow,Love,sounds,,,,lv
LIPARULO,,,IT,archive,Falco,lprl
Lipataw,Lipatov,curated,,,,lptv
Lipatov,Lipataw,curated,,,,lptv
Lippe,Lippl,curated,,,,lp
Lippe,LOPA,sounds,,,,lp
Lippe,LUPO,sounds,,,,lp
Lippers,Lippert,curated,,,,lprs
Lippert,Liebel,curated,,,,lprt
Lippert,Liebhard,curated,,,,lprt
Lippert,Liebhardt,curated,,,,lprt
Lippert,Liebhart,curated,,,,lprt
Lippert,Liebl,curated,,,,lprt
Lippert,Liebing,curated,,,,lprt
Lippert,Liebert,curated,,,,lprt
Lippert,Lipphardt,curated,,,,lprt
Lippert,Lübbert,curated,,,,lprt
Lippert,Lippers,curated,,,,lprt
Lipphardt,Lippert,curated,,,,lpfrdt
Lippl,Liebel,curated,,,,lpl
Lippl,Liebl,curated,,,,lpl
Lippl,Filip,curated,,,,lpl
Lippl,Lippe,curated,,,,lpl
LIST,Lesto,sounds,IT,archive,Falco,lst
LISURDO,,,IT,archive,Falco,lsrd
Litel,Littel,curated,,,,ltl
Litel,Littell,sounds,,,,ltl
LITRO,Lauter,sounds,IT,archive,Falco,ltr
LITRO,Luther,sounds,IT,archive,Falco,ltr
LITRO,Luter,sounds,IT,archive,Falco,ltr
LITRO,LATORRE,sounds,IT,archive,Falco,ltr
LITRO,LETTIERI,sounds,IT,archive,Falco,ltr
LITRO,LETTIERO,sounds,IT,archive,Falco,ltr
Littel,Littell,curated,,,,ltl
Littel,Litel,curated,,,,ltl
Littell,Littel,curated,,,,ltl
Littell,Litel,sounds,,,,ltl
Litvin,Lytvyn,curated,,,,ltvn
Litvin,Lytwyn,sounds,,,,ltvn
Liu,Yoo,curated,,,,l
Liu,Lưu,curated,,,,l
Liu,Lau,curated,,,,l
Liu,Ryu,curated,,,,l
Liu,Lew,curated,,,,l
Liu,Lao,curated,,,,l
Liu,Liao,curated,,,,l
Liversegle,,,AU,archive,Mazza,lvrsgl
Liversegle,,,IT,archive,Mazza,lvrsgl
Liversegle,,,US,archive,Mazza,lvrsgl
LIVING,,,IT,archive,Falco,lvng
LLERENA,LERENA,sounds,AR,archive,Lerena,lrn
LLERENA,LERENA,sounds,ES,archive,Lerena,lrn
LLERENA,LERENA,sounds,UY,archive,Lerena,lrn
LLERENA,LARENA,sounds,AR,archive,Lerena,lrn
LLERENA,LARENA,sounds,ES,archive,Lerena,lrn
LLERENA,LARENA,sounds,UY,archive,Lerena,lrn
LLERENA,LERINA,sounds,AR,archive,Lerena,lrn
LLERENA,LERINA,sounds,ES,archive,Lerena,lrn
LLERENA,LERINA,sounds,UY,archive,Lerena,lrn
LLERENA,LORENA,sounds,AR,archive,Lerena,lrn
LLERENA,LORENA,sounds,ES,archive,Lerena,lrn
LLERENA,LORENA,sounds,UY,archive,Lerena,lrn
Llopis,López,curated,,,,lps
Llopis,Lopes,sounds,,,,lps
Lo,Lu,curated,,,,l
Lo,Luo,curated,,,,l
LO CASARO,,,IT,archive,Falco,l csr
LO CHIUCHIO,LO SOSSO,sounds,IT,archive,Falco,l ss
LO SAPORE,,,IT,archive,Falco,l spr
LO SOSSO,LO CHIUCHIO,sounds,IT,archive,Falco,l ss
Loboda,Łoboda,curated,,,,lbd
Lœwy,Löwy,curated,,,,lv
Lœwy,Law,sounds,,,,lv
Lœwy,Əliyev,sounds,,,,lv
Lœwy,Lew,sounds,,,,lv
Lœwy,Leavy,sounds,,,,lv
Lœwy,Levey,sounds,,,,lv
Lœwy,Leavey,sounds,,,,lv
Lœwy,Lőwy,sounds,,,,lv
Lœwy,Liow,sounds,,,,lv
Lœwy,Lev,sounds,,,,lv
Lœwy,Love,sounds,,,,lv
LOFFA,Lööf,sounds,IT,archive,Falco,lf
LOFFA,Looff,sounds,IT,archive,Falco,lf
LOFFA,LEAF,sounds,IT,archive,Falco,lf
Löffler,Leffler,curated,,,,lflr
Löffler,Löfler,curated,,,,lflr
LOFFREDA,LAFREDA,sounds,IT,archive,Falco,lfrd
LOFFREDA,LOFFREDO,sounds,IT,archive,Falco,lfrd
LOFFREDO,LAFREDA,sounds,IT,archive,Falco,lfrd
LOFFREDO,LOFFREDA,sounds,IT,archive,Falco,lfrd
Löfler,Löffler,curated,,,,lflr
Löfler,Leffler,sounds,,,,lflr
Lohmann,Lahmann,curated,,,,lhmn
Lohmann,Lohmeyer,curated,,,,lhmn
Lohmann,Loomann,curated,,,,lhmn
Lohmann,Lohmanns,curated,,,,lhmn
Lohmann,Lehmann,curated,,,,lhmn
Lohmann,Lehman,sounds,,,,lhmn
Lohmanns,Lohmann,curated,,,,lhmns
Lohmeyer,Meyer,curated,,,,lhmr
Lohmeyer,Lohmann,curated,,,,lhmr
Loi,Lei,curated,,,,l
Løke,Lööke,curated,,,,lk
Løke,Luke,sounds,,,,lk
Løke,Luka,sounds,,,,lk
Løke,Luuk,sounds,,,,lk
Løke,Luk,sounds,,,,lk
Løke,Lykke,sounds,,,,lk
Løke,Lücke,sounds,,,,lk
Løke,Lucky,sounds,,,,lk
Løke,Lück,sounds,,,,lk
LOMBARDI,LOMBARDO,sounds,IT,archive,Falco,lmbrd
LOMBARDO,LOMBARDI,sounds,IT,archive,Falco,lmbrd
Lončarić,,,HR,archive,Blažević,lncrc
Londin,London,curated,,,,lndn
Londin,Lindén,sounds,,,,lndn
Londin,Lynden,sounds,,,,lndn
London,Londin,curated,,,,lndn
London,Lindén,sounds,,,,lndn
London,Lynden,sounds,,,,lndn
Long,Yong,curated,,,,lng
Long,Liong,curated,,,,lng
Long,Lung,curated,,,,lng
Long,Leng,curated,,,,lng
Long,Lang,curated,,,,lng
Long,Laing,sounds,,,,lng
Long,Liang,sounds,,,,lng
Long,Lương,sounds,,,,lng
Long,LUONGO,sounds,,,,lng
Long,Lungo,sounds,,,,lng
LONGANO,,,IT,archive,Falco,lngn
LONGARINO,,,IT,archive,Falco,lngrn
Longhurst,,,AU,archive,Mazza,lngrst
Longhurst,,,IT,archive,Mazza,lngrst
Longhurst,,,US,archive,Mazza,lngrst
LONGINO,,,IT,archive,Falco,lnn
Lööf,Looff,curated,,,,lf
Lööf,LEAF,sounds,,,,lf
Lööf,LOFFA,sounds,,,,lf
Looff,Lööf,curated,,,,lf
Looff,Loof,curated,,,,lf
Looff,LEAF,sounds,,,,lf
Looff,LOFFA,sounds,,,,lf
Lööke,Løke,curated,,,,lk
Lööke,Luke,sounds,,,,lk
Lööke,Luka,sounds,,,,lk
Lööke,Luuk,sounds,,,,lk
Lööke,Luk,sounds,,,,lk
Lööke,Lykke,sounds,,,,lk
Lööke,Lücke,sounds,,,,lk
Lööke,Lucky,sounds,,,,lk
Lööke,Lück,sounds,,,,lk
Loomann,Lohmann,curated,,,,lmn
LOPA,Lippe,sounds,IT,archive,Falco,lp
LOPA,LUPO,sounds,IT,archive,Falco,lp
LOPARDO,LOPRIEDO,sounds,IT,archive,Falco,lprd
Lopes,López,curated,,,,lps
Lopes,Llopis,sounds,,,,lps
López,Lopes,curated,IT,archive,Falco,lpz
López,Llopis,curated,IT,archive,Falco,lpz
López,Leu,curated,IT,archive,Falco,lpz
LOPRIEDO,LOPARDO,sounds,IT,archive,Falco,lprd
Lorck,Lorichs,curated,,,,lrk
LORENA,LERENA,sounds,AR,archive,Lerena,lrn
LORENA,LERENA,sounds,ES,archive,Lerena,lrn
LORENA,LERENA,sounds,UY,archive,Lerena,lrn
LORENA,LLERENA,sounds,AR,archive,Lerena,lrn
LORENA,LLERENA,sounds,ES,archive,Lerena,lrn
LORENA,LLERENA,sounds,UY,archive,Lerena,lrn
LORENA,LARENA,sounds,AR,archive,Lerena,lrn
LORENA,LARENA,sounds,ES,archive,Lerena,lrn
LORENA,LARENA,sounds,UY,archive,Lerena,lrn
LORENA,LERINA,sounds,AR,archive,Lerena,lrn
LORENA,LERINA,sounds,ES,archive,Lerena,lrn
LORENA,LERINA,sounds,UY,archive,Lerena,lrn
Lorencz,Lorenz,curated,,,,lrnc
Lorens,Lorenz,curated,,,,lrns
Lorens,Laurance,sounds,,,,lrns
Lorens,Laurens,sounds,,,,lrns
Lorenz,Lawrence,curated,,,,lrnz
Lorenz,Laurent,curated,,,,lrnz
Lorenz,Lorenzo,curated,,,,lrnz
Lorenz,Laurenz,curated,,,,lrnz
Lorenz,Lorencz,curated,,,,lrnz
Lorenz,Lorenze,curated,,,,lrnz
Lorenz,Lars,curated,,,,lrnz
Lorenz,Lorens,curated,,,,lrnz
Lorenz,Lasse,curated,,,,lrnz
Lorenz,Laurance,curated,,,,lrnz
Lorenze,Lorenz,curated,,,,lrnz
Lorenze,Lorenzo,sounds,,,,lrnz
Lorenze,Laurenz,sounds,,,,lrnz
Lorenzo,Lorenz,curated,,,,lrnz
Lorenzo,Lawrence,curated,,,,lrnz
Lorenzo,Laurenz,sounds,,,,lrnz
Lorenzo,Lorenze,sounds,,,,lrnz
LORIA,Lauer,sounds,IT,archive,Falco,lr
LORIA,Leroy,sounds,IT,archive,Falco,lr
LORIA,LAURO,sounds,IT,archive,Falco,lr
Lorichs,Lorck,curated,,,,lrcs
Lou,Lu,curated,,,,l
Louey,Lei,curated,,,,l
Loui,Lewis,curated,,,,l
Louie,Lewis,curated,,,,l
Louie,Lei,curated,,,,l
Louis,Lewis,curated,,,,ls
Louis,Luis,sounds,,,,ls
Louis,Lasse,sounds,,,,ls
Louis,Lasch,sounds,,,,ls
Louis,LUCIA,sounds,,,,ls
Loukas,Lucas,curated,,,,lks
Loukas,Luc,curated,,,,lks
Loukas,Lukas,sounds,,,,lks
Loukas,Luukas,sounds,,,,lks
Love,Law,sounds,AU,archive,D'Arcy,lv
Love,Law,sounds,GB,archive,D'Arcy,lv
Love,Law,sounds,IE,archive,D'Arcy,lv
Love,Əliyev,sounds,AU,archive,D'Arcy,lv
Love,Əliyev,sounds,GB,archive,D'Arcy,lv
Love,Əliyev,sounds,IE,archive,D'Arcy,lv
Love,Lew,sounds,AU,archive,D'Arcy,lv
Love,Lew,sounds,GB,archive,D'Arcy,lv
Love,Lew,sounds,IE,archive,D'Arcy,lv
Love,Leavy,sounds,AU,archive,D'Arcy,lv
Love,Leavy,sounds,GB,archive,D'Arcy,lv
Love,Leavy,sounds,IE,archive,D'Arcy,lv
Love,Levey,sounds,AU,archive,D'Arcy,lv
Love,Levey,sounds,GB,archive,D'Arcy,lv
Love,Levey,sounds,IE,archive,D'Arcy,lv
Love,Leavey,sounds,AU,archive,D'Arcy,lv
Love,Leavey,sounds,GB,archive,D'Arcy,lv
Love,Leavey,sounds,IE,archive,D'Arcy,lv
Love,Lőwy,sounds,AU,archive,D'Arcy,lv
Love,Lőwy,sounds,GB,archive,D'Arcy,lv
Love,Lőwy,sounds,IE,archive,D'Arcy,lv
Love,Lœwy,sounds,AU,archive,D'Arcy,lv
Love,Lœwy,sounds,GB,archive,D'Arcy,lv
Love,Lœwy,sounds,IE,archive,D'Arcy,lv
Love,Liow,sounds,AU,archive,D'Arcy,lv
Love,Liow,sounds,GB,archive,D'Arcy,lv
Love,Liow,sounds,IE,archive,D'Arcy,lv
Love,Lev,sounds,AU,archive,D'Arcy,lv
Love,Lev,sounds,GB,archive,D'Arcy,lv
Love,Lev,sounds,IE,archive,D'Arcy,lv
Løvland,Lauvland,curated,,,,lvlnd
Lőwy,Lœwy,curated,,,,lv
Lőwy,Loewy,curated,,,,lv
Lőwy,Law,sounds,,,,lv
Lőwy,Əliyev,sounds,,,,lv
Lőwy,Lew,sounds,,,,lv
Lőwy,Leavy,sounds,,,,lv
Lőwy,Levey,sounds,,,,lv
Lőwy,Leavey,sounds,,,,lv
Lőwy,Liow,sounds,,,,lv
Lőwy,Lev,sounds,,,,lv
Lőwy,Love,sounds,,,,lv
Lu,Noh,curated,,,,l
Lu,Lo,curated,,,,l
Lu,Lou,curated,,,,l
Lu,Yeo,curated,,,,l
Lu,Yuk,curated,,,,l
Lu,Luh,curated,,,,l
Lu,Luk,curated,,,,l
Lu,Lục,curated,,,,l
Lu,Lui,curated,,,,l
Lu,Lã,curated,,,,l
Lübbert,Lippert,curated,,,,lbrt
Lübbert,Liebert,sounds,,,,lbrt
Lübbert,Lieberth,sounds,,,,lbrt
Lübbert,LIBERATO,sounds,,,,lbrt
LUBRA,LIBERA,sounds,IT,archive,Falco,lbr
LUBRA,LIBERIO,sounds,IT,archive,Falco,lbr
Luc,Lucas,curated,,,,lc
Luc,Lu,curated,,,,lc
Luc,Luka,curated,,,,lc
Luc,Lucky,curated,,,,lc
Luc,Loukas,curated,,,,lc
Luc,Luuk,curated,,,,lc
Luc,Luca,sounds,,,,lc
Luca,Lucas,curated,,,,lc
Luca,Luc,sounds,,,,lc
LUCARIELLO,,,IT,archive,Falco,lcrl
Lucas,Luc,curated,,,,lcs
Lucas,Luca,curated,,,,lcs
Lucas,Luke,curated,,,,lcs
Lucas,Lukas,curated,,,,lcs
Lucas,Lucius,curated,,,,lcs
Lucas,Luka,curated,,,,lcs
Lucas,Loukas,curated,,,,lcs
Lucas,Luuk,curated,,,,lcs
Lucas,Luukas,curated,,,,lcs
LUCIA,Louis,sounds,IT,archive,Falco,ls
LUCIA,Luis,sounds,IT,archive,Falco,ls
LUCIA,Lasse,sounds,IT,archive,Falco,ls
LUCIA,Lasch,sounds,IT,archive,Falco,ls
Lucius,Lucas,curated,,,,lss
Lück,Lücke,curated,,,,lk
Lück,Lööke,sounds,,,,lk
Lück,Løke,sounds,,,,lk
Lück,Luke,sounds,,,,lk
Lück,Luka,sounds,,,,lk
Lück,Luuk,sounds,,,,lk
Lück,Luk,sounds,,,,lk
Lück,Lykke,sounds,,,,lk
Lück,Lucky,sounds,,,,lk
Lücke,Lykke,curated,,,,lk
Lücke,Lück,curated,,,,lk
Lücke,Lücker,curated,,,,lk
Lücke,Lööke,sounds,,,,lk
Lücke,Løke,sounds,,,,lk
Lücke,Luke,sounds,,,,lk
Lücke,Luka,sounds,,,,lk
Lücke,Luuk,sounds,,,,lk
Lücke,Luk,sounds,,,,lk
Lücke,Lucky,sounds,,,,lk
Lücker,Lücke,curated,,,,lkr
Luckett,Luckette,curated,,,,lkt
Luckette,Luckett,curated,,,,lkt
Lücking,Lukin,curated,,,,lkng
Luckinić,,,HR,archive,Blažević,lknc
Lucky,Luc,curated,,,,lk
Lucky,Lööke,sounds,,,,lk
Lucky,Løke,sounds,,,,lk
Lucky,Luke,sounds,,,,lk
Lucky,Luka,sounds,,,,lk
Lucky,Luuk,sounds,,,,lk
Lucky,Luk,sounds,,,,lk
Lucky,Lykke,sounds,,,,lk
Lucky,Lücke,sounds,,,,lk
Lucky,Lück,sounds,,,,lk
Lüdecke,Luedecke,curated,,,,ldk
Ludovico,Lewis,curated,,,,ldvc
Ludvig,Lewis,curated,,,,ldvg
Ludvig,Ludwig,sounds,,,,ldvg
Ludvik,Lewis,curated,,,,ldvk
Ludwig,Lewis,curated,,,,ldvg
Ludwig,Ludvig,sounds,,,,ldvg
Luedecke,Lüdecke,curated,,,,ldk
Lugara,LIGORIO,sounds,AU,archive,Mazza,lgr
Lugara,LIGORIO,sounds,IT,archive,Mazza,lgr
Lugara,LIGORIO,sounds,US,archive,Mazza,lgr
Luh,Lu,curated,,,,lh
Luh,Leih,sounds,,,,lh
Lui,Lei,curated,,,,l
Lui,Lü,curated,,,,l
Luis,Lewis,curated,,,,ls
Luis,Louis,sounds,,,,ls
Luis,Lasse,sounds,,,,ls
Luis,Lasch,sounds,,,,ls
Luis,LUCIA,sounds,,,,ls
Luk,Lu,curated,,,,lk
Luk,Lööke,sounds,,,,lk
Luk,Løke,sounds,,,,lk
Luk,Luke,sounds,,,,lk
Luk,Luka,sounds,,,,lk
Luk,Luuk,sounds,,,,lk
Luk,Lykke,sounds,,,,lk
Luk,Lücke,sounds,,,,lk
Luk,Lucky,sounds,,,,lk
Luk,Lück,sounds,,,,lk
Luka,Lucas,curated,,,,lk
Luka,Luc,curated,,,,lk
Luka,Lööke,sounds,,,,lk
Luka,Løke,sounds,,,,lk
Luka,Luke,sounds,,,,lk
Luka,Luuk,sounds,,,,lk
Luka,Luk,sounds,,,,lk
Luka,Lykke,sounds,,,,lk
Luka,Lücke,sounds,,,,lk
Luka,Lucky,sounds,,,,lk
Luka,Lück,sounds,,,,lk
Lukas,Lucas,curated,,,,lks
Lukas,Loukas,sounds,,,,lks
Lukas,Luukas,sounds,,,,lks
Lukashevich,Łukaszewicz,curated,,,,lkshvc
Luke,Lucas,curated,,,,lk
Luke,Lööke,sounds,,,,lk
Luke,Løke,sounds,,,,lk
Luke,Luka,sounds,,,,lk
Luke,Luuk,sounds,,,,lk
Luke,Luk,sounds,,,,lk
Luke,Lykke,sounds,,,,lk
Luke,Lücke,sounds,,,,lk
Luke,Lucky,sounds,,,,lk
Luke,Lück,sounds,,,,lk
Lukin,Lücking,curated,,,,lkn
Lund,Lundh,curated,,,,lnd
Lund,Linde,sounds,,,,lnd
Lund,Lynde,sounds,,,,lnd
Lund,Lind,sounds,,,,lnd
Lund,Lynd,sounds,,,,lnd
Lund,Landau,sounds,,,,lnd
Lundh,Lund,curated,,,,lndh
Lung,Long,curated,,,,lng
Lung,Laing,sounds,,,,lng
Lung,Lang,sounds,,,,lng
Lung,Liong,sounds,,,,lng
Lung,Leng,sounds,,,,lng
Lung,Liang,sounds,,,,lng
Lung,Lương,sounds,,,,lng
Lung,LUONGO,sounds,,,,lng
Lung,Lungo,sounds,,,,lng
Lungo,Laing,sounds,AU,archive,Mazza,lng
Lungo,Laing,sounds,IT,archive,Mazza,lng
Lungo,Laing,sounds,US,archive,Mazza,lng
Lungo,Lang,sounds,AU,archive,Mazza,lng
Lungo,Lang,sounds,IT,archive,Mazza,lng
Lungo,Lang,sounds,US,archive,Mazza,lng
Lungo,Long,sounds,AU,archive,Mazza,lng
Lungo,Long,sounds,IT,archive,Mazza,lng
Lungo,Long,sounds,US,archive,Mazza,lng
Lungo,Liong,sounds,AU,archive,Mazza,lng
Lungo,Liong,sounds,IT,archive,Mazza,lng
Lungo,Liong,sounds,US,archive,Mazza,lng
Lungo,Lung,sounds,AU,archive,Mazza,lng
Lungo,Lung,sounds,IT,archive,Mazza,lng
Lungo,Lung,sounds,US,archive,Mazza,lng
Lungo,Leng,sounds,AU,archive,Mazza,lng
Lungo,Leng,sounds,IT,archive,Mazza,lng
Lungo,Leng,sounds,US,archive,Mazza,lng
Lungo,Liang,sounds,AU,archive,Mazza,lng
Lungo,Liang,sounds,IT,archive,Mazza,lng
Lungo,Liang,sounds,US,archive,Mazza,lng
Lungo,Lương,sounds,AU,archive,Mazza,lng
Lungo,Lương,sounds,IT,archive,Mazza,lng
Lungo,Lương,sounds,US,archive,Mazza,lng
Lungo,LUONGO,sounds,AU,archive,Mazza,lng
Lungo,LUONGO,sounds,IT,archive,Mazza,lng
Lungo,LUONGO,sounds,US,archive,Mazza,lng
Luo,Law,curated,,,,l
Luo,Na,curated,,,,l
Luo,Lo,curated,,,,l
Lương,Liáng,curated,,,,lng
Lương,Laing,sounds,,,,lng
Lương,Lang,sounds,,,,lng
Lương,Long,sounds,,,,lng
Lương,Liong,sounds,,,,lng
Lương,Lung,sounds,,,,lng
Lương,Leng,sounds,,,,lng
Lương,Liang,sounds,,,,lng
Lương,LUONGO,sounds,,,,lng
Lương,Lungo,sounds,,,,lng
LUONGO,Laing,sounds,IT,archive,Falco,lng
LUONGO,Lang,sounds,IT,archive,Falco,lng
LUONGO,Long,sounds,IT,archive,Falco,lng
LUONGO,Liong,sounds,IT,archive,Falco,lng
LUONGO,Lung,sounds,IT,archive,Falco,lng
LUONGO,Leng,sounds,IT,archive,Falco,lng
LUONGO,Liang,sounds,IT,archive,Falco,lng
LUONGO,Lương,sounds,IT,archive,Falco,lng
LUONGO,Lungo,sounds,IT,archive,Falco,lng
LUPO,Lippe,sounds,IT,archive,Falco,lp
LUPO,LOPA,sounds,IT,archive,Falco,lp
Luter,Luther,curated,,,,ltr
Luter,Lauter,sounds,,,,ltr
Luter,LATORRE,sounds,,,,ltr
Luter,LETTIERI,sounds,,,,ltr
Luter,LETTIERO,sounds,,,,ltr
Luter,LITRO,sounds,,,,ltr
Luther,Luter,curated,,,,ltr
Luther,Lauter,sounds,,,,ltr
Luther,LATORRE,sounds,,,,ltr
Luther,LETTIERI,sounds,,,,ltr
Luther,LETTIERO,sounds,,,,ltr
Luther,LITRO,sounds,,,,ltr
Lutterbach,Lauterbach,curated,,,,ltrbc
Lưu,Liu,curated,,,,l
Luuk,Lucas,curated,,,,lk
Luuk,Luc,curated,,,,lk
Luuk,Lööke,sounds,,,,lk
Luuk,Løke,sounds,,,,lk
Luuk,Luke,sounds,,,,lk
Luuk,Luka,sounds,,,,lk
Luuk,Luk,sounds,,,,lk
Luuk,Lykke,sounds,,,,lk
Luuk,Lücke,sounds,,,,lk
Luuk,Lucky,sounds,,,,lk
Luuk,Lück,sounds,,,,lk
Luukas,Lucas,curated,,,,lks
Luukas,Lukas,sounds,,,,lks
Luukas,Loukas,sounds,,,,lks
Lý,Li,curated,,,,l
Lygon,Ligon,curated,,,,lgn
Lygon,Lagno,sounds,,,,lgn
Lykke,Lücke,curated,,,,lk
Lykke,Lööke,sounds,,,,lk
Lykke,Løke,sounds,,,,lk
Lykke,Luke,sounds,,,,lk
Lykke,Luka,sounds,,,,lk
Lykke,Luuk,sounds,,,,lk
Lykke,Luk,sounds,,,,lk
Lykke,Lucky,sounds,,,,lk
Lykke,Lück,sounds,,,,lk
Lynd,Linde,curated,,,,lnd
Lynd,Lynde,curated,,,,lnd
Lynd,Lund,sounds,,,,lnd
Lynd,Lind,sounds,,,,lnd
Lynd,Landau,sounds,,,,lnd
Lynde,Linde,curated,,,,lnd
Lynde,Lynd,curated,,,,lnd
Lynde,Lund,sounds,,,,lnd
Lynde,Lind,sounds,,,,lnd
Lynde,Landau,sounds,,,,lnd
Lynden,Linden,curated,,,,lndn
Lynden,Londin,sounds,,,,lndn
Lynden,London,sounds,,,,lndn
Lynden,Lindén,sounds,,,,lndn
Lyne,Lynes,curated,,,,ln
Lynes,Lyne,curated,,,,lns
Lynes,Leins,sounds,,,,lns
Lyon,,,AU,archive,D'Arcy,ln
Lyon,,,GB,archive,D'Arcy,ln
Lyon,,,IE,archive,D'Arcy,ln
Lytvyn,Litvin,curated,,,,ltvn
Lytvyn,Lytwyn,curated,,,,ltvn
Lytvyn,Litvín,curated,,,,ltvn
Lytwyn,Lytvyn,curated,,,,ltvn
Lytwyn,Litvin,sounds,,,,ltvn
Mǎ,Beh,curated,IT,archive,Falco,m
Mǎ,Mae,sounds,IT,archive,Falco,m
Mǎ,Mei,sounds,IT,archive,Falco,m
Mǎ,Mui,sounds,IT,archive,Falco,m
Mǎ,Mo,sounds,IT,archive,Falco,m
Mǎ,Mao,sounds,IT,archive,Falco,m
Mǎ,Mou,sounds,IT,archive,Falco,m
Mǎ,Majó,sounds,IT,archive,Falco,m
Mǎ,Mai,sounds,IT,archive,Falco,m
Mǎ,May,sounds,IT,archive,Falco,m
Mǎ,Maj,sounds,IT,archive,Falco,m
Mǎ,MAYO,sounds,IT,archive,Falco,m
MA[GG]I[LL]O,MIGLIO,sounds,IT,archive,Falco,mgl
Mac Lochlainn,McLaughlin,curated,,,,mc lcln
Mac Mahon,McMahon,curated,,,,mc mhn
MacAll,McAll,curated,,,,mcl
MacAll,Macaulay,sounds,,,,mcl
MacAll,McAuley,sounds,,,,mcl
MacAll,McColl,sounds,,,,mcl
MacAll,MacColl,sounds,,,,mcl
MacAll,MacAuley,sounds,,,,mcl
MacAll,MacCauley,sounds,,,,mcl
MacAll,McCauley,sounds,,,,mcl
MacAll,MICCOLA,sounds,,,,mcl
MacAll,Micale,sounds,,,,mcl
MacAlpine,McAlpine,curated,,,,mclpn
MacAlpine,McAlpin,sounds,,,,mclpn
MACARIELLO,MACCARIELLO,sounds,IT,archive,Falco,mcrl
MacAtee,McAtee,curated,,,,mct
Macaulay,McAuley,curated,,,,mcl
Macaulay,McColl,sounds,,,,mcl
Macaulay,MacColl,sounds,,,,mcl
Macaulay,MacAuley,sounds,,,,mcl
Macaulay,MacCauley,sounds,,,,mcl
Macaulay,McCauley,sounds,,,,mcl
Macaulay,MacAll,sounds,,,,mcl
Macaulay,McAll,sounds,,,,mcl
Macaulay,MICCOLA,sounds,,,,mcl
Macaulay,Micale,sounds,,,,mcl
MacAuley,McAuley,curated,,,,mcl
MacAuley,Macaulay,sounds,,,,mcl
MacAuley,McColl,sounds,,,,mcl
MacAuley,MacColl,sounds,,,,mcl
MacAuley,MacCauley,sounds,,,,mcl
MacAuley,McCauley,sounds,,,,mcl
MacAuley,MacAll,sounds,,,,mcl
MacAuley,McAll,sounds,,,,mcl
MacAuley,MICCOLA,sounds,,,,mcl
MacAuley,Micale,sounds,,,,mcl
MacBrien,McBrien,curated,,,,mcbrn
MACCARIELLO,MACARIELLO,sounds,IT,archive,Falco,mcrl
MACCARONARO,,,IT,archive,Falco,mcrnr
MacCauley,McCauley,curated,,,,mcl
MacCauley,Macaulay,sounds,,,,mcl
MacCauley,McAuley,sounds,,,,mcl
MacCauley,McColl,sounds,,,,mcl
MacCauley,MacColl,sounds,,,,mcl
MacCauley,MacAuley,sounds,,,,mcl
MacCauley,MacAll,sounds,,,,mcl
MacCauley,McAll,sounds,,,,mcl
MacCauley,MICCOLA,sounds,,,,mcl
MacCauley,Micale,sounds,,,,mcl
MACCHEIA,MACCHIA,sounds,IT,archive,Falco,mcs
MACCHIA,MACCHEIA,sounds,IT,archive,Falco,mcs
MACCIARELLI,,,IT,archive,Falco,mcsrl
MacColl,McColl,curated,,,,mcl
MacColl,Macaulay,sounds,,,,mcl
MacColl,McAuley,sounds,,,,mcl
MacColl,MacAuley,sounds,,,,mcl
MacColl,MacCauley,sounds,,,,mcl
MacColl,McCauley,sounds,,,,mcl
MacColl,MacAll,sounds,,,,mcl
MacColl,McAll,sounds,,,,mcl
MacColl,MICCOLA,sounds,,,,mcl
MacColl,Micale,sounds,,,,mcl
MacCormick,McCormick,curated,,,,mcrmk
MacCrimmon,McCrimmon,curated,,,,mcrmn
MacCubbin,McCubbin,curated,,,,mcbn
MacCubbin,MacGibbon,sounds,,,,mcbn
MacCubbin,McGibbon,sounds,,,,mcbn
MacCue,McCue,curated,,,,mc
MacCue,McCay,sounds,,,,mc
MacCue,Mach,sounds,,,,mc
MacCue,Maco,sounds,,,,mc
MacCulloch,McCollough,curated,,,,mclc
MacCulloch,McCullagh,curated,,,,mclc
MacCulloch,McCulloch,sounds,,,,mclc
MacDermott,McDermott,curated,,,,mcdrmt
MacDiarmid,McDiarmid,curated,,,,mcdrmd
Macdonald,McDonald,curated,,,,mcdnld
Macdonald,Macdonell,curated,,,,mcdnld
Macdonald,McDonnell,curated,,,,mcdnld
Macdonald,MacDonnell,curated,,,,mcdnld
Macdonald,MacDonell,curated,,,,mcdnld
Macdonell,Macdonald,curated,,,,mcdnl
Macdonell,McDonnell,sounds,,,,mcdnl
Macdonell,MacDonnell,sounds,,,,mcdnl
MacDonnell,Macdonald,curated,,,,mcdnl
MacDonnell,Macdonell,sounds,,,,mcdnl
MacDonnell,McDonnell,sounds,,,,mcdnl
MacDougal,Macdowall,curated,,,,mcdgl
MacDougal,MacDougall,sounds,,,,mcdgl
MacDougal,McDougal,sounds,,,,mcdgl
MacDougal,McDougall,sounds,,,,mcdgl
MacDougall,McDougald,curated,,,,mcdgl
MacDougall,Macdowall,curated,,,,mcdgl
MacDougall,MacDougal,sounds,,,,mcdgl
MacDougall,McDougal,sounds,,,,mcdgl
MacDougall,McDougall,sounds,,,,mcdgl
Macdowall,MacDougall,curated,,,,mcdvl
Macdowall,McDougald,curated,,,,mcdvl
Macdowall,McDowall,curated,,,,mcdvl
Macdowall,MacDougal,curated,,,,mcdvl
Macdowall,McDougal,curated,,,,mcdvl
Macdowall,McDougall,curated,,,,mcdvl
MacEachen,McEachen,curated,,,,mssn
Macedonski,Makedonsky,curated,,,,msdnsk
Macek,Macko,curated,,,,msk
Macek,Masek,sounds,,,,msk
MacFarquhar,McFarquhar,curated,,,,mcfrkhr
MacGibbon,McGibbon,curated,,,,mcbn
MacGibbon,MacCubbin,sounds,,,,mcbn
MacGibbon,McCubbin,sounds,,,,mcbn
MacGowan,Magowan,curated,,,,mcgvn
MacGowan,McGowan,curated,,,,mcgvn
MacGowan,VeSota,curated,,,,mcgvn
Mach,Mai,curated,,,,mc
Mach,McCay,sounds,,,,mc
Mach,Maco,sounds,,,,mc
Mach,MacCue,sounds,,,,mc
Mach,McCue,sounds,,,,mc
MacInnes,McInnis,curated,,,,msns
MacInnes,McInnes,sounds,,,,msns
MacInnes,MacInnis,sounds,,,,msns
MacInnis,McInnis,curated,,,,msns
MacInnis,McInnes,sounds,,,,msns
MacInnis,MacInnes,sounds,,,,msns
MacIntire,McIntire,curated,,,,msntr
MacIntire,McIntyre,sounds,,,,msntr
Mack,Macko,curated,,,,mk
Mack,Mark,curated,,,,mk
Mack,MacKay,sounds,,,,mk
Mack,McKay,sounds,,,,mk
Mack,Mak,sounds,,,,mk
Mack,Macků,sounds,,,,mk
Mack,Maczkó,sounds,,,,mk
Mack,Macka,sounds,,,,mk
Macka,Macko,curated,,,,mk
Macka,MacKay,sounds,,,,mk
Macka,McKay,sounds,,,,mk
Macka,Mak,sounds,,,,mk
Macka,Mack,sounds,,,,mk
Macka,Macků,sounds,,,,mk
Macka,Maczkó,sounds,,,,mk
MacKay,McKay,curated,,,,mk
MacKay,Mak,sounds,,,,mk
MacKay,Mack,sounds,,,,mk
MacKay,Macko,sounds,,,,mk
MacKay,Macků,sounds,,,,mk
MacKay,Maczkó,sounds,,,,mk
MacKay,Macka,sounds,,,,mk
MacKendrick,McKendrick,curated,,,,mkndrk
MacKinlay,McKinlay,curated,,,,mknl
MacKinnon,McKinnon,curated,,,,mknn
Macklovitch,Makłowicz,curated,,,,mklvtc
Macko,Mack,curated,,,,mk
Macko,Macek,curated,,,,mk
Macko,Maco,curated,,,,mk
Macko,Macků,curated,,,,mk
Macko,Maczkó,curated,,,,mk
Macko,Mackovič,curated,,,,mk
Macko,Maczko,curated,,,,mk
Macko,Macka,curated,,,,mk
Macko,MacKay,sounds,,,,mk
Macko,McKay,sounds,,,,mk
Macko,Mak,sounds,,,,mk
Mackovič,Macko,curated,,,,mkvc
Mackovič,Mickiewicz,sounds,,,,mkvc
Macků,Macko,curated,,,,mk
Macků,MacKay,sounds,,,,mk
Macků,McKay,sounds,,,,mk
Macků,Mak,sounds,,,,mk
Macků,Mack,sounds,,,,mk
Macků,Maczkó,sounds,,,,mk
Macků,Macka,sounds,,,,mk
MacLaren,McLaren,curated,,,,mclrn
MacLaughlin,McLaughlin,curated,,,,mclgln
MacLellan,McLellan,curated,,,,mclln
MacLeod,MacLeòid,curated,,,,mcld
MacLeod,McLoud,sounds,,,,mcld
MacLeod,McLeod,sounds,,,,mcld
MacLeod,McCloud,sounds,,,,mcld
MacLeòid,McLoud,curated,,,,mcld
MacLeòid,McLeod,curated,,,,mcld
MacLeòid,MacLeod,curated,,,,mcld
MacLeòid,McCloud,curated,,,,mcld
MacMahon,McMahon,curated,,,,mcmhn
MacManus,McManus,curated,,,,mcmns
MacNeal,McNeal,curated,,,,mcnl
MacNicol,McNicol,curated,,,,mcncl
Maco,Macko,curated,,,,mc
Maco,McCay,sounds,,,,mc
Maco,Mach,sounds,,,,mc
Maco,MacCue,sounds,,,,mc
Maco,McCue,sounds,,,,mc
MacPhee,McPhee,curated,,,,mcf
MacPhee,McPhie,sounds,,,,mcf
MacPhee,MacPhie,sounds,,,,mcf
Macpherson,McPherson,curated,,,,mcfrsn
Macpherson,Fersen,curated,,,,mcfrsn
MacPhie,McPhie,curated,,,,mcf
MacPhie,McPhee,sounds,,,,mcf
MacPhie,MacPhee,sounds,,,,mcf
MacQuarrie,McQuarrie,curated,,,,mckr
MacShane,McShane,curated,,,,mcshn
MacSharry,McSharry,curated,,,,mcshr
MacTaggart,McTaggart,curated,,,,mctgrt
Mactavish,Thomson,curated,,,,mctvsh
Mactavish,Thompson,curated,,,,mctvsh
MacWhirter,McWherter,curated,,,,mcvhrtr
MacWhirter,McWhirter,sounds,,,,mcvhrtr
MacWilliams,McWilliams,curated,,,,mcvlms
Maczkó,Macko,curated,,,,mk
Maczkó,MacKay,sounds,,,,mk
Maczkó,McKay,sounds,,,,mk
Maczkó,Mak,sounds,,,,mk
Maczkó,Mack,sounds,,,,mk
Maczkó,Macků,sounds,,,,mk
Maczkó,Macka,sounds,,,,mk
MADERNA,,,IT,archive,Falco,mdrn
MADONNA,MEDINA,sounds,IT,archive,Falco,mdn
Mae,Mei,curated,,,,m
Mae,Mui,sounds,,,,m
Mae,Mo,sounds,,,,m
Mae,Mao,sounds,,,,m
Mae,Mou,sounds,,,,m
Mae,Majó,sounds,,,,m
Mae,Mai,sounds,,,,m
Mae,May,sounds,,,,m
Mae,Maj,sounds,,,,m
Mae,Mǎ,sounds,,,,m
Mae,MAYO,sounds,,,,m
Maeng,Meng,curated,,,,mng
Maerkel,Merkel,curated,,,,mrkl
Maerkel,Mark,curated,,,,mrkl
Maerkel,Markel,sounds,,,,mrkl
Maerkel,Merkl,sounds,,,,mrkl
Maerkel,Merckell,sounds,,,,mrkl
Maerkel,Merckel,sounds,,,,mrkl
MAESTRE,Mester,sounds,AR,archive,Lerena,mstr
MAESTRE,Mester,sounds,ES,archive,Lerena,mstr
MAESTRE,Mester,sounds,UY,archive,Lerena,mstr
MAESTRE,Meister,sounds,AR,archive,Lerena,mstr
MAESTRE,Meister,sounds,ES,archive,Lerena,mstr
MAESTRE,Meister,sounds,UY,archive,Lerena,mstr
MAESTRE,Meester,sounds,AR,archive,Lerena,mstr
MAESTRE,Meester,sounds,ES,archive,Lerena,mstr
MAESTRE,Meester,sounds,UY,archive,Lerena,mstr
MAESTRE,Maister,sounds,AR,archive,Lerena,mstr
MAESTRE,Maister,sounds,ES,archive,Lerena,mstr
MAESTRE,Maister,sounds,UY,archive,Lerena,mstr
MAGGESI,,,AR,archive,Lerena,mgs
MAGGESI,,,ES,archive,Lerena,mgs
MAGGESI,,,UY,archive,Lerena,mgs
MAGGIANO,MAGGINO,sounds,IT,archive,Falco,mgn
MAGGIANO,MAGGIONE,sounds,IT,archive,Falco,mgn
MAGGIANO,MAGNO,sounds,IT,archive,Falco,mgn
MAGGIANO,MAGONE,sounds,IT,archive,Falco,mgn
MAGGINO,MAGGIANO,sounds,IT,archive,Falco,mgn
MAGGINO,MAGGIONE,sounds,IT,archive,Falco,mgn
MAGGINO,MAGNO,sounds,IT,archive,Falco,mgn
MAGGINO,MAGONE,sounds,IT,archive,Falco,mgn
MAGGIO,,,IT,archive,Falco,mg
MAGGIONE,MAGGIANO,sounds,IT,archive,Falco,mgn
MAGGIONE,MAGGINO,sounds,IT,archive,Falco,mgn
MAGGIONE,MAGNO,sounds,IT,archive,Falco,mgn
MAGGIONE,MAGONE,sounds,IT,archive,Falco,mgn
MAGGIORE,,,IT,archive,Falco,mgr
MAGIARO,,,IT,archive,Falco,mr
MAGLIANO,MIGLINO,sounds,IT,archive,Falco,mgln
MAGNO,MAGGIANO,sounds,IT,archive,Falco,mgn
MAGNO,MAGGINO,sounds,IT,archive,Falco,mgn
MAGNO,MAGGIONE,sounds,IT,archive,Falco,mgn
MAGNO,MAGONE,sounds,IT,archive,Falco,mgn
Magnusdotter,Magnúsdóttir,curated,,,,mgnsdtr
Magnúsdóttir,Magnuson,curated,,,,mgnsdtr
Magnúsdóttir,Magnusdotter,curated,,,,mgnsdtr
Magnuson,Magnúsdóttir,curated,,,,mgnsn
MAGONE,MAGGIANO,sounds,IT,archive,Falco,mgn
MAGONE,MAGGINO,sounds,IT,archive,Falco,mgn
MAGONE,MAGGIONE,sounds,IT,archive,Falco,mgn
MAGONE,MAGNO,sounds,IT,archive,Falco,mgn
Magowan,MacGowan,curated,,,,mgvn
Mahmoodi,Mahmoudi,curated,,,,mhmd
Mahmoudi,Mahmoodi,curated,,,,mhmd
Mai,May,curated,,,,m
Mai,Mach,curated,,,,m
Mai,Mak,curated,,,,m
Mai,Beh,curated,,,,m
Mai,Mae,sounds,,,,m
Mai,Mei,sounds,,,,m
Mai,Mui,sounds,,,,m
Mai,Mo,sounds,,,,m
Mai,Mao,sounds,,,,m
Mai,Mou,sounds,,,,m
Mai,Majó,sounds,,,,m
Mai,Maj,sounds,,,,m
Mai,Mǎ,sounds,,,,m
Mai,MAYO,sounds,,,,m
Maier,Meyer,curated,,,,mr
Maier,Major,curated,,,,mr
Mainwaring,Mannering,curated,,,,mnvrng
Mainwaring,Manwaring,sounds,,,,mnvrng
Maione,Majone,curated,AU,archive,D'Arcy,mn
Maione,Majone,curated,GB,archive,D'Arcy,mn
Maione,Majone,curated,IE,archive,D'Arcy,mn
Maione,Majone,curated,IT,archive,Falco,mn
Maione,MAJONE,curated,AU,archive,D'Arcy,mn
Maione,MAJONE,curated,GB,archive,D'Arcy,mn
Maione,MAJONE,curated,IE,archive,D'Arcy,mn
Maione,MAJONE,curated,IT,archive,Falco,mn
Maione,Min,sounds,AU,archive,D'Arcy,mn
Maione,Min,sounds,GB,archive,D'Arcy,mn
Maione,Min,sounds,IE,archive,D'Arcy,mn
Maione,Min,sounds,IT,archive,Falco,mn
Maione,Muñoa,sounds,AU,archive,D'Arcy,mn
Maione,Muñoa,sounds,GB,archive,D'Arcy,mn
Maione,Muñoa,sounds,IE,archive,D'Arcy,mn
Maione,Muñoa,sounds,IT,archive,Falco,mn
Maione,Monje,sounds,AU,archive,D'Arcy,mn
Maione,Monje,sounds,GB,archive,D'Arcy,mn
Maione,Monje,sounds,IE,archive,D'Arcy,mn
Maione,Monje,sounds,IT,archive,Falco,mn
Maione,Moon,sounds,AU,archive,D'Arcy,mn
Maione,Moon,sounds,GB,archive,D'Arcy,mn
Maione,Moon,sounds,IE,archive,D'Arcy,mn
Maione,Moon,sounds,IT,archive,Falco,mn
Maione,Men,sounds,AU,archive,D'Arcy,mn
Maione,Men,sounds,GB,archive,D'Arcy,mn
Maione,Men,sounds,IE,archive,D'Arcy,mn
Maione,Men,sounds,IT,archive,Falco,mn
Maione,Mune,sounds,AU,archive,D'Arcy,mn
Maione,Mune,sounds,GB,archive,D'Arcy,mn
Maione,Mune,sounds,IE,archive,D'Arcy,mn
Maione,Mune,sounds,IT,archive,Falco,mn
Maione,MANNA,sounds,AU,archive,D'Arcy,mn
Maione,MANNA,sounds,GB,archive,D'Arcy,mn
Maione,MANNA,sounds,IE,archive,D'Arcy,mn
Maione,MANNA,sounds,IT,archive,Falco,mn
Maione,MANNO,sounds,AU,archive,D'Arcy,mn
Maione,MANNO,sounds,GB,archive,D'Arcy,mn
Maione,MANNO,sounds,IE,archive,D'Arcy,mn
Maione,MANNO,sounds,IT,archive,Falco,mn
Maione,Mayney,sounds,AU,archive,D'Arcy,mn
Maione,Mayney,sounds,GB,archive,D'Arcy,mn
Maione,Mayney,sounds,IE,archive,D'Arcy,mn
Maione,Mayney,sounds,IT,archive,Falco,mn
Maior,Meyer,curated,,,,mr
Maior,Major,curated,,,,mr
Maister,Meister,curated,,,,mstr
Maister,Mester,sounds,,,,mstr
Maister,Meester,sounds,,,,mstr
Maister,MAESTRE,sounds,,,,mstr
Maj,May,curated,,,,m
Maj,Mae,sounds,,,,m
Maj,Mei,sounds,,,,m
Maj,Mui,sounds,,,,m
Maj,Mo,sounds,,,,m
Maj,Mao,sounds,,,,m
Maj,Mou,sounds,,,,m
Maj,Majó,sounds,,,,m
Maj,Mai,sounds,,,,m
Maj,Mǎ,sounds,,,,m
Maj,MAYO,sounds,,,,m
MAJELLA,MELE,sounds,IT,archive,Falco,ml
MAJELLA,MIELE,sounds,IT,archive,Falco,ml
Majó,Major,curated,,,,m
Majó,Mae,sounds,,,,m
Majó,Mei,sounds,,,,m
Majó,Mui,sounds,,,,m
Majó,Mo,sounds,,,,m
Majó,Mao,sounds,,,,m
Majó,Mou,sounds,,,,m
Majó,Mai,sounds,,,,m
Majó,May,sounds,,,,m
Majó,Maj,sounds,,,,m
Majó,Mǎ,sounds,,,,m
Majó,MAYO,sounds,,,,m
Majone,Maione,curated,IT,archive,Falco,mn
Majone,MAIONE,curated,IT,archive,Falco,mn
Majone,Min,sounds,IT,archive,Falco,mn
Majone,Muñoa,sounds,IT,archive,Falco,mn
Majone,Monje,sounds,IT,archive,Falco,mn
Majone,Moon,sounds,IT,archive,Falco,mn
Majone,Men,sounds,IT,archive,Falco,mn
Majone,Mune,sounds,IT,archive,Falco,mn
Majone,MANNA,sounds,IT,archive,Falco,mn
Majone,MANNO,sounds,IT,archive,Falco,mn
Majone,Mayney,sounds,IT,archive,Falco,mn
Majoor,Major,curated,,,,mr
Major,Meyer,curated,,,,mr
Major,Maior,curated,,,,mr
Major,Mayer,curated,,,,mr
Major,Meier,curated,,,,mr
Major,Meyr,curated,,,,mr
Major,Mayr,curated,,,,mr
Major,Maier,curated,,,,mr
Major,Meyers,curated,,,,mr
Major,Majó,curated,,,,mr
Major,Majoor,curated,,,,mr
Mak,Mai,curated,,,,mk
Mak,MacKay,sounds,,,,mk
Mak,McKay,sounds,,,,mk
Mak,Mack,sounds,,,,mk
Mak,Macko,sounds,,,,mk
Mak,Macků,sounds,,,,mk
Mak,Maczkó,sounds,,,,mk
Mak,Macka,sounds,,,,mk
Makedonsky,Macedonski,curated,,,,mkdnsk
Makłowicz,Macklovitch,curated,,,,mklvc
Malâhin,Malykhin,curated,,,,mlhn
Maleev,Maleyev,curated,,,,mlv
Maleev,Malleyev,curated,,,,mlv
Maleev,Malyeyew,curated,,,,mlv
Maleev,Malieiev,curated,,,,mlv
Maleev,Maleiev,curated,,,,mlv
Maleiev,Maleev,curated,,,,mlv
Maleiev,Maleyev,sounds,,,,mlv
Maleiev,Malleyev,sounds,,,,mlv
Maleiev,Malyeyew,sounds,,,,mlv
Maleiev,Malieiev,sounds,,,,mlv
Malerba,,,AU,archive,Mazza,mlrb
Malerba,,,IT,archive,Mazza,mlrb
Malerba,,,US,archive,Mazza,mlrb
Maleyev,Maleev,curated,,,,mlv
Maleyev,Malleyev,sounds,,,,mlv
Maleyev,Malyeyew,sounds,,,,mlv
Maleyev,Malieiev,sounds,,,,mlv
Maleyev,Maleiev,sounds,,,,mlv
Malieiev,Maleev,curated,,,,mlv
Malieiev,Maleyev,sounds,,,,mlv
Malieiev,Malleyev,sounds,,,,mlv
Malieiev,Malyeyew,sounds,,,,mlv
Malieiev,Maleiev,sounds,,,,mlv
Malinarić,,,HR,archive,Blažević,mlnrc
Mallery,Mallory,curated,,,,mlr
Mallery,Miller,sounds,,,,mlr
Mallery,Möller,sounds,,,,mlr
Mallery,Müller,sounds,,,,mlr
Mallery,Mueller,sounds,,,,mlr
Mallery,Moeller,sounds,,,,mlr
Mallery,Miler,sounds,,,,mlr
Malleyev,Maleev,curated,,,,mlv
Malleyev,Maleyev,sounds,,,,mlv
Malleyev,Malyeyew,sounds,,,,mlv
Malleyev,Malieiev,sounds,,,,mlv
Malleyev,Maleiev,sounds,,,,mlv
Mallory,Mallery,curated,,,,mlr
Mallory,Miller,sounds,,,,mlr
Mallory,Möller,sounds,,,,mlr
Mallory,Müller,sounds,,,,mlr
Mallory,Mueller,sounds,,,,mlr
Mallory,Moeller,sounds,,,,mlr
Mallory,Miler,sounds,,,,mlr
Malmkvist,Malmquist,curated,,,,mlmkvst
Malmquist,Malmkvist,curated,,,,mlmkst
Malmstrøm,,,,,,mlmstrm
Malyeyew,Maleev,curated,,,,mlv
Malyeyew,Maleyev,sounds,,,,mlv
Malyeyew,Malleyev,sounds,,,,mlv
Malyeyew,Malieiev,sounds,,,,mlv
Malyeyew,Maleiev,sounds,,,,mlv
Malykhin,Malâhin,curated,,,,mlhn
Malyshko,Małyszko,curated,,,,mlshk
Małyszko,Malyshko,curated,,,,mlsk
Mamedov,Mammadov,curated,,,,mmdv
Mammadov,Mamedov,curated,,,,mmdv
Mamontiv,Mamontov,curated,,,,mmntv
Mamontov,Mamontiv,curated,,,,mmntv
MANARELLA,,,IT,archive,Falco,mnrl
MANCA,Mönch,sounds,IT,archive,Falco,mnc
MANCUSO,,,IT,archive,Falco,mncs
Mandić,,,HR,archive,Blažević,mndc
MANGIONE,Mannion,sounds,IT,archive,Falco,mnn
MANGIONE,Manion,sounds,IT,archive,Falco,mnn
MANGIONE,Mannin,sounds,IT,archive,Falco,mnn
MANGIONE,Mannino,sounds,IT,archive,Falco,mnn
Manion,Mannion,curated,,,,mnn
Manion,Mannin,sounds,,,,mnn
Manion,Mannino,sounds,,,,mnn
Manion,MANGIONE,sounds,,,,mnn
MANNA,Min,sounds,IT,archive,Falco,mn
MANNA,Muñoa,sounds,IT,archive,Falco,mn
MANNA,Monje,sounds,IT,archive,Falco,mn
MANNA,Moon,sounds,IT,archive,Falco,mn
MANNA,Men,sounds,IT,archive,Falco,mn
MANNA,Mune,sounds,IT,archive,Falco,mn
MANNA,Maione,sounds,IT,archive,Falco,mn
MANNA,Majone,sounds,IT,archive,Falco,mn
MANNA,MANNO,sounds,IT,archive,Falco,mn
MANNA,Mayney,sounds,IT,archive,Falco,mn
Mannering,Manwaring,curated,,,,mnrng
Mannering,Mainwaring,curated,,,,mnrng
MANNESE,,,IT,archive,Falco,mns
Mannin,Mannino,curated,,,,mnn
Mannin,Mannion,sounds,,,,mnn
Mannin,Manion,sounds,,,,mnn
Mannin,MANGIONE,sounds,,,,mnn
Manning,Mannion,curated,,,,mnng
Mannino,Mannin,curated,,,,mnn
Mannino,Mannion,sounds,,,,mnn
Mannino,Manion,sounds,,,,mnn
Mannino,MANGIONE,sounds,,,,mnn
Mannion,Manion,curated,,,,mnn
Mannion,Manning,curated,,,,mnn
Mannion,Mannin,sounds,,,,mnn
Mannion,Mannino,sounds,,,,mnn
Mannion,MANGIONE,sounds,,,,mnn
MANNO,Min,sounds,IT,archive,Falco,mn
MANNO,Muñoa,sounds,IT,archive,Falco,mn
MANNO,Monje,sounds,IT,archive,Falco,mn
MANNO,Moon,sounds,IT,archive,Falco,mn
MANNO,Men,sounds,IT,archive,Falco,mn
MANNO,Mune,sounds,IT,archive,Falco,mn
MANNO,Maione,sounds,IT,archive,Falco,mn
MANNO,Majone,sounds,IT,archive,Falco,mn
MANNO,MANNA,sounds,IT,archive,Falco,mn
MANNO,Mayney,sounds,IT,archive,Falco,mn
Månson,Monsen,curated,,,,mnsn
Månson,Monssen,sounds,,,,mnsn
Månson,Monsson,sounds,,,,mnsn
Manwaring,Mannering,curated,,,,mnvrng
Manwaring,Mainwaring,sounds,,,,mnvrng
MANZI,Munoz,sounds,IT,archive,Falco,mnz
Mao,Mo,curated,,,,m
Mao,Mou,curated,,,,m
Mao,Mae,sounds,,,,m
Mao,Mei,sounds,,,,m
Mao,Mui,sounds,,,,m
Mao,Majó,sounds,,,,m
Mao,Mai,sounds,,,,m
Mao,May,sounds,,,,m
Mao,Maj,sounds,,,,m
Mao,Mǎ,sounds,,,,m
Mao,MAYO,sounds,,,,m
Marc,Marek,curated,,,,mrc
Marc,Mark,curated,,,,mrc
Marc,Marco,sounds,,,,mrc
Marc,Marič,sounds,,,,mrc
Marc,March,sounds,,,,mrc
MARCARIELLO,,,IT,archive,Falco,mrcrl
March,Mark,curated,,,,mrc
March,Marc,sounds,,,,mrc
March,Marco,sounds,,,,mrc
March,Marič,sounds,,,,mrc
MARCHESE,,,IT,archive,Falco,mrss
MARCHETTI,,,IT,archive,Falco,mrst
Marco,Marek,curated,,,,mrc
Marco,Mark,curated,,,,mrc
Marco,Marc,sounds,,,,mrc
Marco,Marič,sounds,,,,mrc
Marco,March,sounds,,,,mrc
Marcos,Marek,curated,,,,mrcs
Marcos,Mark,curated,,,,mrcs
Marcos,Marcus,sounds,,,,mrcs
Marcos,Marics,sounds,,,,mrcs
Marcus,Marek,curated,,,,mrcs
Marcus,Mark,curated,,,,mrcs
Marcus,Markussen,curated,,,,mrcs
Marcus,Marcos,sounds,,,,mrcs
Marcus,Marics,sounds,,,,mrcs
Marcussen,Markussen,curated,,,,mrcsn
Marcussen,Marcusson,sounds,,,,mrcsn
Marcusson,Markussen,curated,,,,mrcsn
Marcusson,Marcussen,sounds,,,,mrcsn
Marek,Mark,curated,,,,mrk
Marek,Marc,curated,,,,mrk
Marek,Marko,curated,,,,mrk
Marek,Markus,curated,,,,mrk
Marek,Márk,curated,,,,mrk
Marek,Márkus,curated,,,,mrk
Marek,Marco,curated,,,,mrk
Marek,Marcus,curated,,,,mrk
Marek,Marcos,curated,,,,mrk
Marek,Markó,curated,,,,mrk
Marek,Merk,sounds,,,,mrk
Marek,Merck,sounds,,,,mrk
MARENNA,Marin,sounds,IT,archive,Falco,mrn
MARENNA,Marino,sounds,IT,archive,Falco,mrn
MARENNA,Maryann,sounds,IT,archive,Falco,mrn
MARENNA,Mariann,sounds,IT,archive,Falco,mrn
MARENNA,MARRINA,sounds,IT,archive,Falco,mrn
MARENNA,MARRONE,sounds,IT,archive,Falco,mrn
MARENNA,MERENNA,sounds,IT,archive,Falco,mrn
MARENNA,MORGINO,sounds,IT,archive,Falco,mrn
MARENNA,MORRONE,sounds,IT,archive,Falco,mrn
MARFÈ,Murphey,sounds,IT,archive,Falco,mrf
MARFÈ,Murphy,sounds,IT,archive,Falco,mrf
MARGITTO,MURATA,sounds,IT,archive,Falco,mrt
MARIA,,,AR,archive,Lerena,mr
MARIA,,,ES,archive,Lerena,mr
MARIA,,,UY,archive,Lerena,mr
Mariann,Maryann,curated,,,,mrn
Mariann,Marin,sounds,,,,mrn
Mariann,Marino,sounds,,,,mrn
Mariann,MARENNA,sounds,,,,mrn
Mariann,MARRINA,sounds,,,,mrn
Mariann,MARRONE,sounds,,,,mrn
Mariann,MERENNA,sounds,,,,mrn
Mariann,MORGINO,sounds,,,,mrn
Mariann,MORRONE,sounds,,,,mrn
MARIANTONIO,,,IT,archive,Falco,mrntn
Marič,Marics,curated,,,,mrc
Marič,Marc,sounds,,,,mrc
Marič,Marco,sounds,,,,mrc
Marič,March,sounds,,,,mrc
Marics,Marič,curated,,,,mrcs
Marics,Marcus,sounds,,,,mrcs
Marics,Marcos,sounds,,,,mrcs
Marin,Marino,curated,,,,mrn
Marin,Maryann,sounds,,,,mrn
Marin,Mariann,sounds,,,,mrn
Marin,MARENNA,sounds,,,,mrn
Marin,MARRINA,sounds,,,,mrn
Marin,MARRONE,sounds,,,,mrn
Marin,MERENNA,sounds,,,,mrn
Marin,MORGINO,sounds,,,,mrn
Marin,MORRONE,sounds,,,,mrn
Marinko,Marino,curated,,,,mrnk
Marino,Marin,curated,IT,archive,Falco,mrn
Marino,Marinko,curated,IT,archive,Falco,mrn
Marino,Marinus,curated,IT,archive,Falco,mrn
Marino,Maryann,sounds,IT,archive,Falco,mrn
Marino,Mariann,sounds,IT,archive,Falco,mrn
Marino,MARENNA,sounds,IT,archive,Falco,mrn
Marino,MARRINA,sounds,IT,archive,Falco,mrn
Marino,MARRONE,sounds,IT,archive,Falco,mrn
Marino,MERENNA,sounds,IT,archive,Falco,mrn
Marino,MORGINO,sounds,IT,archive,Falco,mrn
Marino,MORRONE,sounds,IT,archive,Falco,mrn
Marinus,Marino,curated,,,,mrns
Mark,Merkel,curated,,,,mrk
Mark,Marek,curated,,,,mrk
Mark,Merk,curated,,,,mrk
Mark,Mack,curated,,,,mrk
Mark,Marc,curated,,,,mrk
Mark,Marks,curated,,,,mrk
Mark,Marko,curated,,,,mrk
Mark,Markus,curated,,,,mrk
Mark,Márkus,curated,,,,mrk
Mark,Marco,curated,,,,mrk
Mark,March,curated,,,,mrk
Mark,Marcus,curated,,,,mrk
Mark,Merck,curated,,,,mrk
Mark,Marcos,curated,,,,mrk
Mark,Merkl,curated,,,,mrk
Mark,Merckel,curated,,,,mrk
Mark,Markó,curated,,,,mrk
Mark,Maerkel,curated,,,,mrk
Markel,Merkel,curated,,,,mrkl
Markel,Merkl,sounds,,,,mrkl
Markel,Merckell,sounds,,,,mrkl
Markel,Maerkel,sounds,,,,mrkl
Markel,Merckel,sounds,,,,mrkl
Marko,Marek,curated,,,,mrk
Marko,Mark,curated,,,,mrk
Marko,Merk,sounds,,,,mrk
Marko,Merck,sounds,,,,mrk
Markov,,,HR,archive,Blažević,mrkv
Marković,,,HR,archive,Blažević,mrkvc
Markovski,Markovsky,curated,,,,mrkvsk
Markovsky,Markovski,curated,,,,mrkvsk
Marks,Mark,curated,,,,mrks
Marks,Markus,sounds,,,,mrks
Markus,Marek,curated,,,,mrks
Markus,Markussen,curated,,,,mrks
Markus,Mark,curated,,,,mrks
Markus,Marks,sounds,,,,mrks
Markussen,Markus,curated,,,,mrksn
Markussen,Marcus,curated,,,,mrksn
Markussen,Marcussen,curated,,,,mrksn
Markussen,Marcusson,curated,,,,mrksn
Markussen,Markusson,curated,,,,mrksn
Markusson,Markussen,curated,,,,mrksn
MARLETTA,MARLOTTO,sounds,IT,archive,Falco,mrlt
MARLOTTO,MARLETTA,sounds,IT,archive,Falco,mrlt
Marmorato,,,AU,archive,Mazza,mrmrt
Marmorato,,,IT,archive,Mazza,mrmrt
Marmorato,,,US,archive,Mazza,mrmrt
MARRA,,,IT,archive,Falco,mr
MARRINA,Marin,sounds,IT,archive,Falco,mrn
MARRINA,Marino,sounds,IT,archive,Falco,mrn
MARRINA,Maryann,sounds,IT,archive,Falco,mrn
MARRINA,Mariann,sounds,IT,archive,Falco,mrn
MARRINA,MARENNA,sounds,IT,archive,Falco,mrn
MARRINA,MARRONE,sounds,IT,archive,Falco,mrn
MARRINA,MERENNA,sounds,IT,archive,Falco,mrn
MARRINA,MORGINO,sounds,IT,archive,Falco,mrn
MARRINA,MORRONE,sounds,IT,archive,Falco,mrn
MARRONE,Marin,sounds,IT,archive,Falco,mrn
MARRONE,Marino,sounds,IT,archive,Falco,mrn
MARRONE,Maryann,sounds,IT,archive,Falco,mrn
MARRONE,Mariann,sounds,IT,archive,Falco,mrn
MARRONE,MARENNA,sounds,IT,archive,Falco,mrn
MARRONE,MARRINA,sounds,IT,archive,Falco,mrn
MARRONE,MERENNA,sounds,IT,archive,Falco,mrn
MARRONE,MORGINO,sounds,IT,archive,Falco,mrn
MARRONE,MORRONE,sounds,IT,archive,Falco,mrn
Marschalck,Marschall,curated,,,,mrslk
Marschall,Marshall,curated,,,,mrsl
Marschall,Marschalck,curated,,,,mrsl
Marshall,Marschall,curated,,,,mrshl
Martenisi,Martins,sounds,IT,archive,Falco,mrtns
Martenisi,Mertins,sounds,IT,archive,Falco,mrtns
Martenisi,MARTINISI,sounds,IT,archive,Falco,mrtns
Mårtensen,Martienzen,curated,,,,mrtnsn
Mårtensen,Mortensen,curated,,,,mrtnsn
Mårtensen,Mårtensson,curated,,,,mrtnsn
Mårtensen,Martienssen,curated,,,,mrtnsn
Mårtensen,Martinsen,curated,,,,mrtnsn
Mårtensen,Martinsson,sounds,,,,mrtnsn
Mårtensen,Martinson,sounds,,,,mrtnsn
Mårtensen,Mårtenson,sounds,,,,mrtnsn
Mårtensen,Marthinsen,sounds,,,,mrtnsn
Mårtensen,Marthinsson,sounds,,,,mrtnsn
Mårtensen,Mortenson,sounds,,,,mrtnsn
Mårtensen,Mortensson,sounds,,,,mrtnsn
Mårtenson,Martienzen,curated,,,,mrtnsn
Mårtenson,Mortensen,curated,,,,mrtnsn
Mårtenson,Mårtensson,curated,,,,mrtnsn
Mårtenson,Martinsen,curated,,,,mrtnsn
Mårtenson,Martienssen,curated,,,,mrtnsn
Mårtenson,Martinsson,sounds,,,,mrtnsn
Mårtenson,Martinson,sounds,,,,mrtnsn
Mårtenson,Marthinsen,sounds,,,,mrtnsn
Mårtenson,Mårtensen,sounds,,,,mrtnsn
Mårtenson,Marthinsson,sounds,,,,mrtnsn
Mårtenson,Mortenson,sounds,,,,mrtnsn
Mårtenson,Mortensson,sounds,,,,mrtnsn
Mårtensson,Martienzen,curated,,,,mrtnsn
Mårtensson,Martienssen,curated,,,,mrtnsn
Mårtensson,Mortensen,curated,,,,mrtnsn
Mårtensson,Martinsen,curated,,,,mrtnsn
Mårtensson,Mårtenson,curated,,,,mrtnsn
Mårtensson,Marthinsen,curated,,,,mrtnsn
Mårtensson,Mårtensen,curated,,,,mrtnsn
Mårtensson,Marthinsson,curated,,,,mrtnsn
Mårtensson,Mortensson,curated,,,,mrtnsn
Mårtensson,Martinsson,sounds,,,,mrtnsn
Mårtensson,Martinson,sounds,,,,mrtnsn
Mårtensson,Mortenson,sounds,,,,mrtnsn
Marthinsen,Martienzen,curated,,,,mrtnsn
Marthinsen,Mortensen,curated,,,,mrtnsn
Marthinsen,Mårtensson,curated,,,,mrtnsn
Marthinsen,Martienssen,curated,,,,mrtnsn
Marthinsen,Martinsen,curated,,,,mrtnsn
Marthinsen,Martinsson,sounds,,,,mrtnsn
Marthinsen,Martinson,sounds,,,,mrtnsn
Marthinsen,Mårtenson,sounds,,,,mrtnsn
Marthinsen,Mårtensen,sounds,,,,mrtnsn
Marthinsen,Marthinsson,sounds,,,,mrtnsn
Marthinsen,Mortenson,sounds,,,,mrtnsn
Marthinsen,Mortensson,sounds,,,,mrtnsn
Marthinsson,Martienzen,curated,,,,mrtnsn
Marthinsson,Mortensen,curated,,,,mrtnsn
Marthinsson,Mårtensson,curated,,,,mrtnsn
Marthinsson,Martienssen,curated,,,,mrtnsn
Marthinsson,Martinsen,curated,,,,mrtnsn
Marthinsson,Martinsson,sounds,,,,mrtnsn
Marthinsson,Martinson,sounds,,,,mrtnsn
Marthinsson,Mårtenson,sounds,,,,mrtnsn
Marthinsson,Marthinsen,sounds,,,,mrtnsn
Marthinsson,Mårtensen,sounds,,,,mrtnsn
Marthinsson,Mortenson,sounds,,,,mrtnsn
Marthinsson,Mortensson,sounds,,,,mrtnsn
Martienssen,Martienzen,curated,,,,mrtnsn
Martienssen,Mortensen,curated,,,,mrtnsn
Martienssen,Mårtensson,curated,,,,mrtnsn
Martienssen,Martinsson,curated,,,,mrtnsn
Martienssen,Martinsen,curated,,,,mrtnsn
Martienssen,Martinson,curated,,,,mrtnsn
Martienssen,Mårtenson,curated,,,,mrtnsn
Martienssen,Marthinsen,curated,,,,mrtnsn
Martienssen,Mårtensen,curated,,,,mrtnsn
Martienssen,Marthinsson,curated,,,,mrtnsn
Martienssen,Mortensson,curated,,,,mrtnsn
Martienssen,Mortenson,sounds,,,,mrtnsn
Martienzen,Martinsson,curated,,,,mrtnzn
Martienzen,Mortensen,curated,,,,mrtnzn
Martienzen,Martienssen,curated,,,,mrtnzn
Martienzen,Mårtensson,curated,,,,mrtnzn
Martienzen,Martinsen,curated,,,,mrtnzn
Martienzen,Martinson,curated,,,,mrtnzn
Martienzen,Mårtenson,curated,,,,mrtnzn
Martienzen,Marthinsen,curated,,,,mrtnzn
Martienzen,Mårtensen,curated,,,,mrtnzn
Martienzen,Marthinsson,curated,,,,mrtnzn
Martienzen,Mortensson,curated,,,,mrtnzn
Martin,Martins,curated,,,,mrtn
Martin,Martone,sounds,,,,mrtn
Martin,MARTINI,sounds,,,,mrtn
Martinaz,MARTINEZ,sounds,HR,archive,Blažević,mrtnz
MARTINELLI,MARTINIELLO,sounds,IT,archive,Falco,mrtnl
MARTINEZ,Martinaz,sounds,AR,archive,Lerena,mrtnz
MARTINEZ,Martinaz,sounds,ES,archive,Lerena,mrtnz
MARTINEZ,Martinaz,sounds,UY,archive,Lerena,mrtnz
MARTINI,Martin,sounds,IT,archive,Falco,mrtn
MARTINI,Martone,sounds,IT,archive,Falco,mrtn
MARTINIELLO,MARTINELLI,sounds,IT,archive,Falco,mrtnl
MARTINISI,Martins,sounds,IT,archive,Falco,mrtns
MARTINISI,Mertins,sounds,IT,archive,Falco,mrtns
MARTINISI,Martenisi,sounds,IT,archive,Falco,mrtns
Martins,Martin,curated,,,,mrtns
Martins,Mertins,curated,,,,mrtns
Martins,Märtin,curated,,,,mrtns
Martins,Martenisi,sounds,,,,mrtns
Martins,MARTINISI,sounds,,,,mrtns
Martinsen,Martienzen,curated,,,,mrtnsn
Martinsen,Mortensen,curated,,,,mrtnsn
Martinsen,Mårtensson,curated,,,,mrtnsn
Martinsen,Martienssen,curated,,,,mrtnsn
Martinsen,Martinson,curated,,,,mrtnsn
Martinsen,Mårtenson,curated,,,,mrtnsn
Martinsen,Marthinsen,curated,,,,mrtnsn
Martinsen,Mårtensen,curated,,,,mrtnsn
Martinsen,Marthinsson,curated,,,,mrtnsn
Martinsen,Mortensson,curated,,,,mrtnsn
Martinsen,Martinsson,sounds,,,,mrtnsn
Martinsen,Mortenson,sounds,,,,mrtnsn
Martinson,Martienzen,curated,,,,mrtnsn
Martinson,Martinsson,curated,,,,mrtnsn
Martinson,Martienssen,curated,,,,mrtnsn
Martinson,Martinsen,curated,,,,mrtnsn
Martinson,Mortensen,sounds,,,,mrtnsn
Martinson,Mårtensson,sounds,,,,mrtnsn
Martinson,Mårtenson,sounds,,,,mrtnsn
Martinson,Marthinsen,sounds,,,,mrtnsn
Martinson,Mårtensen,sounds,,,,mrtnsn
Martinson,Marthinsson,sounds,,,,mrtnsn
Martinson,Mortenson,sounds,,,,mrtnsn
Martinson,Mortensson,sounds,,,,mrtnsn
Martinsson,Martienzen,curated,,,,mrtnsn
Martinsson,Martienssen,curated,,,,mrtnsn
Martinsson,Martinson,curated,,,,mrtnsn
Martinsson,Mortensen,sounds,,,,mrtnsn
Martinsson,Mårtensson,sounds,,,,mrtnsn
Martinsson,Martinsen,sounds,,,,mrtnsn
Martinsson,Mårtenson,sounds,,,,mrtnsn
Martinsson,Marthinsen,sounds,,,,mrtnsn
Martinsson,Mårtensen,sounds,,,,mrtnsn
Martinsson,Marthinsson,sounds,,,,mrtnsn
Martinsson,Mortenson,sounds,,,,mrtnsn
Martinsson,Mortensson,sounds,,,,mrtnsn
Martone,Martin,sounds,AU,archive,D'Arcy,mrtn
Martone,Martin,sounds,GB,archive,D'Arcy,mrtn
Martone,Martin,sounds,IE,archive,D'Arcy,mrtn
Martone,Martin,sounds,IT,archive,Falco,mrtn
Martone,MARTINI,sounds,AU,archive,D'Arcy,mrtn
Martone,MARTINI,sounds,GB,archive,D'Arcy,mrtn
Martone,MARTINI,sounds,IE,archive,D'Arcy,mrtn
Martone,MARTINI,sounds,IT,archive,Falco,mrtn
MARTORELLI,,,IT,archive,Falco,mrtrl
MARTUCCI,,,IT,archive,Falco,mrtcs
Martyniuk,Martynjuk,curated,,,,mrtnk
Martyniuk,Martynyuk,curated,,,,mrtnk
Martynjuk,Martyniuk,curated,,,,mrtnk
Martynjuk,Martynyuk,sounds,,,,mrtnk
Martynyuk,Martyniuk,curated,,,,mrtnk
Martynyuk,Martynjuk,sounds,,,,mrtnk
Maryann,Mariann,curated,,,,mrn
Maryann,Marin,sounds,,,,mrn
Maryann,Marino,sounds,,,,mrn
Maryann,MARENNA,sounds,,,,mrn
Maryann,MARRINA,sounds,,,,mrn
Maryann,MARRONE,sounds,,,,mrn
Maryann,MERENNA,sounds,,,,mrn
Maryann,MORGINO,sounds,,,,mrn
Maryann,MORRONE,sounds,,,,mrn
MARZANO,,,IT,archive,Falco,mrzn
MASCARIELLO,,,IT,archive,Falco,mscrl
Masek,Macek,sounds,,,,msk
MASI,Moussaoui,sounds,IT,archive,Falco,ms
MASTANDREA,,,IT,archive,Falco,mstndr
MASTELLA,,,IT,archive,Falco,mstl
Mathews,Matthews,curated,,,,mtvs
Mathewson,Matthison,curated,,,,mtvsn
Mathewson,Matthewson,curated,,,,mtvsn
Mathewson,Mattison,curated,,,,mtvsn
Mathiasen,Matthiesen,curated,,,,mtsn
Mathiasen,Mathisen,curated,,,,mtsn
Mathiasen,Mathiesen,curated,,,,mtsn
Mathiasen,Mathiassen,curated,,,,mtsn
Mathiasen,Matthiasen,curated,,,,mtsn
Mathiasen,Mathiason,curated,,,,mtsn
Mathiasen,Matthisen,curated,,,,mtsn
Mathiasen,Mathiasson,curated,,,,mtsn
Mathiason,Matthiesen,curated,,,,mtsn
Mathiason,Mathiasen,curated,,,,mtsn
Mathiassen,Matthiesen,curated,,,,mtsn
Mathiassen,Mathiasen,curated,,,,mtsn
Mathiasson,Matthiesen,curated,,,,mtsn
Mathiasson,Mathiasen,curated,,,,mtsn
Mathiesen,Matthison,curated,,,,mtsn
Mathiesen,Mathijsen,curated,,,,mtsn
Mathiesen,Matthiesen,curated,,,,mtsn
Mathiesen,Mathijssen,curated,,,,mtsn
Mathiesen,Mathiasen,curated,,,,mtsn
Mathijsen,Matthison,curated,,,,mtsn
Mathijsen,Matthiesen,curated,,,,mtsn
Mathijsen,Mathijssen,curated,,,,mtsn
Mathijsen,Mathisen,curated,,,,mtsn
Mathijsen,Mathiesen,curated,,,,mtsn
Mathijsen,Matthiasen,curated,,,,mtsn
Mathijsen,Matthisen,curated,,,,mtsn
Mathijssen,Matthison,curated,,,,mtsn
Mathijssen,Mathijsen,curated,,,,mtsn
Mathijssen,Matthiesen,curated,,,,mtsn
Mathijssen,Mathisen,curated,,,,mtsn
Mathijssen,Mathiesen,curated,,,,mtsn
Mathijssen,Matthiasen,curated,,,,mtsn
Mathijssen,Matthisen,curated,,,,mtsn
Mathisen,Matthison,curated,,,,mtsn
Mathisen,Mathijsen,curated,,,,mtsn
Mathisen,Matthiesen,curated,,,,mtsn
Mathisen,Mathijssen,curated,,,,mtsn
Mathisen,Mathiasen,curated,,,,mtsn
Matijević,,,HR,archive,Blažević,mtvc
Mato,Muta,sounds,,,,mt
Mato,MITTI,sounds,,,,mt
MATRINA,,,IT,archive,Falco,mtrn
Matson,Mattson,curated,AU,archive,D'Arcy,mtsn
Matson,Mattson,curated,GB,archive,D'Arcy,mtsn
Matson,Mattson,curated,IE,archive,D'Arcy,mtsn
Matson,Mattsson,curated,AU,archive,D'Arcy,mtsn
Matson,Mattsson,curated,GB,archive,D'Arcy,mtsn
Matson,Mattsson,curated,IE,archive,D'Arcy,mtsn
MATTARELLI,,,IT,archive,Falco,mtrl
Matteson,Matthison,curated,,,,mtsn
Matteson,Mattison,curated,,,,mtsn
Mattheson,Matthison,curated,,,,mtsn
Mattheson,Mattison,curated,,,,mtsn
Matthews,Mathews,curated,,,,mtvs
Matthewson,Mathewson,curated,,,,mtvsn
Matthiasen,Matthison,curated,,,,mtsn
Matthiasen,Mathijsen,curated,,,,mtsn
Matthiasen,Matthiesen,curated,,,,mtsn
Matthiasen,Mathijssen,curated,,,,mtsn
Matthiasen,Mathiasen,curated,,,,mtsn
Matthies,Matthiesen,curated,,,,mts
Matthiesen,Matthison,curated,,,,mtsn
Matthiesen,Mathijsen,curated,,,,mtsn
Matthiesen,Mathijssen,curated,,,,mtsn
Matthiesen,Mathiasen,curated,,,,mtsn
Matthiesen,Mathisen,curated,,,,mtsn
Matthiesen,Mathiassen,curated,,,,mtsn
Matthiesen,Mathiesen,curated,,,,mtsn
Matthiesen,Matthiasen,curated,,,,mtsn
Matthiesen,Matthies,curated,,,,mtsn
Matthiesen,Mathiason,curated,,,,mtsn
Matthiesen,Mathiasson,curated,,,,mtsn
Matthiesen,Matthisen,curated,,,,mtsn
Matthiesen,Matthießen,curated,,,,mtsn
Matthießen,Matthiesen,curated,,,,mtsn
Matthisen,Matthison,curated,,,,mtsn
Matthisen,Mathijsen,curated,,,,mtsn
Matthisen,Matthiesen,curated,,,,mtsn
Matthisen,Mathijssen,curated,,,,mtsn
Matthisen,Mathiasen,curated,,,,mtsn
Matthison,Mathijsen,curated,,,,mtsn
Matthison,Matthiesen,curated,,,,mtsn
Matthison,Mathijssen,curated,,,,mtsn
Matthison,Mattison,curated,,,,mtsn
Matthison,Matteson,curated,,,,mtsn
Matthison,Mathisen,curated,,,,mtsn
Matthison,Mathewson,curated,,,,mtsn
Matthison,Mathiesen,curated,,,,mtsn
Matthison,Mattheson,curated,,,,mtsn
Matthison,Matthisen,curated,,,,mtsn
Matthison,Matthiasen,curated,,,,mtsn
Mattison,Matthison,curated,,,,mtsn
Mattison,Matteson,curated,,,,mtsn
Mattison,Mathewson,curated,,,,mtsn
Mattison,Mattheson,curated,,,,mtsn
Mattson,Mattsson,curated,,,,mtsn
Mattson,Matson,curated,,,,mtsn
Mattsson,Mattson,curated,,,,mtsn
Mattsson,Matson,curated,,,,mtsn
Mäurer,,,,,,mrr
MAURIEL,Morgillo,sounds,IT,archive,Falco,mrl
MAURIEL,MAURIELLO,sounds,IT,archive,Falco,mrl
MAURIEL,MEROLA,sounds,IT,archive,Falco,mrl
MAURIELLO,Morgillo,sounds,IT,archive,Falco,mrl
MAURIELLO,MAURIEL,sounds,IT,archive,Falco,mrl
MAURIELLO,MEROLA,sounds,IT,archive,Falco,mrl
MAURIZIO,,,IT,archive,Falco,mrz
MAURO,,,IT,archive,Falco,mr
May,Mai,curated,,,,m
May,Maj,curated,,,,m
May,Mae,sounds,,,,m
May,Mei,sounds,,,,m
May,Mui,sounds,,,,m
May,Mo,sounds,,,,m
May,Mao,sounds,,,,m
May,Mou,sounds,,,,m
May,Majó,sounds,,,,m
May,Mǎ,sounds,,,,m
May,MAYO,sounds,,,,m
Mayer,Meyer,curated,,,,mr
Mayer,Major,curated,,,,mr
Mayney,Min,sounds,AU,archive,D'Arcy,mn
Mayney,Min,sounds,GB,archive,D'Arcy,mn
Mayney,Min,sounds,IE,archive,D'Arcy,mn
Mayney,Muñoa,sounds,AU,archive,D'Arcy,mn
Mayney,Muñoa,sounds,GB,archive,D'Arcy,mn
Mayney,Muñoa,sounds,IE,archive,D'Arcy,mn
Mayney,Monje,sounds,AU,archive,D'Arcy,mn
Mayney,Monje,sounds,GB,archive,D'Arcy,mn
Mayney,Monje,sounds,IE,archive,D'Arcy,mn
Mayney,Moon,sounds,AU,archive,D'Arcy,mn
Mayney,Moon,sounds,GB,archive,D'Arcy,mn
Mayney,Moon,sounds,IE,archive,D'Arcy,mn
Mayney,Men,sounds,AU,archive,D'Arcy,mn
Mayney,Men,sounds,GB,archive,D'Arcy,mn
Mayney,Men,sounds,IE,archive,D'Arcy,mn
Mayney,Mune,sounds,AU,archive,D'Arcy,mn
Mayney,Mune,sounds,GB,archive,D'Arcy,mn
Mayney,Mune,sounds,IE,archive,D'Arcy,mn
Mayney,Maione,sounds,AU,archive,D'Arcy,mn
Mayney,Maione,sounds,GB,archive,D'Arcy,mn
Mayney,Maione,sounds,IE,archive,D'Arcy,mn
Mayney,Majone,sounds,AU,archive,D'Arcy,mn
Mayney,Majone,sounds,GB,archive,D'Arcy,mn
Mayney,Majone,sounds,IE,archive,D'Arcy,mn
Mayney,MANNA,sounds,AU,archive,D'Arcy,mn
Mayney,MANNA,sounds,GB,archive,D'Arcy,mn
Mayney,MANNA,sounds,IE,archive,D'Arcy,mn
Mayney,MANNO,sounds,AU,archive,D'Arcy,mn
Mayney,MANNO,sounds,GB,archive,D'Arcy,mn
Mayney,MANNO,sounds,IE,archive,D'Arcy,mn
MAYO,Mae,sounds,IT,archive,Falco,m
MAYO,Mei,sounds,IT,archive,Falco,m
MAYO,Mui,sounds,IT,archive,Falco,m
MAYO,Mo,sounds,IT,archive,Falco,m
MAYO,Mao,sounds,IT,archive,Falco,m
MAYO,Mou,sounds,IT,archive,Falco,m
MAYO,Majó,sounds,IT,archive,Falco,m
MAYO,Mai,sounds,IT,archive,Falco,m
MAYO,May,sounds,IT,archive,Falco,m
MAYO,Maj,sounds,IT,archive,Falco,m
MAYO,Mǎ,sounds,IT,archive,Falco,m
Mayr,Meyer,curated,,,,mr
Mayr,Major,curated,,,,mr
Mazza,MAZZEO,sounds,AU,archive,Mazza,mz
Mazza,MAZZEO,sounds,IT,archive,Falco; Mazza,mz
Mazza,MAZZEO,sounds,US,archive,Mazza,mz
Mazza,Muzzi,sounds,AU,archive,Mazza,mz
Mazza,Muzzi,sounds,IT,archive,Falco; Mazza,mz
Mazza,Muzzi,sounds,US,archive,Mazza,mz
Mazzaro,Mezger,sounds,AU,archive,Mazza,mzr
Mazzaro,Mezger,sounds,IT,archive,Mazza,mzr
Mazzaro,Mezger,sounds,US,archive,Mazza,mzr
MAZZEO,Mazza,sounds,IT,archive,Falco,mz
MAZZEO,Muzzi,sounds,IT,archive,Falco,mz
Mazzitelli,,,AU,archive,Mazza,mztl
Mazzitelli,,,IT,archive,Mazza,mztl
Mazzitelli,,,US,archive,Mazza,mztl
MAZZONE,,,IT,archive,Falco,mzn
McAll,MacAll,curated,,,,mcl
McAll,Macaulay,sounds,,,,mcl
McAll,McAuley,sounds,,,,mcl
McAll,McColl,sounds,,,,mcl
McAll,MacColl,sounds,,,,mcl
McAll,MacAuley,sounds,,,,mcl
McAll,MacCauley,sounds,,,,mcl
McAll,McCauley,sounds,,,,mcl
McAll,MICCOLA,sounds,,,,mcl
McAll,Micale,sounds,,,,mcl
McAlpin,McAlpine,curated,,,,mclpn
McAlpin,MacAlpine,sounds,,,,mclpn
McAlpine,MacAlpine,curated,,,,mclpn
McAlpine,McAlpin,curated,,,,mclpn
McAtee,MacAtee,curated,,,,mct
McAuley,Macaulay,curated,,,,mcl
McAuley,MacAuley,curated,,,,mcl
McAuley,McCamley,curated,,,,mcl
McAuley,McColl,sounds,,,,mcl
McAuley,MacColl,sounds,,,,mcl
McAuley,MacCauley,sounds,,,,mcl
McAuley,McCauley,sounds,,,,mcl
McAuley,MacAll,sounds,,,,mcl
McAuley,McAll,sounds,,,,mcl
McAuley,MICCOLA,sounds,,,,mcl
McAuley,Micale,sounds,,,,mcl
McBrien,MacBrien,curated,,,,mcbrn
McCamley,McAuley,curated,,,,mcml
McCauley,MacCauley,curated,,,,mcl
McCauley,Macaulay,sounds,,,,mcl
McCauley,McAuley,sounds,,,,mcl
McCauley,McColl,sounds,,,,mcl
McCauley,MacColl,sounds,,,,mcl
McCauley,MacAuley,sounds,,,,mcl
McCauley,MacAll,sounds,,,,mcl
McCauley,McAll,sounds,,,,mcl
McCauley,MICCOLA,sounds,,,,mcl
McCauley,Micale,sounds,,,,mcl
McCay,McKay,curated,,,,mc
McCay,Mach,sounds,,,,mc
McCay,Maco,sounds,,,,mc
McCay,MacCue,sounds,,,,mc
McCay,McCue,sounds,,,,mc
McClement,McClements,curated,,,,mclmnt
McClements,McClement,curated,,,,mclmnts
McCloud,MacLeòid,curated,,,,mcld
McCloud,McLoud,sounds,,,,mcld
McCloud,McLeod,sounds,,,,mcld
McCloud,MacLeod,sounds,,,,mcld
McColl,MacColl,curated,,,,mcl
McColl,Macaulay,sounds,,,,mcl
McColl,McAuley,sounds,,,,mcl
McColl,MacAuley,sounds,,,,mcl
McColl,MacCauley,sounds,,,,mcl
McColl,McCauley,sounds,,,,mcl
McColl,MacAll,sounds,,,,mcl
McColl,McAll,sounds,,,,mcl
McColl,MICCOLA,sounds,,,,mcl
McColl,Micale,sounds,,,,mcl
McCollough,McCullagh,curated,,,,mclg
McCollough,McCullough,curated,,,,mclg
McCollough,McCulloch,curated,,,,mclg
McCollough,MacCulloch,curated,,,,mclg
McCormick,MacCormick,curated,,,,mcrmk
McCowan,McCown,curated,,,,mcvn
McCowan,McCowen,sounds,,,,mcvn
McCowen,McCown,curated,,,,mcvn
McCowen,McCowan,sounds,,,,mcvn
McCown,McKeown,curated,,,,mcvn
McCown,McCunn,curated,,,,mcvn
McCown,McGoun,curated,,,,mcvn
McCown,McCowen,curated,,,,mcvn
McCown,McCowan,curated,,,,mcvn
McCown,McGowan,curated,,,,mcvn
McCown,McKeon,curated,,,,mcvn
McCown,McCune,curated,,,,mcvn
McCrimmon,MacCrimmon,curated,,,,mcrmn
McCubbin,MacCubbin,curated,,,,mcbn
McCubbin,MacGibbon,sounds,,,,mcbn
McCubbin,McGibbon,sounds,,,,mcbn
McCue,MacCue,curated,,,,mc
McCue,McCay,sounds,,,,mc
McCue,Mach,sounds,,,,mc
McCue,Maco,sounds,,,,mc
McCullagh,McCollough,curated,,,,mclg
McCullagh,McCullough,curated,,,,mclg
McCullagh,McCulloch,curated,,,,mclg
McCullagh,MacCulloch,curated,,,,mclg
McCulloch,McCollough,curated,,,,mclc
McCulloch,McCullagh,curated,,,,mclc
McCulloch,MacCulloch,sounds,,,,mclc
McCullough,McCollough,curated,,,,mclg
McCullough,McCullagh,curated,,,,mclg
McCune,McCown,curated,,,,mcn
McCune,McCunn,sounds,,,,mcn
McCunn,McCown,curated,,,,mcn
McCunn,McCune,sounds,,,,mcn
McDermott,MacDermott,curated,,,,mcdrmt
McDiarmid,MacDiarmid,curated,,,,mcdrmd
McDonald,Macdonald,curated,,,,mcdnld
McDonnell,Macdonald,curated,,,,mcdnl
McDonnell,Macdonell,sounds,,,,mcdnl
McDonnell,MacDonnell,sounds,,,,mcdnl
McDougal,Macdowall,curated,,,,mcdgl
McDougal,MacDougall,sounds,,,,mcdgl
McDougal,MacDougal,sounds,,,,mcdgl
McDougal,McDougall,sounds,,,,mcdgl
McDougald,MacDougall,curated,,,,mcdgld
McDougald,Macdowall,curated,,,,mcdgld
McDougald,McDowall,curated,,,,mcdgld
McDougall,Macdowall,curated,,,,mcdgl
McDougall,MacDougall,sounds,,,,mcdgl
McDougall,MacDougal,sounds,,,,mcdgl
McDougall,McDougal,sounds,,,,mcdgl
McDowall,Macdowall,curated,,,,mcdvl
McDowall,McDougald,curated,,,,mcdvl
McEachen,MacEachen,curated,,,,mssn
McEnaney,McEneny,curated,,,,msnn
McEneny,McEnaney,curated,,,,msnn
McFarquhar,MacFarquhar,curated,,,,mcfrkhr
McGibbon,MacGibbon,curated,,,,mcbn
McGibbon,MacCubbin,sounds,,,,mcbn
McGibbon,McCubbin,sounds,,,,mcbn
McGinnis,McInnis,curated,,,,mcns
McGoun,McCown,curated,,,,mcgn
McGowan,MacGowan,curated,,,,mcgvn
McGowan,McCown,curated,,,,mcgvn
McInnes,McInnis,curated,,,,msns
McInnes,MacInnes,sounds,,,,msns
McInnes,MacInnis,sounds,,,,msns
McInnis,McInnes,curated,,,,msns
McInnis,McGinnis,curated,,,,msns
McInnis,McKinnies,curated,,,,msns
McInnis,MacInnes,curated,,,,msns
McInnis,MacInnis,curated,,,,msns
McIntire,McIntyre,curated,,,,msntr
McIntire,MacIntire,curated,,,,msntr
McIntyre,McIntire,curated,,,,msntr
McIntyre,MacIntire,sounds,,,,msntr
McKay,MacKay,curated,,,,mk
McKay,McCay,curated,,,,mk
McKay,Mackay,curated,,,,mk
McKay,Mak,sounds,,,,mk
McKay,Mack,sounds,,,,mk
McKay,Macko,sounds,,,,mk
McKay,Macků,sounds,,,,mk
McKay,Maczkó,sounds,,,,mk
McKay,Macka,sounds,,,,mk
McKendrick,MacKendrick,curated,,,,mkndrk
McKeon,McCown,curated,,,,mkn
McKeown,McCown,curated,,,,mkvn
McKinlay,MacKinlay,curated,,,,mknl
McKinnies,McInnis,curated,,,,mkns
McKinnon,Kinnon,curated,,,,mknn
McKinnon,MacKinnon,curated,,,,mknn
McLaren,MacLaren,curated,,,,mclrn
McLaughlin,Mac Lochlainn,curated,,,,mclgln
McLaughlin,MacLaughlin,curated,,,,mclgln
McLellan,MacLellan,curated,,,,mclln
McLeod,MacLeòid,curated,,,,mcld
McLeod,McLoud,sounds,,,,mcld
McLeod,MacLeod,sounds,,,,mcld
McLeod,McCloud,sounds,,,,mcld
McLoud,MacLeòid,curated,,,,mcld
McLoud,McLeod,sounds,,,,mcld
McLoud,MacLeod,sounds,,,,mcld
McLoud,McCloud,sounds,,,,mcld
McMahon,Mac Mahon,curated,,,,mcmhn
McMahon,MacMahon,curated,,,,mcmhn
McManus,MacManus,curated,,,,mcmns
McNeal,MacNeal,curated,,,,mcnl
McNicol,MacNicol,curated,,,,mcncl
McPhee,MacPhee,curated,,,,mcf
McPhee,McPhie,sounds,,,,mcf
McPhee,MacPhie,sounds,,,,mcf
McPherson,Macpherson,curated,,,,mcfrsn
McPhie,MacPhie,curated,,,,mcf
McPhie,McPhee,sounds,,,,mcf
McPhie,MacPhee,sounds,,,,mcf
McQuarrie,MacQuarrie,curated,,,,mckr
McShane,MacShane,curated,,,,mcshn
McSharry,MacSharry,curated,,,,mcshr
McTaggart,MacTaggart,curated,,,,mctgrt
McWherter,MacWhirter,curated,,,,mcvhrtr
McWherter,McWhirter,curated,,,,mcvhrtr
McWhirter,McWherter,curated,,,,mcvhrtr
McWhirter,MacWhirter,sounds,,,,mcvhrtr
McWilliams,MacWilliams,curated,,,,mcvlms
MEDI,,,IT,archive,Falco,md
MEDICO,,,IT,archive,Falco,mdc
MEDINA,MADONNA,sounds,IT,archive,Falco,mdn
Meester,Meister,curated,,,,mstr
Meester,Mester,sounds,,,,mstr
Meester,Maister,sounds,,,,mstr
Meester,MAESTRE,sounds,,,,mstr
Meesters,Meister,curated,,,,mstrs
Meesters,Mesters,sounds,,,,mstrs
Meesters,Meisters,sounds,,,,mstrs
Mei,Mae,curated,,,,m
Mei,Mui,curated,,,,m
Mei,Mo,sounds,,,,m
Mei,Mao,sounds,,,,m
Mei,Mou,sounds,,,,m
Mei,Majó,sounds,,,,m
Mei,Mai,sounds,,,,m
Mei,May,sounds,,,,m
Mei,Maj,sounds,,,,m
Mei,Mǎ,sounds,,,,m
Mei,MAYO,sounds,,,,m
Meier,Meyer,curated,,,,mr
Meier,Major,curated,,,,mr
Meiercord,Cord,curated,,,,mrcrd
Meiercord,Meyercord,sounds,,,,mrcrd
Meiers,Meyer,curated,,,,mrs
Meiers,Meyers,sounds,,,,mrs
Meiers,Morrice,sounds,,,,mrs
Meiers,Morris,sounds,,,,mrs
Meiers,Moris,sounds,,,,mrs
Meiers,Mooris,sounds,,,,mrs
Meißner,,,,,,msnr
Meister,Mester,curated,,,,mstr
Meister,Meester,curated,,,,mstr
Meister,Maister,curated,,,,mstr
Meister,Meesters,curated,,,,mstr
Meister,Mesters,curated,,,,mstr
Meister,Meisters,curated,,,,mstr
Meister,MAESTRE,sounds,,,,mstr
Meisters,Meister,curated,,,,mstrs
Meisters,Meesters,sounds,,,,mstrs
Meisters,Mesters,sounds,,,,mstrs
MELCHIORI,,,IT,archive,Falco,mlsr
MELE,MAJELLA,sounds,IT,archive,Falco,ml
MELE,MIELE,sounds,IT,archive,Falco,ml
MELILLO,,,IT,archive,Falco,mll
MELITTO,,,IT,archive,Falco,mlt
Melluso,,,AU,archive,Mazza,mls
Melluso,,,IT,archive,Falco; Mazza,mls
Melluso,,,US,archive,Mazza,mls
Meļņičenko,Melnychenko,curated,,,,mlnsnk
Meļņičenko,Melnichenko,sounds,,,,mlnsnk
Melnichenko,Melnychenko,curated,,,,mlnsnk
Melnichenko,Meļņičenko,sounds,,,,mlnsnk
Melnychenko,Melnichenko,curated,,,,mlnsnk
Melnychenko,Meļņičenko,curated,,,,mlnsnk
MEMMOLA,MEMOLA,sounds,IT,archive,Falco,mml
MEMMOLA,MEMOLI,sounds,IT,archive,Falco,mml
MEMMOLA,MUMMOLO,sounds,IT,archive,Falco,mml
MEMOLA,MEMMOLA,sounds,IT,archive,Falco,mml
MEMOLA,MEMOLI,sounds,IT,archive,Falco,mml
MEMOLA,MUMMOLO,sounds,IT,archive,Falco,mml
MEMOLI,MEMMOLA,sounds,IT,archive,Falco,mml
MEMOLI,MEMOLA,sounds,IT,archive,Falco,mml
MEMOLI,MUMMOLO,sounds,IT,archive,Falco,mml
Men,Wen,curated,,,,mn
Men,Min,sounds,,,,mn
Men,Muñoa,sounds,,,,mn
Men,Monje,sounds,,,,mn
Men,Moon,sounds,,,,mn
Men,Mune,sounds,,,,mn
Men,Maione,sounds,,,,mn
Men,Majone,sounds,,,,mn
Men,MANNA,sounds,,,,mn
Men,MANNO,sounds,,,,mn
Men,Mayney,sounds,,,,mn
MENAFRA,,,IT,archive,Falco,mnfr
Meng,Maeng,curated,,,,mng
MENTONE,MONTANO,sounds,IT,archive,Falco,mntn
MERCENA,Morison,sounds,IT,archive,Falco,mrsn
MERCENA,Morrison,sounds,IT,archive,Falco,mrsn
Merchán,Chapman,curated,,,,mrcn
Merchant,Chapman,curated,,,,mrcnt
Merchant,Koopmann,curated,,,,mrcnt
Merck,Mark,curated,,,,mrk
Merck,Merk,sounds,,,,mrk
Merck,Marek,sounds,,,,mrk
Merck,Marko,sounds,,,,mrk
Merckel,Merkel,curated,,,,mrkl
Merckel,Mark,curated,,,,mrkl
Merckel,Markel,sounds,,,,mrkl
Merckel,Merkl,sounds,,,,mrkl
Merckel,Merckell,sounds,,,,mrkl
Merckel,Maerkel,sounds,,,,mrkl
Merckell,Merkel,curated,,,,mrkl
Merckell,Markel,sounds,,,,mrkl
Merckell,Merkl,sounds,,,,mrkl
Merckell,Maerkel,sounds,,,,mrkl
Merckell,Merckel,sounds,,,,mrkl
MERCOGLIANO,,,IT,archive,Falco,mrcgln
MERCOLA,,,IT,archive,Falco,mrcl
MERCURIO,,,IT,archive,Falco,mrcr
MERENDA,,,IT,archive,Falco,mrnd
MERENNA,Marin,sounds,IT,archive,Falco,mrn
MERENNA,Marino,sounds,IT,archive,Falco,mrn
MERENNA,Maryann,sounds,IT,archive,Falco,mrn
MERENNA,Mariann,sounds,IT,archive,Falco,mrn
MERENNA,MARENNA,sounds,IT,archive,Falco,mrn
MERENNA,MARRINA,sounds,IT,archive,Falco,mrn
MERENNA,MARRONE,sounds,IT,archive,Falco,mrn
MERENNA,MORGINO,sounds,IT,archive,Falco,mrn
MERENNA,MORRONE,sounds,IT,archive,Falco,mrn
Merk,Merkel,curated,,,,mrk
Merk,Mark,curated,,,,mrk
Merk,Marek,sounds,,,,mrk
Merk,Marko,sounds,,,,mrk
Merk,Merck,sounds,,,,mrk
Merkel,Mark,curated,,,,mrkl
Merkel,Merk,curated,,,,mrkl
Merkel,Markel,curated,,,,mrkl
Merkel,Merkl,curated,,,,mrkl
Merkel,Merckell,curated,,,,mrkl
Merkel,Maerkel,curated,,,,mrkl
Merkel,Märkel,curated,,,,mrkl
Merkel,Merckel,curated,,,,mrkl
Merkl,Merkel,curated,,,,mrkl
Merkl,Mark,curated,,,,mrkl
Merkl,Markel,sounds,,,,mrkl
Merkl,Merckell,sounds,,,,mrkl
Merkl,Maerkel,sounds,,,,mrkl
Merkl,Merckel,sounds,,,,mrkl
MEROLA,Morgillo,sounds,IT,archive,Falco,mrl
MEROLA,MAURIEL,sounds,IT,archive,Falco,mrl
MEROLA,MAURIELLO,sounds,IT,archive,Falco,mrl
Mertins,Martins,curated,,,,mrtns
Mertins,Martenisi,sounds,,,,mrtns
Mertins,MARTINISI,sounds,,,,mrtns
Mester,Meister,curated,,,,mstr
Mester,Meester,sounds,,,,mstr
Mester,Maister,sounds,,,,mstr
Mester,MAESTRE,sounds,,,,mstr
Mesters,Meister,curated,,,,mstrs
Mesters,Meesters,sounds,,,,mstrs
Mesters,Meisters,sounds,,,,mstrs
Metzger,Fleischer,curated,,,,mtzr
Metzger,Metzker,curated,,,,mtzr
Metzker,Metzger,curated,,,,mtzkr
Metzker,Mezger,curated,,,,mtzkr
Meunier,Miller,curated,,,,mnr
Meunier,Minor,sounds,,,,mnr
Meunier,Monro,sounds,,,,mnr
Meunier,Monroe,sounds,,,,mnr
Meyer,Major,curated,,,,mr
Meyer,Maior,curated,,,,mr
Meyer,Meier,curated,,,,mr
Meyer,Meyr,curated,,,,mr
Meyer,Mayr,curated,,,,mr
Meyer,Meiers,curated,,,,mr
Meyer,Lohmeyer,curated,,,,mr
Meyer,Von Meyer,curated,,,,mr
Meyer,Maier,curated,,,,mr
Meyer,Meyers,curated,,,,mr
Meyer,Mayer,curated,,,,mr
Meyer,Meyerkort,curated,,,,mr
Meyer,Meyercord,curated,,,,mr
Meyer,Meyercordt,curated,,,,mr
Meyer,Meyerheinrich,curated,,,,mr
Meyer,Meyerkoort,curated,,,,mr
Meyer,Meyerkord,curated,,,,mr
Meyer,von Meyer,curated,,,,mr
Meyercord,Meyer,curated,,,,mrcrd
Meyercord,Meiercord,sounds,,,,mrcrd
Meyercordt,Meyer,curated,,,,mrcrdt
Meyerheinrich,Meyer,curated,,,,mrhnrc
Meyerkoort,Meyer,curated,,,,mrkrt
Meyerkoort,Meyerkort,sounds,,,,mrkrt
Meyerkord,Meyer,curated,,,,mrkrd
Meyerkort,Meyer,curated,,,,mrkrt
Meyerkort,Meyerkoort,sounds,,,,mrkrt
Meyers,Meyer,curated,,,,mrs
Meyers,Major,curated,,,,mrs
Meyers,Meiers,sounds,,,,mrs
Meyers,Morrice,sounds,,,,mrs
Meyers,Morris,sounds,,,,mrs
Meyers,Moris,sounds,,,,mrs
Meyers,Mooris,sounds,,,,mrs
Meyr,Meyer,curated,,,,mr
Meyr,Major,curated,,,,mr
Mezger,Metzker,curated,,,,mzr
Mezger,Mazzaro,sounds,,,,mzr
Micaelsen,Michaelsen,curated,,,,mclsn
Micaelsen,Michelsen,curated,,,,mclsn
Micaelsen,Mickelson,curated,,,,mclsn
Micaelsen,Michaelson,sounds,,,,mclsn
Micaelsen,Michalsen,sounds,,,,mclsn
Micale,Macaulay,sounds,AU,archive,Mazza,mcl
Micale,Macaulay,sounds,IT,archive,Mazza,mcl
Micale,Macaulay,sounds,US,archive,Mazza,mcl
Micale,McAuley,sounds,AU,archive,Mazza,mcl
Micale,McAuley,sounds,IT,archive,Mazza,mcl
Micale,McAuley,sounds,US,archive,Mazza,mcl
Micale,McColl,sounds,AU,archive,Mazza,mcl
Micale,McColl,sounds,IT,archive,Mazza,mcl
Micale,McColl,sounds,US,archive,Mazza,mcl
Micale,MacColl,sounds,AU,archive,Mazza,mcl
Micale,MacColl,sounds,IT,archive,Mazza,mcl
Micale,MacColl,sounds,US,archive,Mazza,mcl
Micale,MacAuley,sounds,AU,archive,Mazza,mcl
Micale,MacAuley,sounds,IT,archive,Mazza,mcl
Micale,MacAuley,sounds,US,archive,Mazza,mcl
Micale,MacCauley,sounds,AU,archive,Mazza,mcl
Micale,MacCauley,sounds,IT,archive,Mazza,mcl
Micale,MacCauley,sounds,US,archive,Mazza,mcl
Micale,McCauley,sounds,AU,archive,Mazza,mcl
Micale,McCauley,sounds,IT,archive,Mazza,mcl
Micale,McCauley,sounds,US,archive,Mazza,mcl
Micale,MacAll,sounds,AU,archive,Mazza,mcl
Micale,MacAll,sounds,IT,archive,Mazza,mcl
Micale,MacAll,sounds,US,archive,Mazza,mcl
Micale,McAll,sounds,AU,archive,Mazza,mcl
Micale,McAll,sounds,IT,archive,Mazza,mcl
Micale,McAll,sounds,US,archive,Mazza,mcl
Micale,MICCOLA,sounds,AU,archive,Mazza,mcl
Micale,MICCOLA,sounds,IT,archive,Mazza,mcl
Micale,MICCOLA,sounds,US,archive,Mazza,mcl
MICCETTI,,,IT,archive,Falco,mcst
MICCOLA,Macaulay,sounds,IT,archive,Falco,mcl
MICCOLA,McAuley,sounds,IT,archive,Falco,mcl
MICCOLA,McColl,sounds,IT,archive,Falco,mcl
MICCOLA,MacColl,sounds,IT,archive,Falco,mcl
MICCOLA,MacAuley,sounds,IT,archive,Falco,mcl
MICCOLA,MacCauley,sounds,IT,archive,Falco,mcl
MICCOLA,McCauley,sounds,IT,archive,Falco,mcl
MICCOLA,MacAll,sounds,IT,archive,Falco,mcl
MICCOLA,McAll,sounds,IT,archive,Falco,mcl
MICCOLA,Micale,sounds,IT,archive,Falco,mcl
MICELLI,Michell,sounds,IT,archive,Falco,msl
MICELLI,Moseley,sounds,IT,archive,Falco,msl
MICELLI,Mosley,sounds,IT,archive,Falco,msl
MICELLI,Mosely,sounds,IT,archive,Falco,msl
MICELLI,Mousley,sounds,IT,archive,Falco,msl
MICELLI,MICHELA,sounds,IT,archive,Falco,msl
Michaelsen,Mickelson,curated,,,,mclsn
Michaelsen,Michelsen,curated,,,,mclsn
Michaelsen,Michelson,curated,,,,mclsn
Michaelsen,Michaelson,curated,,,,mclsn
Michaelsen,Mikkelsen,curated,,,,mclsn
Michaelsen,Mikaelsen,curated,,,,mclsn
Michaelsen,Mikalsen,curated,,,,mclsn
Michaelsen,Micaelsen,curated,,,,mclsn
Michaelsen,Michalsen,curated,,,,mclsn
Michaelsen,Mickelsen,curated,,,,mclsn
Michaelson,Michaelsen,curated,,,,mclsn
Michaelson,Michelsen,curated,,,,mclsn
Michaelson,Mickelson,curated,,,,mclsn
Michaelson,Micaelsen,sounds,,,,mclsn
Michaelson,Michalsen,sounds,,,,mclsn
Michalsen,Michaelsen,curated,,,,mclsn
Michalsen,Michelsen,curated,,,,mclsn
Michalsen,Mickelson,curated,,,,mclsn
Michalsen,Michaelson,sounds,,,,mclsn
Michalsen,Micaelsen,sounds,,,,mclsn
MICHELA,Michell,sounds,IT,archive,Falco,msl
MICHELA,Moseley,sounds,IT,archive,Falco,msl
MICHELA,Mosley,sounds,IT,archive,Falco,msl
MICHELA,Mosely,sounds,IT,archive,Falco,msl
MICHELA,Mousley,sounds,IT,archive,Falco,msl
MICHELA,MICELLI,sounds,IT,archive,Falco,msl
MICHELANNA,,,IT,archive,Falco,msln
Michelbrand,Brand,curated,,,,mslbrnd
Michell,Mitchell,curated,,,,msl
Michell,Moseley,sounds,,,,msl
Michell,Mosley,sounds,,,,msl
Michell,Mosely,sounds,,,,msl
Michell,Mousley,sounds,,,,msl
Michell,MICELLI,sounds,,,,msl
Michell,MICHELA,sounds,,,,msl
Michelsen,Michaelsen,curated,,,,mslsn
Michelsen,Mickelson,curated,,,,mslsn
Michelsen,Michelson,curated,,,,mslsn
Michelsen,Michaelson,curated,,,,mslsn
Michelsen,Mikkelsen,curated,,,,mslsn
Michelsen,Mikalsen,curated,,,,mslsn
Michelsen,Micaelsen,curated,,,,mslsn
Michelsen,Mikaelsen,curated,,,,mslsn
Michelsen,Michalsen,curated,,,,mslsn
Michelsen,Mickelsen,curated,,,,mslsn
Michelson,Michaelsen,curated,,,,mslsn
Michelson,Michelsen,curated,,,,mslsn
Michelson,Mickelson,curated,,,,mslsn
Michieletto,,,IT,archive,Falco,mslt
Mickelsen,Michaelsen,curated,,,,mklsn
Mickelsen,Michelsen,curated,,,,mklsn
Mickelsen,Mickelson,curated,,,,mklsn
Mickelsen,Mikkelsen,sounds,,,,mklsn
Mickelsen,Mikaelsen,sounds,,,,mklsn
Mickelsen,Mikalsen,sounds,,,,mklsn
Mickelson,Michaelsen,curated,,,,mklsn
Mickelson,Michelsen,curated,,,,mklsn
Mickelson,Michaelson,curated,,,,mklsn
Mickelson,Michelson,curated,,,,mklsn
Mickelson,Mikkelsen,curated,,,,mklsn
Mickelson,Mikalsen,curated,,,,mklsn
Mickelson,Mikaelsen,curated,,,,mklsn
Mickelson,Micaelsen,curated,,,,mklsn
Mickelson,Michalsen,curated,,,,mklsn
Mickelson,Mickelsen,curated,,,,mklsn
Mickevičius,Mickiewicz,curated,,,,mkvss
Mickevičius,Mickevičs,curated,,,,mkvss
Mickevičs,Mickevičius,curated,,,,mkvcs
Mickiewicz,Mickevičius,curated,,,,mkvc
Mickiewicz,Mackovič,sounds,,,,mkvc
Middelton,Middleton,curated,,,,mdltn
Middelton,Myddleton,sounds,,,,mdltn
Middelton,Myddelton,sounds,,,,mdltn
Middleton,Myddleton,curated,,,,mdltn
Middleton,Myddelton,curated,,,,mdltn
Middleton,Middelton,curated,,,,mdltn
MIELE,MAJELLA,sounds,IT,archive,Falco,ml
MIELE,MELE,sounds,IT,archive,Falco,ml
MIGLIACCIO,,,IT,archive,Falco,mglcs
MIGLINO,MAGLIANO,sounds,IT,archive,Falco,mgln
MIGLIO,MA[GG]I[LL]O,sounds,IT,archive,Falco,mgl
MIGLIORE,,,IT,archive,Falco,mglr
MIGLIOTTO,,,IT,archive,Falco,mglt
Mikaelsen,Michaelsen,curated,,,,mklsn
Mikaelsen,Michelsen,curated,,,,mklsn
Mikaelsen,Mickelson,curated,,,,mklsn
Mikaelsen,Mikkelsen,sounds,,,,mklsn
Mikaelsen,Mikalsen,sounds,,,,mklsn
Mikaelsen,Mickelsen,sounds,,,,mklsn
Mikalsen,Michaelsen,curated,,,,mklsn
Mikalsen,Michelsen,curated,,,,mklsn
Mikalsen,Mickelson,curated,,,,mklsn
Mikalsen,Mikkelsen,sounds,,,,mklsn
Mikalsen,Mikaelsen,sounds,,,,mklsn
Mikalsen,Mickelsen,sounds,,,,mklsn
Mikhailenko,Mykhailenko,curated,,,,mhlnk
Mikkelsen,Michaelsen,curated,,,,mklsn
Mikkelsen,Michelsen,curated,,,,mklsn
Mikkelsen,Mickelson,curated,,,,mklsn
Mikkelsen,Mikaelsen,sounds,,,,mklsn
Mikkelsen,Mikalsen,sounds,,,,mklsn
Mikkelsen,Mickelsen,sounds,,,,mklsn
Mikloš,Mikloško,curated,,,,mkls
Mikloško,Mikloš,curated,,,,mklsk
MILANO,,,IT,archive,Falco,mln
Miler,Miller,curated,,,,mlr
Miler,Möller,sounds,,,,mlr
Miler,Müller,sounds,,,,mlr
Miler,Mueller,sounds,,,,mlr
Miler,Moeller,sounds,,,,mlr
Miler,Mallery,sounds,,,,mlr
Miler,Mallory,sounds,,,,mlr
Milić,,,,,,mlc
Militano,,,IT,archive,Falco,mltn
MILITARE,,,IT,archive,Falco,mltr
Miller,Möller,curated,,,,mlr
Miller,Molinero,curated,,,,mlr
Miller,Müller,curated,,,,mlr
Miller,Mlynář,curated,,,,mlr
Miller,Miler,curated,,,,mlr
Miller,Mueller,curated,,,,mlr
Miller,Mlynár,curated,,,,mlr
Miller,Molnár,curated,,,,mlr
Miller,Meunier,curated,,,,mlr
Miller,Brandmiller,curated,,,,mlr
Miller,Moeller,sounds,,,,mlr
Miller,Mallery,sounds,,,,mlr
Miller,Mallory,sounds,,,,mlr
Millican,Milligan,curated,,,,mlcn
Millican,Mulligan,curated,,,,mlcn
Milligan,Mulligan,curated,,,,mlgn
Milligan,Millikan,curated,,,,mlgn
Milligan,Millican,curated,,,,mlgn
Millikan,Milligan,curated,,,,mlkn
Millikan,Mulligan,curated,,,,mlkn
Min,Bin,curated,,,,mn
Min,Muñoa,sounds,,,,mn
Min,Monje,sounds,,,,mn
Min,Moon,sounds,,,,mn
Min,Men,sounds,,,,mn
Min,Mune,sounds,,,,mn
Min,Maione,sounds,,,,mn
Min,Majone,sounds,,,,mn
Min,MANNA,sounds,,,,mn
Min,MANNO,sounds,,,,mn
Min,Mayney,sounds,,,,mn
Minichiello,,,AU,archive,Mazza,mnsl
Minichiello,,,IT,archive,Mazza,mnsl
Minichiello,,,US,archive,Mazza,mnsl
MINISTERIALE,,,IT,archive,Falco,mnstrl
Minor,Klein,curated,,,,mnr
Minor,Meunier,sounds,,,,mnr
Minor,Monro,sounds,,,,mnr
Minor,Monroe,sounds,,,,mnr
Mißfelder,,,,,,msfldr
Mitchell,Michell,curated,,,,mtsl
MITTI,Muta,sounds,IT,archive,Falco,mt
MITTI,Mato,sounds,IT,archive,Falco,mt
Mlynář,Miller,curated,,,,mlnr
Mlynář,Molinero,sounds,,,,mlnr
Mlynář,Molnár,sounds,,,,mlnr
Mo,Mao,curated,,,,m
Mo,Mae,sounds,,,,m
Mo,Mei,sounds,,,,m
Mo,Mui,sounds,,,,m
Mo,Mou,sounds,,,,m
Mo,Majó,sounds,,,,m
Mo,Mai,sounds,,,,m
Mo,May,sounds,,,,m
Mo,Maj,sounds,,,,m
Mo,Mǎ,sounds,,,,m
Mo,MAYO,sounds,,,,m
Moeller,Möller,curated,,,,mlr
Moeller,Moller,curated,,,,mlr
Moeller,Møller,curated,,,,mlr
Moeller,Miller,sounds,,,,mlr
Moeller,Müller,sounds,,,,mlr
Moeller,Mueller,sounds,,,,mlr
Moeller,Miler,sounds,,,,mlr
Moeller,Mallery,sounds,,,,mlr
Moeller,Mallory,sounds,,,,mlr
Möhler,Möller,curated,,,,mhlr
Molinero,Möller,curated,,,,mlnr
Molinero,Miller,curated,,,,mlnr
Molinero,Møller,curated,,,,mlnr
Molinero,Mlynář,sounds,,,,mlnr
Molinero,Molnár,sounds,,,,mlnr
Möller,Miller,curated,,,,mlr
Möller,Müller,curated,,,,mlr
Möller,Möllers,curated,,,,mlr
Möller,Molinero,curated,,,,mlr
Möller,Mueller,curated,,,,mlr
Möller,Moeller,curated,,,,mlr
Möller,Henrichmöller,curated,,,,mlr
Möller,Ottemöller,curated,,,,mlr
Möller,Möhler,curated,,,,mlr
Möller,Mollers,curated,,,,mlr
Möller,von Moller,curated,,,,mlr
Möller,Miler,sounds,,,,mlr
Möller,Mallery,sounds,,,,mlr
Möller,Mallory,sounds,,,,mlr
Möllers,Möller,curated,,,,mlrs
Möllers,Moller,curated,,,,mlrs
Molnár,Miller,curated,,,,mlnr
Molnár,Molinero,sounds,,,,mlnr
Molnár,Mlynář,sounds,,,,mlnr
Mönch,Monje,curated,,,,mnc
Mönch,MANCA,sounds,,,,mnc
Monje,Mönch,curated,,,,mn
Monje,Min,sounds,,,,mn
Monje,Muñoa,sounds,,,,mn
Monje,Moon,sounds,,,,mn
Monje,Men,sounds,,,,mn
Monje,Mune,sounds,,,,mn
Monje,Maione,sounds,,,,mn
Monje,Majone,sounds,,,,mn
Monje,MANNA,sounds,,,,mn
Monje,MANNO,sounds,,,,mn
Monje,Mayney,sounds,,,,mn
Monro,Monroe,curated,,,,mnr
Monro,Minor,sounds,,,,mnr
Monro,Meunier,sounds,,,,mnr
Monroe,Monro,curated,,,,mnr
Monroe,Minor,sounds,,,,mnr
Monroe,Meunier,sounds,,,,mnr
Monsen,Monssen,curated,,,,mnsn
Monsen,Månson,curated,,,,mnsn
Monsen,Monsson,curated,,,,mnsn
Monssen,Monsen,curated,,,,mnsn
Monssen,Månson,sounds,,,,mnsn
Monssen,Monsson,sounds,,,,mnsn
Monsson,Monsen,curated,,,,mnsn
Monsson,Monssen,sounds,,,,mnsn
Monsson,Månson,sounds,,,,mnsn
MONTANO,MENTONE,sounds,IT,archive,Falco,mntn
MONTEFUSCO,,,IT,archive,Falco,mntfsc
MONTEGIORGIO,,,IT,archive,Falco,mntr
MONTEVECCHIO,,,IT,archive,Falco,mntvcs
MONTHS,,,IT,archive,Falco,mnts
MONTICELLO,,,IT,archive,Falco,mntsl
Moon,Wen,curated,,,,mn
Moon,Min,sounds,,,,mn
Moon,Muñoa,sounds,,,,mn
Moon,Monje,sounds,,,,mn
Moon,Men,sounds,,,,mn
Moon,Mune,sounds,,,,mn
Moon,Maione,sounds,,,,mn
Moon,Majone,sounds,,,,mn
Moon,MANNA,sounds,,,,mn
Moon,MANNO,sounds,,,,mn
Moon,Mayney,sounds,,,,mn
Mooris,Morris,curated,,,,mrs
Mooris,Meiers,sounds,,,,mrs
Mooris,Meyers,sounds,,,,mrs
Mooris,Morrice,sounds,,,,mrs
Mooris,Moris,sounds,,,,mrs
MOR,,,IT,archive,Falco,mr
MORATORIO,,,AR,archive,Lerena,mrtr
MORATORIO,,,ES,archive,Lerena,mrtr
MORATORIO,,,UY,archive,Lerena,mrtr
Moravčík,Morawetz,curated,,,,mrvsk
Moravec,Morawetz,curated,,,,mrvc
Morawetz,Moravec,curated,,,,mrvtz
Morawetz,Moravčík,curated,,,,mrvtz
Morawetz,Morawez,curated,,,,mrvtz
Morawez,Morawetz,curated,,,,mrvz
Mordaunt,,,AU,archive,D'Arcy,mrdnt
Mordaunt,,,GB,archive,D'Arcy,mrdnt
Mordaunt,,,IE,archive,D'Arcy,mrdnt
Morgillo,MAURIEL,sounds,AU,archive,D'Arcy,mrl
Morgillo,MAURIEL,sounds,GB,archive,D'Arcy,mrl
Morgillo,MAURIEL,sounds,IE,archive,D'Arcy,mrl
Morgillo,MAURIEL,sounds,IT,archive,Falco,mrl
Morgillo,MAURIELLO,sounds,AU,archive,D'Arcy,mrl
Morgillo,MAURIELLO,sounds,GB,archive,D'Arcy,mrl
Morgillo,MAURIELLO,sounds,IE,archive,D'Arcy,mrl
Morgillo,MAURIELLO,sounds,IT,archive,Falco,mrl
Morgillo,MEROLA,sounds,AU,archive,D'Arcy,mrl
Morgillo,MEROLA,sounds,GB,archive,D'Arcy,mrl
Morgillo,MEROLA,sounds,IE,archive,D'Arcy,mrl
Morgillo,MEROLA,sounds,IT,archive,Falco,mrl
MORGINO,Marin,sounds,IT,archive,Falco,mrn
MORGINO,Marino,sounds,IT,archive,Falco,mrn
MORGINO,Maryann,sounds,IT,archive,Falco,mrn
MORGINO,Mariann,sounds,IT,archive,Falco,mrn
MORGINO,MARENNA,sounds,IT,archive,Falco,mrn
MORGINO,MARRINA,sounds,IT,archive,Falco,mrn
MORGINO,MARRONE,sounds,IT,archive,Falco,mrn
MORGINO,MERENNA,sounds,IT,archive,Falco,mrn
MORGINO,MORRONE,sounds,IT,archive,Falco,mrn
Mori,Mouri,curated,,,,mr
Moris,Morris,curated,,,,mrs
Moris,Meiers,sounds,,,,mrs
Moris,Meyers,sounds,,,,mrs
Moris,Morrice,sounds,,,,mrs
Moris,Mooris,sounds,,,,mrs
Morison,Morrison,curated,,,,mrsn
Morison,MERCENA,sounds,,,,mrsn
Morrice,Morris,curated,,,,mrs
Morrice,Meiers,sounds,,,,mrs
Morrice,Meyers,sounds,,,,mrs
Morrice,Moris,sounds,,,,mrs
Morrice,Mooris,sounds,,,,mrs
Morris,Morrice,curated,AU,archive,D'Arcy,mrs
Morris,Morrice,curated,GB,archive,D'Arcy,mrs
Morris,Morrice,curated,IE,archive,D'Arcy,mrs
Morris,Moris,curated,AU,archive,D'Arcy,mrs
Morris,Moris,curated,GB,archive,D'Arcy,mrs
Morris,Moris,curated,IE,archive,D'Arcy,mrs
Morris,Mooris,curated,AU,archive,D'Arcy,mrs
Morris,Mooris,curated,GB,archive,D'Arcy,mrs
Morris,Mooris,curated,IE,archive,D'Arcy,mrs
Morris,Meiers,sounds,AU,archive,D'Arcy,mrs
Morris,Meiers,sounds,GB,archive,D'Arcy,mrs
Morris,Meiers,sounds,IE,archive,D'Arcy,mrs
Morris,Meyers,sounds,AU,archive,D'Arcy,mrs
Morris,Meyers,sounds,GB,archive,D'Arcy,mrs
Morris,Meyers,sounds,IE,archive,D'Arcy,mrs
Morrison,Morison,curated,,,,mrsn
Morrison,MERCENA,sounds,,,,mrsn
MORRONE,Marin,sounds,IT,archive,Falco,mrn
MORRONE,Marino,sounds,IT,archive,Falco,mrn
MORRONE,Maryann,sounds,IT,archive,Falco,mrn
MORRONE,Mariann,sounds,IT,archive,Falco,mrn
MORRONE,MARENNA,sounds,IT,archive,Falco,mrn
MORRONE,MARRINA,sounds,IT,archive,Falco,mrn
MORRONE,MARRONE,sounds,IT,archive,Falco,mrn
MORRONE,MERENNA,sounds,IT,archive,Falco,mrn
MORRONE,MORGINO,sounds,IT,archive,Falco,mrn
Morrow,Murray,curated,,,,mrv
Mortensen,Martienzen,curated,,,,mrtnsn
Mortensen,Martienssen,curated,,,,mrtnsn
Mortensen,Mårtensson,curated,,,,mrtnsn
Mortensen,Martinsen,curated,,,,mrtnsn
Mortensen,Mårtenson,curated,,,,mrtnsn
Mortensen,Marthinsen,curated,,,,mrtnsn
Mortensen,Mårtensen,curated,,,,mrtnsn
Mortensen,Mortenson,curated,,,,mrtnsn
Mortensen,Marthinsson,curated,,,,mrtnsn
Mortensen,Mortensson,curated,,,,mrtnsn
Mortensen,Martinsson,sounds,,,,mrtnsn
Mortensen,Martinson,sounds,,,,mrtnsn
Mortenson,Mortensen,curated,,,,mrtnsn
Mortenson,Martinsson,sounds,,,,mrtnsn
Mortenson,Martienssen,sounds,,,,mrtnsn
Mortenson,Mårtensson,sounds,,,,mrtnsn
Mortenson,Martinsen,sounds,,,,mrtnsn
Mortenson,Martinson,sounds,,,,mrtnsn
Mortenson,Mårtenson,sounds,,,,mrtnsn
Mortenson,Marthinsen,sounds,,,,mrtnsn
Mortenson,Mårtensen,sounds,,,,mrtnsn
Mortenson,Marthinsson,sounds,,,,mrtnsn
Mortenson,Mortensson,sounds,,,,mrtnsn
Mortensson,Martienzen,curated,,,,mrtnsn
Mortensson,Mortensen,curated,,,,mrtnsn
Mortensson,Mårtensson,curated,,,,mrtnsn
Mortensson,Martienssen,curated,,,,mrtnsn
Mortensson,Martinsen,curated,,,,mrtnsn
Mortensson,Martinsson,sounds,,,,mrtnsn
Mortensson,Martinson,sounds,,,,mrtnsn
Mortensson,Mårtenson,sounds,,,,mrtnsn
Mortensson,Marthinsen,sounds,,,,mrtnsn
Mortensson,Mårtensen,sounds,,,,mrtnsn
Mortensson,Marthinsson,sounds,,,,mrtnsn
Mortensson,Mortenson,sounds,,,,mrtnsn
Mortimer,,,AU,archive,Mazza,mrtmr
Mortimer,,,IT,archive,Mazza,mrtmr
Mortimer,,,US,archive,Mazza,mrtmr
Moseley,Mosley,curated,,,,msl
Moseley,Michell,sounds,,,,msl
Moseley,Mosely,sounds,,,,msl
Moseley,Mousley,sounds,,,,msl
Moseley,MICELLI,sounds,,,,msl
Moseley,MICHELA,sounds,,,,msl
Mosely,Mosley,curated,,,,msl
Mosely,Michell,sounds,,,,msl
Mosely,Moseley,sounds,,,,msl
Mosely,Mousley,sounds,,,,msl
Mosely,MICELLI,sounds,,,,msl
Mosely,MICHELA,sounds,,,,msl
Moser,,,,,,msr
Mosley,Moseley,curated,,,,msl
Mosley,Mozley,curated,,,,msl
Mosley,Mosely,curated,,,,msl
Mosley,Mousley,curated,,,,msl
Mosley,Michell,sounds,,,,msl
Mosley,MICELLI,sounds,,,,msl
Mosley,MICHELA,sounds,,,,msl
Mou,Mao,curated,,,,m
Mou,Mae,sounds,,,,m
Mou,Mei,sounds,,,,m
Mou,Mui,sounds,,,,m
Mou,Mo,sounds,,,,m
Mou,Majó,sounds,,,,m
Mou,Mai,sounds,,,,m
Mou,May,sounds,,,,m
Mou,Maj,sounds,,,,m
Mou,Mǎ,sounds,,,,m
Mou,MAYO,sounds,,,,m
Mourdock,Murdock,curated,,,,mrdk
Mouri,Mori,curated,,,,mr
Mousavi,Moussaoui,curated,,,,msv
Mousley,Mosley,curated,,,,msl
Mousley,Michell,sounds,,,,msl
Mousley,Moseley,sounds,,,,msl
Mousley,Mosely,sounds,,,,msl
Mousley,MICELLI,sounds,,,,msl
Mousley,MICHELA,sounds,,,,msl
Moussaoui,Mousavi,curated,,,,ms
Moussaoui,MASI,sounds,,,,ms
MOYSIUS,,,IT,archive,Falco,mss
Mozley,Mosley,curated,,,,mzl
Mueller,Möller,curated,,,,mlr
Mueller,Miller,curated,,,,mlr
Mueller,Müller,sounds,,,,mlr
Mueller,Moeller,sounds,,,,mlr
Mueller,Miler,sounds,,,,mlr
Mueller,Mallery,sounds,,,,mlr
Mueller,Mallory,sounds,,,,mlr
Mui,Mei,curated,,,,m
Mui,Mae,sounds,,,,m
Mui,Mo,sounds,,,,m
Mui,Mao,sounds,,,,m
Mui,Mou,sounds,,,,m
Mui,Majó,sounds,,,,m
Mui,Mai,sounds,,,,m
Mui,May,sounds,,,,m
Mui,Maj,sounds,,,,m
Mui,Mǎ,sounds,,,,m
Mui,MAYO,sounds,,,,m
Mulcahy,,,AU,archive,D'Arcy,mlch
Mulcahy,,,GB,archive,D'Arcy,mlch
Mulcahy,,,IE,archive,D'Arcy,mlch
Müller,Möller,curated,AU,archive,Mazza,mlr
Müller,Möller,curated,HR,archive,Blažević,mlr
Müller,Möller,curated,IT,archive,Falco; Mazza,mlr
Müller,Möller,curated,US,archive,Mazza,mlr
Müller,Miller,curated,AU,archive,Mazza,mlr
Müller,Miller,curated,HR,archive,Blažević,mlr
Müller,Miller,curated,IT,archive,Falco; Mazza,mlr
Müller,Miller,curated,US,archive,Mazza,mlr
Müller,Moller,curated,AU,archive,Mazza,mlr
Müller,Moller,curated,HR,archive,Blažević,mlr
Müller,Moller,curated,IT,archive,Falco; Mazza,mlr
Müller,Moller,curated,US,archive,Mazza,mlr
Müller,Mueller,sounds,AU,archive,Mazza,mlr
Müller,Mueller,sounds,HR,archive,Blažević,mlr
Müller,Mueller,sounds,IT,archive,Falco; Mazza,mlr
Müller,Mueller,sounds,US,archive,Mazza,mlr
Müller,Moeller,sounds,AU,archive,Mazza,mlr
Müller,Moeller,sounds,HR,archive,Blažević,mlr
Müller,Moeller,sounds,IT,archive,Falco; Mazza,mlr
Müller,Moeller,sounds,US,archive,Mazza,mlr
Müller,Miler,sounds,AU,archive,Mazza,mlr
Müller,Miler,sounds,HR,archive,Blažević,mlr
Müller,Miler,sounds,IT,archive,Falco; Mazza,mlr
Müller,Miler,sounds,US,archive,Mazza,mlr
Müller,Mallery,sounds,AU,archive,Mazza,mlr
Müller,Mallery,sounds,HR,archive,Blažević,mlr
Müller,Mallery,sounds,IT,archive,Falco; Mazza,mlr
Müller,Mallery,sounds,US,archive,Mazza,mlr
Müller,Mallory,sounds,AU,archive,Mazza,mlr
Müller,Mallory,sounds,HR,archive,Blažević,mlr
Müller,Mallory,sounds,IT,archive,Falco; Mazza,mlr
Müller,Mallory,sounds,US,archive,Mazza,mlr
Mulligan,Milligan,curated,,,,mlgn
Mulligan,Millikan,curated,,,,mlgn
Mulligan,Millican,curated,,,,mlgn
MUMMOLO,MEMMOLA,sounds,IT,archive,Falco,mml
MUMMOLO,MEMOLA,sounds,IT,archive,Falco,mml
MUMMOLO,MEMOLI,sounds,IT,archive,Falco,mml
Mundschenk,Schenk,curated,,,,mndsnk
Mune,Zōng,curated,,,,mn
Mune,Min,sounds,,,,mn
Mune,Muñoa,sounds,,,,mn
Mune,Monje,sounds,,,,mn
Mune,Moon,sounds,,,,mn
Mune,Men,sounds,,,,mn
Mune,Maione,sounds,,,,mn
Mune,Majone,sounds,,,,mn
Mune,MANNA,sounds,,,,mn
Mune,MANNO,sounds,,,,mn
Mune,Mayney,sounds,,,,mn
Muñoa,Muñoz,curated,,,,mn
Muñoa,Min,sounds,,,,mn
Muñoa,Monje,sounds,,,,mn
Muñoa,Moon,sounds,,,,mn
Muñoa,Men,sounds,,,,mn
Muñoa,Mune,sounds,,,,mn
Muñoa,Maione,sounds,,,,mn
Muñoa,Majone,sounds,,,,mn
Muñoa,MANNA,sounds,,,,mn
Muñoa,MANNO,sounds,,,,mn
Muñoa,Mayney,sounds,,,,mn
Munoz,Muñoa,curated,,,,mnz
Munoz,MANZI,sounds,,,,mnz
MURATA,MARGITTO,sounds,IT,archive,Falco,mrt
Murdaugh,Murdock,curated,,,,mrdg
Murdoch,Murdock,curated,AU,archive,D'Arcy,mrdc
Murdoch,Murdock,curated,GB,archive,D'Arcy,mrdc
Murdoch,Murdock,curated,IE,archive,D'Arcy,mrdc
Murdock,Murdoch,curated,,,,mrdk
Murdock,Murdaugh,curated,,,,mrdk
Murdock,Mourdock,curated,,,,mrdk
Murphey,Murphy,curated,,,,mrf
Murphey,MARFÈ,sounds,,,,mrf
Murphy,Murphey,curated,,,,mrf
Murphy,MARFÈ,sounds,,,,mrf
Murray,Morrow,curated,,,,mr
Muta,Takeda,curated,,,,mt
Muta,Mato,sounds,,,,mt
Muta,MITTI,sounds,,,,mt
Muzzi,Mazza,sounds,AU,archive,Mazza,mz
Muzzi,Mazza,sounds,IT,archive,Mazza,mz
Muzzi,Mazza,sounds,US,archive,Mazza,mz
Muzzi,MAZZEO,sounds,AU,archive,Mazza,mz
Muzzi,MAZZEO,sounds,IT,archive,Mazza,mz
Muzzi,MAZZEO,sounds,US,archive,Mazza,mz
Myddelton,Middleton,curated,,,,mdltn
Myddelton,Myddleton,sounds,,,,mdltn
Myddelton,Middelton,sounds,,,,mdltn
Myddleton,Middleton,curated,,,,mdltn
Myddleton,Myddelton,sounds,,,,mdltn
Myddleton,Middelton,sounds,,,,mdltn
Mykhailenko,Mikhailenko,curated,,,,mhlnk
Na,Luo,curated,,,,n
Na,Ney,sounds,,,,n
Na,Neu,sounds,,,,n
Na,Nie,sounds,,,,n
Nabrčnik,,,HR,archive,Blažević,nbrcnk
Nađ,Nagy,curated,,,,nd
Nađ,Naidoo,sounds,,,,nd
Nađ,Naidu,sounds,,,,nd
Naeslund,Näslund,curated,,,,nslnd
Naeslund,Naslund,sounds,,,,nslnd
Nagel,Nägeli,curated,,,,nl
Nagel,Nagle,curated,,,,nl
Nagel,Neill,sounds,,,,nl
Nagel,NOLA,sounds,,,,nl
Nagel,NOLÈ,sounds,,,,nl
Nagel,Noel,sounds,,,,nl
Nägeli,Nagel,curated,,,,nl
Nägeli,Neill,sounds,,,,nl
Nägeli,NOLA,sounds,,,,nl
Nägeli,NOLÈ,sounds,,,,nl
Nägeli,Noel,sounds,,,,nl
Nagle,Nagel,curated,,,,ngl
Nagoda,,,HR,archive,Blažević,ngd
Nagy,Nađ,curated,,,,ng
Nagy,Ngai,sounds,,,,ng
Nagy,Ngo,sounds,,,,ng
Nagy,Ngu,sounds,,,,ng
Nagy,Ng,sounds,,,,ng
Nagy,Ngụy,sounds,,,,ng
Naidoo,Naidu,curated,,,,nd
Naidoo,Nađ,sounds,,,,nd
Naidu,Naidoo,curated,,,,nd
Naidu,Nađ,sounds,,,,nd
NAPLES,,,IT,archive,Falco,npls
NAPOLI,,,AU,archive,Mazza,npl
NAPOLI,,,IT,archive,Falco; Mazza,npl
NAPOLI,,,US,archive,Mazza,npl
NAPOLITANO,,,IT,archive,Falco,npltn
Naslund,Naeslund,curated,,,,nslnd
Naslund,Næslund,curated,,,,nslnd
NASPORTO,,,IT,archive,Falco,nsprt
NASSO,,,IT,archive,Falco,ns
Natale,,,IT,archive,Falco,ntl
Naughton,Norton,curated,,,,ngtn
Naumenko,Navumienka,curated,,,,nmnk
NAVARELLO,,,IT,archive,Falco,nvrl
NAVIA,NUOVO,sounds,AR,archive,Lerena,nv
NAVIA,NUOVO,sounds,ES,archive,Lerena,nv
NAVIA,NUOVO,sounds,UY,archive,Lerena,nv
Navrotsky,Nawrocki,curated,,,,nvrtsk
Navrotsky,Nawrotski,sounds,,,,nvrtsk
Navrotsky,Navrotskyi,sounds,,,,nvrtsk
Navrotskyi,Nawrocki,curated,,,,nvrtsk
Navrotskyi,Nawrotski,sounds,,,,nvrtsk
Navrotskyi,Navrotsky,sounds,,,,nvrtsk
Navumienka,Naumenko,curated,,,,nvmnk
Nawrocki,Nawrotski,curated,,,,nvrk
Nawrocki,Navrotsky,curated,,,,nvrk
Nawrocki,Navrotskyi,curated,,,,nvrk
Nawrotski,Nawrocki,curated,,,,nvrtsk
Nawrotski,Navrotsky,sounds,,,,nvrtsk
Nawrotski,Navrotskyi,sounds,,,,nvrtsk
Nègre,,,,,,ngr
Neill,O'Neil,curated,,,,nl
Neill,O'Neill,curated,,,,nl
Neill,Nägeli,sounds,,,,nl
Neill,Nagel,sounds,,,,nl
Neill,NOLA,sounds,,,,nl
Neill,NOLÈ,sounds,,,,nl
Neill,Noel,sounds,,,,nl
Neilsen,Nilssen,curated,,,,nlsn
Neilsen,Nilsson,sounds,,,,nlsn
Neilsen,Nielsen,sounds,,,,nlsn
Neilsen,Nilsen,sounds,,,,nlsn
Neilsen,Nilson,sounds,,,,nlsn
Neilsen,Neilson,sounds,,,,nlsn
Neilsen,Nielssen,sounds,,,,nlsn
Neilsen,Nielsson,sounds,,,,nlsn
Neilsen,Nelsson,sounds,,,,nlsn
Neilsen,Nelson,sounds,,,,nlsn
Neilsen,Nelsen,sounds,,,,nlsn
Neilson,Nilssen,curated,,,,nlsn
Neilson,Nilsson,sounds,,,,nlsn
Neilson,Nielsen,sounds,,,,nlsn
Neilson,Neilsen,sounds,,,,nlsn
Neilson,Nilsen,sounds,,,,nlsn
Neilson,Nilson,sounds,,,,nlsn
Neilson,Nielssen,sounds,,,,nlsn
Neilson,Nielsson,sounds,,,,nlsn
Neilson,Nelsson,sounds,,,,nlsn
Neilson,Nelson,sounds,,,,nlsn
Neilson,Nelsen,sounds,,,,nlsn
Nekrasov,Nekrassov,curated,,,,nkrsv
Nekrasov,Nekrasova,curated,,,,nkrsv
Nekrasova,Nekrasov,curated,,,,nkrsv
Nekrasova,Nekrassov,sounds,,,,nkrsv
Nekrassov,Nekrasov,curated,,,,nkrsv
Nekrassov,Nekrasova,sounds,,,,nkrsv
Nelsen,Nelson,curated,,,,nlsn
Nelsen,Nilsson,sounds,,,,nlsn
Nelsen,Nilssen,sounds,,,,nlsn
Nelsen,Nielsen,sounds,,,,nlsn
Nelsen,Neilsen,sounds,,,,nlsn
Nelsen,Nilsen,sounds,,,,nlsn
Nelsen,Nilson,sounds,,,,nlsn
Nelsen,Neilson,sounds,,,,nlsn
Nelsen,Nielssen,sounds,,,,nlsn
Nelsen,Nielsson,sounds,,,,nlsn
Nelsen,Nelsson,sounds,,,,nlsn
Nelson,Nelsson,curated,,,,nlsn
Nelson,Nelsen,curated,,,,nlsn
Nelson,Nilsson,sounds,,,,nlsn
Nelson,Nilssen,sounds,,,,nlsn
Nelson,Nielsen,sounds,,,,nlsn
Nelson,Neilsen,sounds,,,,nlsn
Nelson,Nilsen,sounds,,,,nlsn
Nelson,Nilson,sounds,,,,nlsn
Nelson,Neilson,sounds,,,,nlsn
Nelson,Nielssen,sounds,,,,nlsn
Nelson,Nielsson,sounds,,,,nlsn
Nelsson,Nelson,curated,,,,nlsn
Nelsson,Nilsson,sounds,,,,nlsn
Nelsson,Nilssen,sounds,,,,nlsn
Nelsson,Nielsen,sounds,,,,nlsn
Nelsson,Neilsen,sounds,,,,nlsn
Nelsson,Nilsen,sounds,,,,nlsn
Nelsson,Nilson,sounds,,,,nlsn
Nelsson,Neilson,sounds,,,,nlsn
Nelsson,Nielssen,sounds,,,,nlsn
Nelsson,Nielsson,sounds,,,,nlsn
Nelsson,Nelsen,sounds,,,,nlsn
NERVI,,,IT,archive,Falco,nrv
NETTO,NUOTO,sounds,IT,archive,Falco,nt
NETTONE,,,IT,archive,Falco,ntn
Neu,Ney,curated,,,,n
Neu,Neuer,curated,,,,n
Neu,Neumann,curated,,,,n
Neu,Na,sounds,,,,n
Neu,Nie,sounds,,,,n
Neuer,Neu,curated,,,,nr
Neuhaus,Neuhauser,curated,,,,nhs
Neuhaus,Neuhäuser,curated,,,,nhs
Neuhaus,Neuhäusel,curated,,,,nhs
Neuhäusel,Neuhaus,curated,,,,nhsl
Neuhauser,Neuhaus,curated,,,,nhsr
Neuman,Newman,curated,,,,nmn
Neuman,Neumann,sounds,,,,nmn
Neumann,Neu,curated,,,,nmn
Neumann,Newman,curated,,,,nmn
Neumann,Neuman,sounds,,,,nmn
Newman,Neumann,curated,,,,nvmn
Newman,Neuman,curated,,,,nvmn
Ney,Neu,curated,,,,n
Ney,Na,sounds,,,,n
Ney,Nie,sounds,,,,n
Ng,Huang,curated,,,,ng
Ng,Wu,curated,,,,ng
Ng,Ngai,sounds,,,,ng
Ng,Nagy,sounds,,,,ng
Ng,Ngo,sounds,,,,ng
Ng,Ngu,sounds,,,,ng
Ng,Ngụy,sounds,,,,ng
Ngai,Ai,curated,,,,ng
Ngai,Wei,curated,,,,ng
Ngai,Nagy,sounds,,,,ng
Ngai,Ngo,sounds,,,,ng
Ngai,Ngu,sounds,,,,ng
Ngai,Ng,sounds,,,,ng
Ngai,Ngụy,sounds,,,,ng
Ngan,Yan,curated,,,,ngn
Nghiem,Yan,curated,,,,nm
Nghiem,Ngiam,sounds,,,,nm
Ngiam,Yan,curated,,,,nm
Ngiam,Nghiem,sounds,,,,nm
Ngo,Wu,curated,,,,ng
Ngo,Ao,curated,,,,ng
Ngo,Ngai,sounds,,,,ng
Ngo,Nagy,sounds,,,,ng
Ngo,Ngu,sounds,,,,ng
Ngo,Ng,sounds,,,,ng
Ngo,Ngụy,sounds,,,,ng
Ngu,Wu,curated,,,,ng
Ngu,Ngai,sounds,,,,ng
Ngu,Nagy,sounds,,,,ng
Ngu,Ngo,sounds,,,,ng
Ngu,Ng,sounds,,,,ng
Ngu,Ngụy,sounds,,,,ng
Ngụy,Wei,curated,,,,ng
Ngụy,Ngai,sounds,,,,ng
Ngụy,Nagy,sounds,,,,ng
Ngụy,Ngo,sounds,,,,ng
Ngụy,Ngu,sounds,,,,ng
Ngụy,Ng,sounds,,,,ng
Nicholas,Nicolaï,curated,,,,ncls
Nicholas,Nicolas,sounds,,,,ncls
Nicol,Nikol,curated,,,,ncl
Nicol,Nicolai,sounds,,,,ncl
Nicol,Nicolay,sounds,,,,ncl
Nicol,Nicole,sounds,,,,ncl
Nicol,Nicola,sounds,,,,ncl
Nicola,Nikol,curated,,,,ncl
Nicola,Nicolai,sounds,,,,ncl
Nicola,Nicolay,sounds,,,,ncl
Nicola,Nicole,sounds,,,,ncl
Nicola,Nicol,sounds,,,,ncl
Nicolai,Nikolai,curated,,,,ncl
Nicolai,Nikola,curated,,,,ncl
Nicolai,Nicolay,curated,,,,ncl
Nicolai,Nicolas,curated,,,,ncl
Nicolai,Nicholas,curated,,,,ncl
Nicolai,Nicole,sounds,,,,ncl
Nicolai,Nicola,sounds,,,,ncl
Nicolai,Nicol,sounds,,,,ncl
Nicolas,Nicolaï,curated,,,,ncls
Nicolas,Nicholas,sounds,,,,ncls
Nicolay,Nicolai,curated,,,,ncl
Nicolay,Nicolaï,curated,,,,ncl
Nicolay,Nicole,sounds,,,,ncl
Nicolay,Nicola,sounds,,,,ncl
Nicolay,Nicol,sounds,,,,ncl
Nicole,Nikol,curated,,,,ncl
Nicole,Nicolai,sounds,,,,ncl
Nicole,Nicolay,sounds,,,,ncl
Nicole,Nicola,sounds,,,,ncl
Nicole,Nicol,sounds,,,,ncl
Nicotra,,,AU,archive,Mazza,nctr
Nicotra,,,IT,archive,Mazza,nctr
Nicotra,,,US,archive,Mazza,nctr
Nie,Nip,curated,,,,n
Nie,Na,sounds,,,,n
Nie,Ney,sounds,,,,n
Nie,Neu,sounds,,,,n
Niedermayer,Niedermeier,curated,,,,ndrmr
Niedermeier,Niedermayer,curated,,,,ndrmr
Nielsen,Nilssen,curated,,,,nlsn
Nielsen,Nilsson,sounds,,,,nlsn
Nielsen,Neilsen,sounds,,,,nlsn
Nielsen,Nilsen,sounds,,,,nlsn
Nielsen,Nilson,sounds,,,,nlsn
Nielsen,Neilson,sounds,,,,nlsn
Nielsen,Nielssen,sounds,,,,nlsn
Nielsen,Nielsson,sounds,,,,nlsn
Nielsen,Nelsson,sounds,,,,nlsn
Nielsen,Nelson,sounds,,,,nlsn
Nielsen,Nelsen,sounds,,,,nlsn
Nielssen,Nilssen,curated,,,,nlsn
Nielssen,Nilsson,sounds,,,,nlsn
Nielssen,Nielsen,sounds,,,,nlsn
Nielssen,Neilsen,sounds,,,,nlsn
Nielssen,Nilsen,sounds,,,,nlsn
Nielssen,Nilson,sounds,,,,nlsn
Nielssen,Neilson,sounds,,,,nlsn
Nielssen,Nielsson,sounds,,,,nlsn
Nielssen,Nelsson,sounds,,,,nlsn
Nielssen,Nelson,sounds,,,,nlsn
Nielssen,Nelsen,sounds,,,,nlsn
Nielsson,Nilssen,curated,,,,nlsn
Nielsson,Nilsson,sounds,,,,nlsn
Nielsson,Nielsen,sounds,,,,nlsn
Nielsson,Neilsen,sounds,,,,nlsn
Nielsson,Nilsen,sounds,,,,nlsn
Nielsson,Nilson,sounds,,,,nlsn
Nielsson,Neilson,sounds,,,,nlsn
Nielsson,Nielssen,sounds,,,,nlsn
Nielsson,Nelsson,sounds,,,,nlsn
Nielsson,Nelson,sounds,,,,nlsn
Nielsson,Nelsen,sounds,,,,nlsn
Nigrelli,,,AU,archive,Mazza,ngrl
Nigrelli,,,IT,archive,Mazza,ngrl
Nigrelli,,,US,archive,Mazza,ngrl
Nikol,Nicole,curated,,,,nkl
Nikol,Nicola,curated,,,,nkl
Nikol,Nicol,curated,,,,nkl
Nikol,Nikola,curated,,,,nkl
Nikol,Nikolai,sounds,,,,nkl
Nikola,Nicolai,curated,,,,nkl
Nikola,Nikol,curated,,,,nkl
Nikola,Nikolai,sounds,,,,nkl
Nikolai,Nicolai,curated,,,,nkl
Nikolai,Nikola,sounds,,,,nkl
Nikolai,Nikol,sounds,,,,nkl
Nils,Nilssen,curated,,,,nls
Nilsen,Nilssen,curated,,,,nlsn
Nilsen,Nilsson,sounds,,,,nlsn
Nilsen,Nielsen,sounds,,,,nlsn
Nilsen,Neilsen,sounds,,,,nlsn
Nilsen,Nilson,sounds,,,,nlsn
Nilsen,Neilson,sounds,,,,nlsn
Nilsen,Nielssen,sounds,,,,nlsn
Nilsen,Nielsson,sounds,,,,nlsn
Nilsen,Nelsson,sounds,,,,nlsn
Nilsen,Nelson,sounds,,,,nlsn
Nilsen,Nelsen,sounds,,,,nlsn
Nilson,Nilssen,curated,,,,nlsn
Nilson,Nilsson,sounds,,,,nlsn
Nilson,Nielsen,sounds,,,,nlsn
Nilson,Neilsen,sounds,,,,nlsn
Nilson,Nilsen,sounds,,,,nlsn
Nilson,Neilson,sounds,,,,nlsn
Nilson,Nielssen,sounds,,,,nlsn
Nilson,Nielsson,sounds,,,,nlsn
Nilson,Nelsson,sounds,,,,nlsn
Nilson,Nelson,sounds,,,,nlsn
Nilson,Nelsen,sounds,,,,nlsn
Nilssen,Nilsson,curated,,,,nlsn
Nilssen,Nielsen,curated,,,,nlsn
Nilssen,Neilsen,curated,,,,nlsn
Nilssen,Nilsen,curated,,,,nlsn
Nilssen,Nilson,curated,,,,nlsn
Nilssen,Neilson,curated,,,,nlsn
Nilssen,Nielssen,curated,,,,nlsn
Nilssen,Nielsson,curated,,,,nlsn
Nilssen,Nils,curated,,,,nlsn
Nilssen,Nelsson,sounds,,,,nlsn
Nilssen,Nelson,sounds,,,,nlsn
Nilssen,Nelsen,sounds,,,,nlsn
Nilsson,Nilssen,curated,,,,nlsn
Nilsson,Nielsen,sounds,,,,nlsn
Nilsson,Neilsen,sounds,,,,nlsn
Nilsson,Nilsen,sounds,,,,nlsn
Nilsson,Nilson,sounds,,,,nlsn
Nilsson,Neilson,sounds,,,,nlsn
Nilsson,Nielssen,sounds,,,,nlsn
Nilsson,Nielsson,sounds,,,,nlsn
Nilsson,Nelsson,sounds,,,,nlsn
Nilsson,Nelson,sounds,,,,nlsn
Nilsson,Nelsen,sounds,,,,nlsn
Nip,Nie,curated,,,,np
Nitzsche,Nyča,curated,,,,ntzs
Noble,,,AU,archive,Mazza,nbl
Noble,,,IT,archive,Mazza,nbl
Noble,,,US,archive,Mazza,nbl
Noel,Neill,sounds,AU,archive,D'Arcy,nl
Noel,Neill,sounds,GB,archive,D'Arcy,nl
Noel,Neill,sounds,IE,archive,D'Arcy,nl
Noel,Nägeli,sounds,AU,archive,D'Arcy,nl
Noel,Nägeli,sounds,GB,archive,D'Arcy,nl
Noel,Nägeli,sounds,IE,archive,D'Arcy,nl
Noel,Nagel,sounds,AU,archive,D'Arcy,nl
Noel,Nagel,sounds,GB,archive,D'Arcy,nl
Noel,Nagel,sounds,IE,archive,D'Arcy,nl
Noel,NOLA,sounds,AU,archive,D'Arcy,nl
Noel,NOLA,sounds,GB,archive,D'Arcy,nl
Noel,NOLA,sounds,IE,archive,D'Arcy,nl
Noel,NOLÈ,sounds,AU,archive,D'Arcy,nl
Noel,NOLÈ,sounds,GB,archive,D'Arcy,nl
Noel,NOLÈ,sounds,IE,archive,D'Arcy,nl
NOFRONE,,,IT,archive,Falco,nfrn
Noh,Lu,curated,,,,nh
Nohr,,,,,,nhr
NOLA,Neill,sounds,IT,archive,Falco,nl
NOLA,Nägeli,sounds,IT,archive,Falco,nl
NOLA,Nagel,sounds,IT,archive,Falco,nl
NOLA,NOLÈ,sounds,IT,archive,Falco,nl
NOLA,Noel,sounds,IT,archive,Falco,nl
NOLÈ,Neill,sounds,IT,archive,Falco,nl
NOLÈ,Nägeli,sounds,IT,archive,Falco,nl
NOLÈ,Nagel,sounds,IT,archive,Falco,nl
NOLÈ,NOLA,sounds,IT,archive,Falco,nl
NOLÈ,Noel,sounds,IT,archive,Falco,nl
Nordahl,Nordal,curated,,,,nrdhl
Nordal,Nordahl,curated,,,,nrdl
Nordenskiöld,Nordenskjöld,curated,,,,nrdnskld
Nordenskjöld,Nordenskiöld,curated,,,,nrdnskld
Nordman,Nordmann,curated,,,,nrdmn
Nordmand,Nordmann,curated,,,,nrdmnd
Nordmann,Nordmand,curated,,,,nrdmn
Nordmann,Nordman,curated,,,,nrdmn
Nordstrøm,,,,,,nrdstrm
Norton,Naughton,curated,,,,nrtn
Nostro,,,AU,archive,Mazza,nstr
Nostro,,,IT,archive,Mazza,nstr
Nostro,,,US,archive,Mazza,nstr
Nuniarti,,,AU,archive,Mazza,nnrt
Nuniarti,,,IT,archive,Mazza,nnrt
Nuniarti,,,US,archive,Mazza,nnrt
NUOTO,NETTO,sounds,IT,archive,Falco,nt
NUOVO,NAVIA,sounds,IT,archive,Falco,nv
Nuzzo,,,IT,archive,Falco,nz
Nyča,Nitzsche,curated,,,,nc
O,Ke,curated,,,,o
O,Oey,sounds,,,,o
O,Oei,sounds,,,,o
O,Ōya,sounds,,,,o
O,Ou,sounds,,,,o
Ó Caoimh,Ó Cuív,curated,,,,o cmh
Ó Cuív,Ó Caoimh,curated,,,,o cv
Ó Súilleabháin,Sullivan,curated,,,,o slbhn
O'Brian,O'Brien,curated,,,,obrn
O'Brian,Obrien,sounds,,,,obrn
O'Brian,O'Bryon,sounds,,,,obrn
O'Brien,O'Brian,curated,AU,archive,D'Arcy,obrn
O'Brien,O'Brian,curated,GB,archive,D'Arcy,obrn
O'Brien,O'Brian,curated,IE,archive,D'Arcy,obrn
O'Brien,Obrien,curated,AU,archive,D'Arcy,obrn
O'Brien,Obrien,curated,GB,archive,D'Arcy,obrn
O'Brien,Obrien,curated,IE,archive,D'Arcy,obrn
O'Brien,O'Bryon,curated,AU,archive,D'Arcy,obrn
O'Brien,O'Bryon,curated,GB,archive,D'Arcy,obrn
O'Brien,O'Bryon,curated,IE,archive,D'Arcy,obrn
O'Bryon,O'Brien,curated,,,,obrn
O'Bryon,O'Brian,sounds,,,,obrn
O'Bryon,Obrien,sounds,,,,obrn
O'Conner,O'Connor,curated,,,,ocnr
O'Conner,Oconnor,sounds,,,,ocnr
O'Connor,O'Conner,curated,,,,ocnr
O'Connor,Oconnor,curated,,,,ocnr
O'Day,O'Dea,curated,,,,od
O'Day,Oddo,sounds,,,,od
O'Day,Odo,sounds,,,,od
O'Dea,O'Day,curated,,,,od
O'Dea,Oddo,sounds,,,,od
O'Dea,Odo,sounds,,,,od
O'Hagan,Hagen,curated,,,,ohgn
O'Hagan,Hagan,curated,,,,ohgn
O'Hagan,Haggan,curated,,,,ohgn
O'Neil,Neill,curated,,,,onl
O'Neil,O'Neill,curated,,,,onl
O'Neill,Neill,curated,,,,onl
O'Neill,O'Neil,curated,,,,onl
O'Shaughnessy,Shaughnessy,curated,,,,oshgns
Oaks,,,AU,archive,Mazza,oks
Oaks,,,IT,archive,Mazza,oks
Oaks,,,US,archive,Mazza,oks
oar,Riehme,curated,,,,or
oar,Or,sounds,,,,or
Obayashi,Kobayashi,curated,,,,obsh
Obel,Abel,curated,,,,obl
Obelt,Abel,curated,,,,oblt
Obermaier,Obermeier,curated,,,,obrmr
Obermaier,Obermayr,sounds,,,,obrmr
Obermaier,Obermeyer,sounds,,,,obrmr
Obermaier,Obermeir,sounds,,,,obrmr
Obermayr,Obermeier,curated,,,,obrmr
Obermayr,Obermeyer,sounds,,,,obrmr
Obermayr,Obermaier,sounds,,,,obrmr
Obermayr,Obermeir,sounds,,,,obrmr
Obermeier,Obermayr,curated,,,,obrmr
Obermeier,Obermeyer,curated,,,,obrmr
Obermeier,Obermaier,curated,,,,obrmr
Obermeier,Obermeir,curated,,,,obrmr
Obermeir,Obermeier,curated,,,,obrmr
Obermeir,Obermayr,sounds,,,,obrmr
Obermeir,Obermeyer,sounds,,,,obrmr
Obermeir,Obermaier,sounds,,,,obrmr
Obermeyer,Obermeier,curated,,,,obrmr
Obermeyer,Obermayr,sounds,,,,obrmr
Obermeyer,Obermaier,sounds,,,,obrmr
Obermeyer,Obermeir,sounds,,,,obrmr
Obispo,Bishop,curated,,,,obsp
Obrien,O'Brien,curated,,,,obrn
Obrien,O'Brian,sounds,,,,obrn
Obrien,O'Bryon,sounds,,,,obrn
Ocker,Ockers,curated,,,,okr
Ockers,Ocker,curated,,,,okrs
Oconnor,O'Connor,curated,,,,ocnr
Oconnor,O'Conner,sounds,,,,ocnr
Oddo,Otto,curated,,,,od
Oddo,O'Day,sounds,,,,od
Oddo,O'Dea,sounds,,,,od
Oddo,Odo,sounds,,,,od
Odland,Aadland,curated,,,,odlnd
Odo,Otto,curated,,,,od
Odo,Oddo,sounds,,,,od
Odo,O'Day,sounds,,,,od
Odo,O'Dea,sounds,,,,od
Oehler,Ohler,curated,,,,ohlr
Oehler,Öhlert,curated,,,,ohlr
Oehler,Öhler,curated,,,,ohlr
Oehler,Œhlert,curated,,,,ohlr
Oehler,Oehlerrt,curated,,,,ohlr
Oehler,Œhler,curated,,,,ohlr
Oehlerrt,Oehler,curated,,,,ohlrt
Oehlerrt,Öhlert,sounds,,,,ohlrt
Oei,Huang,curated,,,,o
Oei,Oey,sounds,,,,o
Oei,Ōya,sounds,,,,o
Oei,Ou,sounds,,,,o
Oei,O,sounds,,,,o
Oeste,West,curated,,,,ost
Oeste,OSTE,sounds,,,,ost
Oetken,Otto,curated,,,,otkn
Oey,Huang,curated,,,,o
Oey,Oei,sounds,,,,o
Oey,Ōya,sounds,,,,o
Oey,Ou,sounds,,,,o
Oey,O,sounds,,,,o
Offner,Ofner,curated,,,,ofnr
Ofner,Offner,curated,,,,ofnr
Ogorodnik,Ohorodnyk,curated,,,,ogrdnk
Oh,Wu,curated,,,,oh
Ohayashi,Kobayashi,curated,,,,ohsh
Ohler,Oehler,curated,,,,ohlr
Öhlert,Oehler,curated,,,,ohlrt
Öhlert,Oehlerrt,sounds,,,,ohlrt
Ohlin,Olin,curated,,,,ohln
Ohorodnyk,Ogorodnik,curated,,,,ohrdnk
Okada,Okata,curated,,,,okd
Okata,Okada,curated,,,,okt
OLD,,,IT,archive,Falco,old
Olechnowicz,Olekhnovich/Olekhnovych,curated,,,,olcnvc
Olejnik,Oliynyk,curated,,,,olnk
Olejnik,Olijnyk,sounds,,,,olnk
Olejnik,Oleynik,sounds,,,,olnk
Olekhnovich/Olekhnovych,Alyakhnovich,curated,,,,olhnvclh
Olekhnovich/Olekhnovych,Olechnowicz,curated,,,,olhnvclh
Olekhnovich/Olekhnovych,Alekhnovich,curated,,,,olhnvclh
Oleksiienko,Alekseyenko,curated,,,,olksnk
Olena,Lenke,curated,,,,oln
Olena,Olin,sounds,,,,oln
Oleynik,Oliynyk,curated,,,,olnk
Oleynik,Olejnik,sounds,,,,olnk
Oleynik,Olijnyk,sounds,,,,olnk
Olijnyk,Oliynyk,curated,,,,olnk
Olijnyk,Olejnik,sounds,,,,olnk
Olijnyk,Oleynik,sounds,,,,olnk
Olimov,Alimov,curated,,,,olmv
Olin,Ohlin,curated,,,,oln
Olin,Olena,sounds,,,,oln
OLIVA,OLIVO,sounds,IT,archive,Falco,olv
Oliveira,Olivera,curated,,,,olvr
Oliveira,de Oliveira,curated,,,,olvr
Oliveira,D'Oliveira,curated,,,,olvr
Oliveira,d' Oliveira,curated,,,,olvr
Oliveira,OLIVERI,sounds,,,,olvr
Oliveira,Oliver,sounds,,,,olvr
Oliver,Olivera,sounds,AU,archive,D'Arcy,olvr
Oliver,Olivera,sounds,GB,archive,D'Arcy,olvr
Oliver,Olivera,sounds,IE,archive,D'Arcy,olvr
Oliver,Oliveira,sounds,AU,archive,D'Arcy,olvr
Oliver,Oliveira,sounds,GB,archive,D'Arcy,olvr
Oliver,Oliveira,sounds,IE,archive,D'Arcy,olvr
Oliver,OLIVERI,sounds,AU,archive,D'Arcy,olvr
Oliver,OLIVERI,sounds,GB,archive,D'Arcy,olvr
Oliver,OLIVERI,sounds,IE,archive,D'Arcy,olvr
Olivera,Oliveira,curated,,,,olvr
Olivera,OLIVERI,sounds,,,,olvr
Olivera,Oliver,sounds,,,,olvr
OLIVERI,Olivera,sounds,IT,archive,Falco,olvr
OLIVERI,Oliveira,sounds,IT,archive,Falco,olvr
OLIVERI,Oliver,sounds,IT,archive,Falco,olvr
OLIVETTI,OLIVETTO,sounds,IT,archive,Falco,olvt
OLIVETTO,OLIVETTI,sounds,IT,archive,Falco,olvt
OLIVO,OLIVA,sounds,IT,archive,Falco,olv
Oliynyk,Olejnik,curated,,,,olnk
Oliynyk,Olijnyk,curated,,,,olnk
Oliynyk,Oleynik,curated,,,,olnk
On,An,curated,,,,on
On,Ōno,sounds,,,,on
On,Ouno,sounds,,,,on
On,Đoàn,sounds,,,,on
Ondřej,Anders,curated,,,,ondr
Ong,Wang,curated,,,,ong
Ong,Weng,curated,,,,ong
Ong,Ouang,sounds,,,,ong
Ōno,Ōya,curated,,,,on
Ōno,Ouno,curated,,,,on
Ōno,On,sounds,,,,on
Ōno,Đoàn,sounds,,,,on
ONOFRIO,,,IT,archive,Falco,onfr
Opel,Oppel,curated,,,,opl
Opel,Oppl,sounds,,,,opl
OPERAIO,,,IT,archive,Falco,opr
Oppel,Appel,curated,,,,opl
Oppel,Opel,curated,,,,opl
Oppel,Oppelt,curated,,,,opl
Oppel,Oppl,curated,,,,opl
Oppel,Appelius,curated,,,,opl
Oppel,Oppler,curated,,,,opl
Oppelt,Oppel,curated,,,,oplt
Oppl,Abel,curated,,,,opl
Oppl,Oppel,curated,,,,opl
Oppl,Opel,sounds,,,,opl
Oppler,Oppel,curated,,,,oplr
Or,Ke,curated,,,,or
Or,oar,sounds,,,,or
Orel,Oryol,curated,,,,orl
Orel,OROLOGIO,sounds,,,,orl
Orešković,,,HR,archive,Blažević,orskvc
ORIBE,,,AR,archive,Lerena,orb
ORIBE,,,ES,archive,Lerena,orb
ORIBE,,,UY,archive,Lerena,orb
OROLOGIO,Orel,sounds,IT,archive,Falco,orl
OROLOGIO,Oryol,sounds,IT,archive,Falco,orl
Oryol,Orel,curated,,,,orl
Oryol,OROLOGIO,sounds,,,,orl
Oßwald,Osvald,sounds,,,,osvld
Oßwald,Oswald,sounds,,,,osvld
Oßwald,Oszvald,sounds,,,,osvld
Oßwald,Osvaldo,sounds,,,,osvld
Ostapchuk,Ostaptchouk,curated,,,,ostpck
Ostapchuk,Ostapciuc,curated,,,,ostpck
Ostapchuk,Ostapczuk,sounds,,,,ostpck
Ostapciuc,Ostaptchouk,curated,,,,ostpsc
Ostapciuc,Ostapchuk,curated,,,,ostpsc
Ostapciuc,Ostapczuk,curated,,,,ostpsc
Ostapczuk,Ostaptchouk,curated,,,,ostpck
Ostapczuk,Ostapciuc,curated,,,,ostpck
Ostapczuk,Ostapchuk,sounds,,,,ostpck
Ostapenko,Astapenka,curated,,,,ostpnk
Ostaptchouk,Ostapciuc,curated,,,,ostptck
Ostaptchouk,Astapchuk,curated,,,,ostptck
Ostaptchouk,Ostapchuk,curated,,,,ostptck
Ostaptchouk,Ostapczuk,curated,,,,ostptck
Östberg,Østberg,curated,,,,ostbrg
OSTE,Oeste,sounds,IT,archive,Falco,ost
Österberg,Østerberg,curated,,,,ostrbrg
Ostlund,Østlund,curated,,,,ostlnd
Osvald,Oswald,curated,,,,osvld
Osvald,Oßwald,sounds,,,,osvld
Osvald,Oszvald,sounds,,,,osvld
Osvald,Osvaldo,sounds,,,,osvld
Osvaldo,Oswald,curated,,,,osvld
Osvaldo,Oßwald,sounds,,,,osvld
Osvaldo,Osvald,sounds,,,,osvld
Osvaldo,Oszvald,sounds,,,,osvld
Oswald,Osvald,curated,,,,osvld
Oswald,Oszvald,curated,,,,osvld
Oswald,Osvaldo,curated,,,,osvld
Oswald,Oßwald,sounds,,,,osvld
Oszvald,Oswald,curated,,,,osvld
Oszvald,Oßwald,sounds,,,,osvld
Oszvald,Osvald,sounds,,,,osvld
Oszvald,Osvaldo,sounds,,,,osvld
OTHER,,,AR,archive,Lerena,otr
OTHER,,,ES,archive,Lerena,otr
OTHER,,,UY,archive,Lerena,otr
Otho,Otto,curated,,,,ot
Otho,Ott,sounds,,,,ot
Otho,Otte,sounds,,,,ot
Otho,Oto,sounds,,,,ot
Oto,Otto,curated,,,,ot
Oto,Ott,sounds,,,,ot
Oto,Otte,sounds,,,,ot
Oto,Otho,sounds,,,,ot
Ott,Ottmann,curated,,,,ot
Ott,Otto,curated,,,,ot
Ott,Otte,curated,,,,ot
Ott,Otten,curated,,,,ot
Ott,Oto,sounds,,,,ot
Ott,Otho,sounds,,,,ot
Ottaviano,,,AU,archive,Mazza,otvn
Ottaviano,,,IT,archive,Mazza,otvn
Ottaviano,,,US,archive,Mazza,otvn
Otte,Ottmann,curated,,,,ot
Otte,Otto,curated,,,,ot
Otte,Ott,curated,,,,ot
Otte,Oto,sounds,,,,ot
Otte,Otho,sounds,,,,ot
Ottemöller,Möller,curated,,,,otmlr
Otten,Otto,curated,,,,otn
Otten,Ott,curated,,,,otn
Ottens,Otto,curated,,,,otns
Öttl,Otto,curated,,,,otl
Ottmann,Ott,curated,,,,otmn
Ottmann,Otto,curated,,,,otmn
Ottmann,Otte,curated,,,,otmn
Otto,Öttl,curated,,,,ot
Otto,Ottmann,curated,,,,ot
Otto,Ott,curated,,,,ot
Otto,Oddo,curated,,,,ot
Otto,Otte,curated,,,,ot
Otto,Otten,curated,,,,ot
Otto,Udo,curated,,,,ot
Otto,Ottens,curated,,,,ot
Otto,Oetken,curated,,,,ot
Otto,Odo,curated,,,,ot
Otto,Oto,curated,,,,ot
Otto,Otho,curated,,,,ot
Ottosen,Ottosson,curated,,,,otsn
Ottosen,Ottoson,sounds,,,,otsn
Ottoson,Ottosson,curated,,,,otsn
Ottoson,Ottosen,sounds,,,,otsn
Ottosson,Ottosen,curated,,,,otsn
Ottosson,Ottoson,curated,,,,otsn
Ou,Au,curated,,,,o
Ou,Ao,curated,,,,o
Ou,Oey,sounds,,,,o
Ou,Oei,sounds,,,,o
Ou,Ōya,sounds,,,,o
Ou,O,sounds,,,,o
Ouang,Wang,curated,,,,ong
Ouang,Ong,sounds,,,,ong
Ouno,Ōno,curated,,,,on
Ouno,On,sounds,,,,on
Ouno,Đoàn,sounds,,,,on
Overbeck,von Overbeck,curated,,,,ovrbk
Ovsiienko,Owsijenko,curated,,,,ovsnk
Owen,Owens,curated,,,,ovn
Owens,Owen,curated,,,,ovns
Owsijenko,Ovsiienko,curated,,,,ovsnk
Ōya,Ōno,curated,,,,o
Ōya,Oey,sounds,,,,o
Ōya,Oei,sounds,,,,o
Ōya,Ou,sounds,,,,o
Ōya,O,sounds,,,,o
Özturgut,Turgut,curated,,,,oztrgt
PACCHIOTTI,PACCHIUTO,sounds,IT,archive,Falco,pcst
PACCHIOTTI,PICCHIETTO,sounds,IT,archive,Falco,pcst
PACCHIUTO,PACCHIOTTI,sounds,IT,archive,Falco,pcst
PACCHIUTO,PICCHIETTO,sounds,IT,archive,Falco,pcst
PACELLO,,,IT,archive,Falco,psl
Pacino,PISANI,sounds,AU,archive,Mazza,psn
Pacino,PISANI,sounds,IT,archive,Mazza,psn
Pacino,PISANI,sounds,US,archive,Mazza,psn
Pacino,PISANO,sounds,AU,archive,Mazza,psn
Pacino,PISANO,sounds,IT,archive,Mazza,psn
Pacino,PISANO,sounds,US,archive,Mazza,psn
Packer,,,HR,archive,Blažević,pkr
PADETTO,PEDOTTO,sounds,IT,archive,Falco,pdt
Paeng,Peng,curated,,,,png
Paeng,Pung,sounds,,,,png
Paeng,Pang,sounds,,,,png
Paganel,Paganelli,curated,,,,pgnl
Paganelli,Paganel,curated,,,,pgnl
Pagano,,,AU,archive,Mazza,pgn
Pagano,,,IT,archive,Mazza,pgn
Pagano,,,US,archive,Mazza,pgn
Pagnotta,,,AU,archive,Mazza,pgnt
Pagnotta,,,IT,archive,Mazza,pgnt
Pagnotta,,,US,archive,Mazza,pgnt
PAGNOZZI,,,IT,archive,Falco,pgnz
Påhlson,Paulsen,curated,,,,phlsn
Påhlson,Påhlsson,sounds,,,,phlsn
Påhlsson,Paulsen,curated,,,,phlsn
Påhlsson,Poulsen,curated,,,,phlsn
Påhlsson,Povlsen,curated,,,,phlsn
Påhlsson,Paulson,curated,,,,phlsn
Påhlsson,Paulssen,curated,,,,phlsn
Påhlsson,Påhlson,sounds,,,,phlsn
Paladino,PALLADINO,sounds,AU,archive,Mazza,pldn
Paladino,PALLADINO,sounds,IT,archive,Mazza,pldn
Paladino,PALLADINO,sounds,US,archive,Mazza,pldn
PALATINO,,,IT,archive,Falco,pltn
PALLADINO,Paladino,sounds,IT,archive,Falco,pldn
Pallariello,,,AU,archive,Mazza,plrl
Pallariello,,,IT,archive,Mazza,plrl
Pallariello,,,US,archive,Mazza,plrl
PALOTTA,Polito,sounds,IT,archive,Falco,plt
Pålsson,Paulsen,curated,,,,plsn
Pålsson,Paulson,sounds,,,,plsn
Pålsson,Poulsen,sounds,,,,plsn
Pålsson,Paulssen,sounds,,,,plsn
Pålsson,Paulsson,sounds,,,,plsn
Pålsson,Poulsson,sounds,,,,plsn
Pålsson,Paulussen,sounds,,,,plsn
PALUMBO,,,IT,archive,Falco,plmb
Pan,Poon,curated,,,,pn
Pan,Phua,curated,,,,pn
Pan,Puah,curated,,,,pn
PANCOTTARO,,,IT,archive,Falco,pnctr
Pande,Pandey,curated,,,,pnd
Pandey,Pande,curated,,,,pnd
PANELLA,,,AU,archive,Mazza,pnl
PANELLA,,,IT,archive,Falco; Mazza,pnl
PANELLA,,,US,archive,Mazza,pnl
Panettieri,Bäcker,curated,,,,pntr
Pang,Feng,curated,,,,png
Pang,Bang,curated,,,,png
Pang,Peng,curated,,,,png
Pang,Pung,sounds,,,,png
Pang,Paeng,sounds,,,,png
PAOLI,Paul,sounds,IT,archive,Falco,pl
PAOLI,Pool,sounds,IT,archive,Falco,pl
PAOLI,Paulo,sounds,IT,archive,Falco,pl
PAOLI,Poul,sounds,IT,archive,Falco,pl
PAOLI,Pol,sounds,IT,archive,Falco,pl
PAOLI,Poleo,sounds,IT,archive,Falco,pl
PAPA,PEPE,sounds,IT,archive,Falco,pp
PAPA,POPPA,sounds,IT,archive,Falco,pp
PAPACCIO,,,IT,archive,Falco,ppcs
Papic,Papich,sounds,HR,archive,Blažević,ppc
Papich,Papic,sounds,HR,archive,Blažević,ppc
Papov,Popov,curated,,,,ppv
Papov,Popow,sounds,,,,ppv
Park,Bo,curated,,,,prk
Park,Piao,curated,,,,prk
Parkins,Perkins,curated,,,,prkns
Pärson,Pehrsson,curated,,,,prsn
Pärson,Peerson,sounds,,,,prsn
Pärson,Person,sounds,,,,prsn
Pärson,Persson,sounds,,,,prsn
Pärson,Peersen,sounds,,,,prsn
Pärson,Pärsson,sounds,,,,prsn
Pärson,Persen,sounds,,,,prsn
Pärson,PERRACIANO,sounds,,,,prsn
Pärsson,Pehrsson,curated,,,,prsn
Pärsson,Peerson,sounds,,,,prsn
Pärsson,Person,sounds,,,,prsn
Pärsson,Persson,sounds,,,,prsn
Pärsson,Peersen,sounds,,,,prsn
Pärsson,Persen,sounds,,,,prsn
Pärsson,Pärson,sounds,,,,prsn
Pärsson,PERRACIANO,sounds,,,,prsn
PASCARELLA,,,IT,archive,Falco,pscrl
Pasquali,,,IT,archive,Falco,pskl
PASQUALIELLO,,,IT,archive,Falco,pskll
PASTRINUS,,,IT,archive,Falco,pstrns
Paterson,Patterson,curated,,,,ptrsn
Paterson,Petterson,sounds,,,,ptrsn
Paterson,Pettersen,sounds,,,,ptrsn
Paterson,Pettersson,sounds,,,,ptrsn
Paterson,Petterssen,sounds,,,,ptrsn
Paterson,Peterson,sounds,,,,ptrsn
Paterson,Pietersen,sounds,,,,ptrsn
Paterson,Petersson,sounds,,,,ptrsn
Paterson,Peitersen,sounds,,,,ptrsn
Patrice,Patrick,curated,,,,ptrs
Patrice,Patricio,sounds,,,,ptrs
Patrice,Pieterse,sounds,,,,ptrs
Patrice,Potters,sounds,,,,ptrs
Patrice,Poetters,sounds,,,,ptrs
Patrice,Peters,sounds,,,,ptrs
Patrice,Peeters,sounds,,,,ptrs
Patrice,Pieters,sounds,,,,ptrs
Patrice,Peaters,sounds,,,,ptrs
Patrice,Peterß,sounds,,,,ptrs
Patricio,Patrick,curated,,,,ptrs
Patricio,Patrice,sounds,,,,ptrs
Patricio,Pieterse,sounds,,,,ptrs
Patricio,Potters,sounds,,,,ptrs
Patricio,Poetters,sounds,,,,ptrs
Patricio,Peters,sounds,,,,ptrs
Patricio,Peeters,sounds,,,,ptrs
Patricio,Pieters,sounds,,,,ptrs
Patricio,Peaters,sounds,,,,ptrs
Patricio,Peterß,sounds,,,,ptrs
Patrick,Patrice,curated,,,,ptrk
Patrick,Patrizio,curated,,,,ptrk
Patrick,Patricio,curated,,,,ptrk
Patrizio,Patrick,curated,,,,ptrz
Patterson,Paterson,curated,,,,ptrsn
Patterson,Petterson,sounds,,,,ptrsn
Patterson,Pettersen,sounds,,,,ptrsn
Patterson,Pettersson,sounds,,,,ptrsn
Patterson,Petterssen,sounds,,,,ptrsn
Patterson,Peterson,sounds,,,,ptrsn
Patterson,Pietersen,sounds,,,,ptrsn
Patterson,Petersson,sounds,,,,ptrsn
Patterson,Peitersen,sounds,,,,ptrsn
Pau,Pohl,curated,,,,p
Pau,Piao,sounds,,,,p
Pau,Pueyo,sounds,,,,p
Pau,Puey,sounds,,,,p
Pau,Pu,sounds,,,,p
Paul,Paulsen,curated,,,,pl
Paul,Pohl,curated,,,,pl
Paul,Paulson,curated,,,,pl
Paul,Pool,sounds,,,,pl
Paul,Paulo,sounds,,,,pl
Paul,Poul,sounds,,,,pl
Paul,Pol,sounds,,,,pl
Paul,PAOLI,sounds,,,,pl
Paul,Poleo,sounds,,,,pl
Paulino,Pohl,curated,,,,pln
Paulino,Pellone,sounds,,,,pln
Paulo,Pohl,curated,,,,pl
Paulo,Paul,sounds,,,,pl
Paulo,Pool,sounds,,,,pl
Paulo,Poul,sounds,,,,pl
Paulo,Pol,sounds,,,,pl
Paulo,PAOLI,sounds,,,,pl
Paulo,Poleo,sounds,,,,pl
Paulovič,Pavlovič,curated,,,,plvc
Pauls,Paulsen,curated,,,,pls
Pauls,Paulus,sounds,,,,pls
Paulsen,Povlsen,curated,,,,plsn
Paulsen,Paulson,curated,,,,plsn
Paulsen,Poulsen,curated,,,,plsn
Paulsen,Paulssen,curated,,,,plsn
Paulsen,Paul,curated,,,,plsn
Paulsen,Paulsson,curated,,,,plsn
Paulsen,Pauls,curated,,,,plsn
Paulsen,Paulus,curated,,,,plsn
Paulsen,Poulsson,curated,,,,plsn
Paulsen,Paulssøn,curated,,,,plsn
Paulsen,Pålsson,curated,,,,plsn
Paulsen,Påhlson,curated,,,,plsn
Paulsen,Povelsen,curated,,,,plsn
Paulsen,Påhlsson,curated,,,,plsn
Paulsen,Paulsohn,curated,,,,plsn
Paulsen,Paulussen,sounds,,,,plsn
Paulsohn,Paulsen,curated,,,,plshn
Paulsohn,Paulson,curated,,,,plshn
Paulson,Paulsen,curated,,,,plsn
Paulson,Poulsen,curated,,,,plsn
Paulson,Povlsen,curated,,,,plsn
Paulson,Paulssen,curated,,,,plsn
Paulson,Paul,curated,,,,plsn
Paulson,Paulus,curated,,,,plsn
Paulson,Poulsson,curated,,,,plsn
Paulson,Paulsson,curated,,,,plsn
Paulson,Påhlsson,curated,,,,plsn
Paulson,Povelsen,curated,,,,plsn
Paulson,Paulsohn,curated,,,,plsn
Paulson,Pålsson,sounds,,,,plsn
Paulson,Paulussen,sounds,,,,plsn
Paulssen,Paulsen,curated,,,,plsn
Paulssen,Poulsen,curated,,,,plsn
Paulssen,Povlsen,curated,,,,plsn
Paulssen,Paulson,curated,,,,plsn
Paulssen,Poulsson,curated,,,,plsn
Paulssen,Paulsson,curated,,,,plsn
Paulssen,Påhlsson,curated,,,,plsn
Paulssen,Povelsen,curated,,,,plsn
Paulssen,Paulussen,curated,,,,plsn
Paulssen,Pålsson,sounds,,,,plsn
Paulsson,Paulsen,curated,,,,plsn
Paulsson,Poulsen,curated,,,,plsn
Paulsson,Povlsen,curated,,,,plsn
Paulsson,Paulson,curated,,,,plsn
Paulsson,Paulssen,curated,,,,plsn
Paulsson,Poulsson,sounds,,,,plsn
Paulsson,Pålsson,sounds,,,,plsn
Paulsson,Paulussen,sounds,,,,plsn
Paulus,Pavelić,curated,,,,pls
Paulus,Paulsen,curated,,,,pls
Paulus,Paulson,curated,,,,pls
Paulus,Pauls,sounds,,,,pls
Paulussen,Paulssen,curated,,,,plsn
Paulussen,Paulsen,sounds,,,,plsn
Paulussen,Paulson,sounds,,,,plsn
Paulussen,Poulsen,sounds,,,,plsn
Paulussen,Paulsson,sounds,,,,plsn
Paulussen,Poulsson,sounds,,,,plsn
Paulussen,Pålsson,sounds,,,,plsn
Pavel,Pohl,curated,,,,pvl
Pavel,Pavelka,curated,,,,pvl
Pavel,Powel,sounds,,,,pvl
Pavel,Powell,sounds,,,,pvl
Pavel,Pavol,sounds,,,,pvl
Pavelić,Paulus,curated,HR,archive,Blažević,pvlc
Pavelić,Pavelich,curated,HR,archive,Blažević,pvlc
Pavelich,Pavelić,curated,,,,pvlc
Pavelka,Pavel,curated,,,,pvlk
Pavlovič,Pavlovich,curated,,,,pvlvc
Pavlovič,Paulovič,curated,,,,pvlvc
Pavlovič,Pavol,curated,,,,pvlvc
Pavlovich,Pavlovič,curated,,,,pvlvc
Pavol,Pavlovič,curated,,,,pvl
Pavol,Pavel,sounds,,,,pvl
Pavol,Powel,sounds,,,,pvl
Pavol,Powell,sounds,,,,pvl
Peaters,Peters,curated,,,,ptrs
Peaters,Patrice,sounds,,,,ptrs
Peaters,Patricio,sounds,,,,ptrs
Peaters,Pieterse,sounds,,,,ptrs
Peaters,Potters,sounds,,,,ptrs
Peaters,Poetters,sounds,,,,ptrs
Peaters,Peeters,sounds,,,,ptrs
Peaters,Pieters,sounds,,,,ptrs
Peaters,Peterß,sounds,,,,ptrs
Pećanić,,,HR,archive,Blažević,pcnc
Pećarić,,,HR,archive,Blažević,pcrc
PECCHILLO,,,IT,archive,Falco,pcsl
Pedersén,Petersohn,curated,,,,pdrsn
Pedersén,Pedersson,sounds,,,,pdrsn
Pedersson,Pedersén,sounds,,,,pdrsn
PEDOTTO,PADETTO,sounds,IT,archive,Falco,pdt
Peersen,Pehrsson,curated,,,,prsn
Peersen,Peerson,sounds,,,,prsn
Peersen,Person,sounds,,,,prsn
Peersen,Persson,sounds,,,,prsn
Peersen,Pärsson,sounds,,,,prsn
Peersen,Persen,sounds,,,,prsn
Peersen,Pärson,sounds,,,,prsn
Peersen,PERRACIANO,sounds,,,,prsn
Peerson,Pehrsson,curated,,,,prsn
Peerson,Person,sounds,,,,prsn
Peerson,Persson,sounds,,,,prsn
Peerson,Peersen,sounds,,,,prsn
Peerson,Pärsson,sounds,,,,prsn
Peerson,Persen,sounds,,,,prsn
Peerson,Pärson,sounds,,,,prsn
Peerson,PERRACIANO,sounds,,,,prsn
Peeters,Peters,curated,,,,ptrs
Peeters,Patrice,sounds,,,,ptrs
Peeters,Patricio,sounds,,,,ptrs
Peeters,Pieterse,sounds,,,,ptrs
Peeters,Potters,sounds,,,,ptrs
Peeters,Poetters,sounds,,,,ptrs
Peeters,Pieters,sounds,,,,ptrs
Peeters,Peaters,sounds,,,,ptrs
Peeters,Peterß,sounds,,,,ptrs
Peevers,,,AU,archive,D'Arcy,pvrs
Peevers,,,GB,archive,D'Arcy,pvrs
Peevers,,,IE,archive,D'Arcy,pvrs
PEGGIATO,,,IT,archive,Falco,pgt
Pehrson,Pehrsson,curated,,,,phrsn
Pehrsson,Peerson,curated,,,,phrsn
Pehrsson,Person,curated,,,,phrsn
Pehrsson,Persson,curated,,,,phrsn
Pehrsson,Peersen,curated,,,,phrsn
Pehrsson,Pärsson,curated,,,,phrsn
Pehrsson,Persen,curated,,,,phrsn
Pehrsson,Pärson,curated,,,,phrsn
Pehrsson,Pehrson,curated,,,,phrsn
Peitersen,Petersohn,curated,,,,ptrsn
Peitersen,Petterson,sounds,,,,ptrsn
Peitersen,Pettersen,sounds,,,,ptrsn
Peitersen,Pettersson,sounds,,,,ptrsn
Peitersen,Petterssen,sounds,,,,ptrsn
Peitersen,Peterson,sounds,,,,ptrsn
Peitersen,Pietersen,sounds,,,,ptrsn
Peitersen,Petersson,sounds,,,,ptrsn
Peitersen,Paterson,sounds,,,,ptrsn
Peitersen,Patterson,sounds,,,,ptrsn
Pekass,Pekkas,curated,HR,archive,Blažević,pks
Pekkas,Pekass,curated,,,,pks
PELAEZ,,,AR,archive,Lerena,plz
PELAEZ,,,ES,archive,Lerena,plz
PELAEZ,,,UY,archive,Lerena,plz
Pellagrini,PELLEGRINO,sounds,AU,archive,Mazza,plgrn
Pellagrini,PELLEGRINO,sounds,IT,archive,Mazza,plgrn
Pellagrini,PELLEGRINO,sounds,US,archive,Mazza,plgrn
PELLEGRINO,Pellagrini,sounds,IT,archive,Falco,plgrn
Pellone,Paulino,sounds,IT,archive,Falco,pln
Peng,Paeng,curated,,,,png
Peng,Phang,curated,,,,png
Peng,Pang,curated,,,,png
Peng,Pung,sounds,,,,png
Pennisi,PINESI,sounds,AU,archive,Mazza,pns
Pennisi,PINESI,sounds,IT,archive,Mazza,pns
Pennisi,PINESI,sounds,US,archive,Mazza,pns
PEPE,PAPA,sounds,IT,archive,Falco,pp
PEPE,POPPA,sounds,IT,archive,Falco,pp
PERCIAVILLO,,,IT,archive,Falco,prsvl
Peres,Pérez,curated,,,,prs
Peres,Peris,sounds,,,,prs
Peres,Pires,sounds,,,,prs
PERETTI,Pruitte,sounds,IT,archive,Falco,prt
PERETTI,Pruitt,sounds,IT,archive,Falco,prt
PERETTI,Pruit,sounds,IT,archive,Falco,prt
PERETTI,PERROTTA,sounds,IT,archive,Falco,prt
PERETTI,PORTE,sounds,IT,archive,Falco,prt
PERETTI,PUORTO,sounds,IT,archive,Falco,prt
Pérez,Peres,curated,,,,prz
Pérez,Peris,curated,,,,prz
Pérez,Pires,curated,,,,prz
Pérez,Peritz,curated,,,,prz
Pérez,Périz,curated,,,,prz
Perger,Berger,curated,,,,prr
Perger,PERRERA,sounds,,,,prr
Pergner,Bergmann,curated,,,,prgnr
Pergner,Bergen,curated,,,,prgnr
PERIGNANO,,,IT,archive,Falco,prgnn
Perina,PERINO,sounds,AU,archive,Mazza,prn
Perina,PERINO,sounds,IT,archive,Mazza,prn
Perina,PERINO,sounds,US,archive,Mazza,prn
Perina,PERRINO,sounds,AU,archive,Mazza,prn
Perina,PERRINO,sounds,IT,archive,Mazza,prn
Perina,PERRINO,sounds,US,archive,Mazza,prn
Perina,PERRONE,sounds,AU,archive,Mazza,prn
Perina,PERRONE,sounds,IT,archive,Mazza,prn
Perina,PERRONE,sounds,US,archive,Mazza,prn
Perina,PORRINO,sounds,AU,archive,Mazza,prn
Perina,PORRINO,sounds,IT,archive,Mazza,prn
Perina,PORRINO,sounds,US,archive,Mazza,prn
Perina,PRIGIONI,sounds,AU,archive,Mazza,prn
Perina,PRIGIONI,sounds,IT,archive,Mazza,prn
Perina,PRIGIONI,sounds,US,archive,Mazza,prn
PERINO,PERRINO,sounds,IT,archive,Falco,prn
PERINO,PERRONE,sounds,IT,archive,Falco,prn
PERINO,PORRINO,sounds,IT,archive,Falco,prn
PERINO,PRIGIONI,sounds,IT,archive,Falco,prn
PERINO,Perina,sounds,IT,archive,Falco,prn
Peris,Pérez,curated,,,,prs
Peris,Peres,sounds,,,,prs
Peris,Pires,sounds,,,,prs
Peritz,Pérez,curated,,,,prtz
Périz,Pérez,curated,,,,prz
Perkins,Perks,curated,,,,prkns
Perkins,Parkins,curated,,,,prkns
Perks,Perkins,curated,,,,prks
Perpić,Prpic,curated,HR,archive,Blažević,prpc
Perpić,Perpich,sounds,HR,archive,Blažević,prpc
Perpich,Perpić,sounds,HR,archive,Blažević,prpc
Perpich,Prpic,sounds,HR,archive,Blažević,prpc
PERRACIANO,Peerson,sounds,IT,archive,Falco,prsn
PERRACIANO,Person,sounds,IT,archive,Falco,prsn
PERRACIANO,Persson,sounds,IT,archive,Falco,prsn
PERRACIANO,Peersen,sounds,IT,archive,Falco,prsn
PERRACIANO,Pärsson,sounds,IT,archive,Falco,prsn
PERRACIANO,Persen,sounds,IT,archive,Falco,prsn
PERRACIANO,Pärson,sounds,IT,archive,Falco,prsn
PERRERA,Perger,sounds,IT,archive,Falco,prr
Perri,,,AU,archive,Mazza,pr
Perri,,,IT,archive,Mazza,pr
Perri,,,US,archive,Mazza,pr
PERRINO,PERINO,sounds,IT,archive,Falco,prn
PERRINO,PERRONE,sounds,IT,archive,Falco,prn
PERRINO,PORRINO,sounds,IT,archive,Falco,prn
PERRINO,PRIGIONI,sounds,IT,archive,Falco,prn
PERRINO,Perina,sounds,IT,archive,Falco,prn
PERRONE,PERINO,sounds,IT,archive,Falco,prn
PERRONE,PERRINO,sounds,IT,archive,Falco,prn
PERRONE,PORRINO,sounds,IT,archive,Falco,prn
PERRONE,PRIGIONI,sounds,IT,archive,Falco,prn
PERRONE,Perina,sounds,IT,archive,Falco,prn
PERROTTA,Pruitte,sounds,IT,archive,Falco,prt
PERROTTA,Pruitt,sounds,IT,archive,Falco,prt
PERROTTA,Pruit,sounds,IT,archive,Falco,prt
PERROTTA,PERETTI,sounds,IT,archive,Falco,prt
PERROTTA,PORTE,sounds,IT,archive,Falco,prt
PERROTTA,PUORTO,sounds,IT,archive,Falco,prt
Persen,Pehrsson,curated,,,,prsn
Persen,Peerson,sounds,,,,prsn
Persen,Person,sounds,,,,prsn
Persen,Persson,sounds,,,,prsn
Persen,Peersen,sounds,,,,prsn
Persen,Pärsson,sounds,,,,prsn
Persen,Pärson,sounds,,,,prsn
Persen,PERRACIANO,sounds,,,,prsn
Person,Pehrsson,curated,,,,prsn
Person,Peerson,sounds,,,,prsn
Person,Persson,sounds,,,,prsn
Person,Peersen,sounds,,,,prsn
Person,Pärsson,sounds,,,,prsn
Person,Persen,sounds,,,,prsn
Person,Pärson,sounds,,,,prsn
Person,PERRACIANO,sounds,,,,prsn
Persson,Pehrsson,curated,,,,prsn
Persson,Peerson,sounds,,,,prsn
Persson,Person,sounds,,,,prsn
Persson,Peersen,sounds,,,,prsn
Persson,Pärsson,sounds,,,,prsn
Persson,Persen,sounds,,,,prsn
Persson,Pärson,sounds,,,,prsn
Persson,PERRACIANO,sounds,,,,prsn
Pesce,Pusch,sounds,AU,archive,D'Arcy,ps
Pesce,Pusch,sounds,GB,archive,D'Arcy,ps
Pesce,Pusch,sounds,IE,archive,D'Arcy,ps
Pesce,Pusch,sounds,IT,archive,Falco,ps
Peters,Petri,curated,,,,ptrs
Peters,Peeters,curated,,,,ptrs
Peters,Petry,curated,,,,ptrs
Peters,Pieters,curated,,,,ptrs
Peters,Peaters,curated,,,,ptrs
Peters,Peterß,curated,,,,ptrs
Peters,Peterss,curated,,,,ptrs
Peters,Patrice,sounds,,,,ptrs
Peters,Patricio,sounds,,,,ptrs
Peters,Pieterse,sounds,,,,ptrs
Peters,Potters,sounds,,,,ptrs
Peters,Poetters,sounds,,,,ptrs
Petersohn,Peterson,curated,,,,ptrshn
Petersohn,Petersson,curated,,,,ptrshn
Petersohn,Pedersén,curated,,,,ptrshn
Petersohn,Peitersen,curated,,,,ptrshn
Peterson,Petterson,curated,,,,ptrsn
Peterson,Petersohn,curated,,,,ptrsn
Peterson,Pettersson,curated,,,,ptrsn
Peterson,Pettersen,sounds,,,,ptrsn
Peterson,Petterssen,sounds,,,,ptrsn
Peterson,Pietersen,sounds,,,,ptrsn
Peterson,Petersson,sounds,,,,ptrsn
Peterson,Peitersen,sounds,,,,ptrsn
Peterson,Paterson,sounds,,,,ptrsn
Peterson,Patterson,sounds,,,,ptrsn
Peterß,Peters,curated,,,,ptrs
Peterß,Patrice,sounds,,,,ptrs
Peterß,Patricio,sounds,,,,ptrs
Peterß,Pieterse,sounds,,,,ptrs
Peterß,Potters,sounds,,,,ptrs
Peterß,Poetters,sounds,,,,ptrs
Peterß,Peeters,sounds,,,,ptrs
Peterß,Pieters,sounds,,,,ptrs
Peterß,Peaters,sounds,,,,ptrs
Petersson,Petersohn,curated,,,,ptrsn
Petersson,Petterson,sounds,,,,ptrsn
Petersson,Pettersen,sounds,,,,ptrsn
Petersson,Pettersson,sounds,,,,ptrsn
Petersson,Petterssen,sounds,,,,ptrsn
Petersson,Peterson,sounds,,,,ptrsn
Petersson,Pietersen,sounds,,,,ptrsn
Petersson,Peitersen,sounds,,,,ptrsn
Petersson,Paterson,sounds,,,,ptrsn
Petersson,Patterson,sounds,,,,ptrsn
PETRASTELLA,,,IT,archive,Falco,ptrstl
PETRELLA,PETRILLO,sounds,IT,archive,Falco,ptrl
Petri,Peters,curated,,,,ptr
Petri,Pütter,sounds,,,,ptr
Petri,Potter,sounds,,,,ptr
Petri,Potier,sounds,,,,ptr
Petri,Poter,sounds,,,,ptr
Petri,Poetter,sounds,,,,ptr
Petri,Petry,sounds,,,,ptr
Petri,PITTARO,sounds,,,,ptr
Petriccione,,,IT,archive,Falco,ptrcsn
PETRILLO,PETRELLA,sounds,IT,archive,Falco,ptrl
Petrocca,,,AU,archive,Mazza,ptrc
Petrocca,,,IT,archive,Mazza,ptrc
Petrocca,,,US,archive,Mazza,ptrc
Petroff,Petrov,curated,,,,ptrf
Petronio,,,HR,archive,Blažević,ptrn
Petrov,Petrow,curated,,,,ptrv
Petrov,Petroff,curated,,,,ptrv
Petrov,Pyatrow,curated,,,,ptrv
Petrov,Pietrow,curated,,,,ptrv
Petrov,Petrovs,curated,,,,ptrv
Petrovs,Petrov,curated,,,,ptrvs
Petrow,Petrov,curated,,,,ptrv
Petrow,Pyatrow,sounds,,,,ptrv
Petrow,Pietrow,sounds,,,,ptrv
Petry,Peters,curated,,,,ptr
Petry,Pütter,sounds,,,,ptr
Petry,Potter,sounds,,,,ptr
Petry,Potier,sounds,,,,ptr
Petry,Poter,sounds,,,,ptr
Petry,Poetter,sounds,,,,ptr
Petry,Petri,sounds,,,,ptr
Petry,PITTARO,sounds,,,,ptr
Pettersen,Petterson,curated,,,,ptrsn
Pettersen,Pettersson,curated,,,,ptrsn
Pettersen,Petterssen,curated,,,,ptrsn
Pettersen,Peterson,sounds,,,,ptrsn
Pettersen,Pietersen,sounds,,,,ptrsn
Pettersen,Petersson,sounds,,,,ptrsn
Pettersen,Peitersen,sounds,,,,ptrsn
Pettersen,Paterson,sounds,,,,ptrsn
Pettersen,Patterson,sounds,,,,ptrsn
Petterson,Pettersen,curated,,,,ptrsn
Petterson,Pettersson,curated,,,,ptrsn
Petterson,Peterson,curated,,,,ptrsn
Petterson,Petterssen,curated,,,,ptrsn
Petterson,Pietersen,sounds,,,,ptrsn
Petterson,Petersson,sounds,,,,ptrsn
Petterson,Peitersen,sounds,,,,ptrsn
Petterson,Paterson,sounds,,,,ptrsn
Petterson,Patterson,sounds,,,,ptrsn
Petterssen,Pettersen,curated,,,,ptrsn
Petterssen,Petterson,curated,,,,ptrsn
Petterssen,Pettersson,curated,,,,ptrsn
Petterssen,Peterson,sounds,,,,ptrsn
Petterssen,Pietersen,sounds,,,,ptrsn
Petterssen,Petersson,sounds,,,,ptrsn
Petterssen,Peitersen,sounds,,,,ptrsn
Petterssen,Paterson,sounds,,,,ptrsn
Petterssen,Patterson,sounds,,,,ptrsn
Pettersson,Pettersen,curated,,,,ptrsn
Pettersson,Petterson,curated,,,,ptrsn
Pettersson,Peterson,curated,,,,ptrsn
Pettersson,Petterssen,curated,,,,ptrsn
Pettersson,Pietersen,sounds,,,,ptrsn
Pettersson,Petersson,sounds,,,,ptrsn
Pettersson,Peitersen,sounds,,,,ptrsn
Pettersson,Paterson,sounds,,,,ptrsn
Pettersson,Patterson,sounds,,,,ptrsn
Pfeifer,Pfeiffer,curated,,,,pffr
Pfeifer,Phifer,curated,,,,pffr
Pfeiffer,Pfeifer,curated,,,,pffr
Pfister,Becker,curated,,,,pfstr
Phang,Peng,curated,,,,fng
Phang,Phùng,sounds,,,,fng
Phang,Feng,sounds,,,,fng
Phang,Fung,sounds,,,,fng
Phang,Fong,sounds,,,,fng
Phelan,Whalen,curated,,,,fln
Phelps,Philipps,curated,,,,flps
Phelps,Phillips,sounds,,,,flps
Phelps,Philips,sounds,,,,flps
Phí,Fei,curated,,,,f
Phí,Fu,sounds,,,,f
Phí,Foo,sounds,,,,f
Phí,Fujii,sounds,,,,f
Phí,Phua,sounds,,,,f
Phí,Fa,sounds,,,,f
Phí,Fi,sounds,,,,f
Phifer,Pfeifer,curated,,,,ffr
Philippen,Phillips,curated,,,,flpn
Philippens,Phillips,curated,,,,flpns
Philipps,Phillips,curated,,,,flps
Philipps,Phelps,curated,,,,flps
Philipps,Philips,curated,,,,flps
Philips,Philipps,curated,,,,flps
Philips,Phillips,curated,,,,flps
Philips,Phelps,sounds,,,,flps
Philipsen,Philipson,curated,,,,flpsn
Philipsen,Filipsson,sounds,,,,flpsn
Philipsen,Phillipson,sounds,,,,flpsn
Philipsen,Phillipsen,sounds,,,,flpsn
Philipsen,Fillipsen,sounds,,,,flpsn
Philipson,Filipsson,curated,,,,flpsn
Philipson,Phillipson,curated,,,,flpsn
Philipson,Philipsen,curated,,,,flpsn
Philipson,Phillipsen,curated,,,,flpsn
Philipson,Fillipsen,curated,,,,flpsn
Phillips,Philipps,curated,,,,flps
Phillips,Philips,curated,,,,flps
Phillips,Filipp,curated,,,,flps
Phillips,Philippens,curated,,,,flps
Phillips,Philippen,curated,,,,flps
Phillips,Phelps,sounds,,,,flps
Phillipsen,Philipson,curated,,,,flpsn
Phillipsen,Filipsson,sounds,,,,flpsn
Phillipsen,Phillipson,sounds,,,,flpsn
Phillipsen,Philipsen,sounds,,,,flpsn
Phillipsen,Fillipsen,sounds,,,,flpsn
Phillipson,Philipson,curated,,,,flpsn
Phillipson,Filipsson,sounds,,,,flpsn
Phillipson,Philipsen,sounds,,,,flpsn
Phillipson,Phillipsen,sounds,,,,flpsn
Phillipson,Fillipsen,sounds,,,,flpsn
Phua,Pan,curated,,,,f
Phua,Fu,sounds,,,,f
Phua,Foo,sounds,,,,f
Phua,Fujii,sounds,,,,f
Phua,Fa,sounds,,,,f
Phua,Phí,sounds,,,,f
Phua,Fei,sounds,,,,f
Phua,Fi,sounds,,,,f
Phùng,Feng,curated,,,,fng
Phùng,Fung,sounds,,,,fng
Phùng,Fong,sounds,,,,fng
Phùng,Phang,sounds,,,,fng
Piao,Park,curated,,,,p
Piao,Pau,sounds,,,,p
Piao,Pueyo,sounds,,,,p
Piao,Puey,sounds,,,,p
Piao,Pu,sounds,,,,p
PICCHIETTO,PACCHIOTTI,sounds,IT,archive,Falco,pcst
PICCHIETTO,PACCHIUTO,sounds,IT,archive,Falco,pcst
PICCIRIELLO,,,IT,archive,Falco,pcsrl
PICCOLELLA,,,IT,archive,Falco,pcll
PICCOLO,,,IT,archive,Falco,pcl
Piekarz,Bäcker,curated,,,,pkrz
Pieters,Peters,curated,,,,ptrs
Pieters,Patrice,sounds,,,,ptrs
Pieters,Patricio,sounds,,,,ptrs
Pieters,Pieterse,sounds,,,,ptrs
Pieters,Potters,sounds,,,,ptrs
Pieters,Poetters,sounds,,,,ptrs
Pieters,Peeters,sounds,,,,ptrs
Pieters,Peaters,sounds,,,,ptrs
Pieters,Peterß,sounds,,,,ptrs
Pieterse,Pietersen,curated,,,,ptrs
Pieterse,Patrice,sounds,,,,ptrs
Pieterse,Patricio,sounds,,,,ptrs
Pieterse,Potters,sounds,,,,ptrs
Pieterse,Poetters,sounds,,,,ptrs
Pieterse,Peters,sounds,,,,ptrs
Pieterse,Peeters,sounds,,,,ptrs
Pieterse,Pieters,sounds,,,,ptrs
Pieterse,Peaters,sounds,,,,ptrs
Pieterse,Peterß,sounds,,,,ptrs
Pietersen,Pieterse,curated,,,,ptrsn
Pietersen,Petterson,sounds,,,,ptrsn
Pietersen,Pettersen,sounds,,,,ptrsn
Pietersen,Pettersson,sounds,,,,ptrsn
Pietersen,Petterssen,sounds,,,,ptrsn
Pietersen,Peterson,sounds,,,,ptrsn
Pietersen,Petersson,sounds,,,,ptrsn
Pietersen,Peitersen,sounds,,,,ptrsn
Pietersen,Paterson,sounds,,,,ptrsn
Pietersen,Patterson,sounds,,,,ptrsn
Pietrow,Petrov,curated,,,,ptrv
Pietrow,Petrow,sounds,,,,ptrv
Pietrow,Pyatrow,sounds,,,,ptrv
PIGNATELLI,,,IT,archive,Falco,pgntl
PILELLI,POLELLA,sounds,IT,archive,Falco,pll
Pilipić,,,HR,archive,Blažević,plpc
PINESI,Pennisi,sounds,IT,archive,Falco,pns
Pires,Pérez,curated,,,,prs
Pires,Peres,sounds,,,,prs
Pires,Peris,sounds,,,,prs
PISANI,PISANO,sounds,IT,archive,Falco,psn
PISANI,Pacino,sounds,IT,archive,Falco,psn
PISANO,PISANI,sounds,IT,archive,Falco,psn
PISANO,Pacino,sounds,IT,archive,Falco,psn
PISTILLI,,,IT,archive,Falco,pstl
PISTONE,,,IT,archive,Falco,pstn
PISTORE,,,IT,archive,Falco,pstr
Pistorius,Becker,curated,,,,pstrs
PITONE,Potten,sounds,IT,archive,Falco,ptn
PITTARO,Pütter,sounds,IT,archive,Falco,ptr
PITTARO,Potter,sounds,IT,archive,Falco,ptr
PITTARO,Potier,sounds,IT,archive,Falco,ptr
PITTARO,Poter,sounds,IT,archive,Falco,ptr
PITTARO,Poetter,sounds,IT,archive,Falco,ptr
PITTARO,Petri,sounds,IT,archive,Falco,ptr
PITTARO,Petry,sounds,IT,archive,Falco,ptr
PIZZA,PUZZO,sounds,IT,archive,Falco,pz
PIZZOLA,,,IT,archive,Falco,pzl
Plavsic,,,,,,plvsc
Pleasance,Pleasence,curated,,,,plsns
Pleasants,Pleasence,curated,,,,plsnts
Pleasence,Pleasance,curated,,,,plsns
Pleasence,Pleasants,curated,,,,plsns
Plesner,Plessner,curated,,,,plsnr
Plessner,Plesner,curated,,,,plsnr
Pobor,,,HR,archive,Blažević,pbr
Podder,Potter,curated,,,,pdr
Podder,Pudder,sounds,,,,pdr
Poetter,Potter,curated,,,,ptr
Poetter,Pütter,sounds,,,,ptr
Poetter,Potier,sounds,,,,ptr
Poetter,Poter,sounds,,,,ptr
Poetter,Petri,sounds,,,,ptr
Poetter,Petry,sounds,,,,ptr
Poetter,PITTARO,sounds,,,,ptr
Poetters,Potter,curated,,,,ptrs
Poetters,Patrice,sounds,,,,ptrs
Poetters,Patricio,sounds,,,,ptrs
Poetters,Pieterse,sounds,,,,ptrs
Poetters,Potters,sounds,,,,ptrs
Poetters,Peters,sounds,,,,ptrs
Poetters,Peeters,sounds,,,,ptrs
Poetters,Pieters,sounds,,,,ptrs
Poetters,Peaters,sounds,,,,ptrs
Poetters,Peterß,sounds,,,,ptrs
Poh,Fu,curated,,,,ph
Poh,Puah,sounds,,,,ph
Pohl,Paul,curated,,,,phl
Pohl,Pavel,curated,,,,phl
Pohl,Pool,curated,,,,phl
Pohl,Paulo,curated,,,,phl
Pohl,Poul,curated,,,,phl
Pohl,Paulino,curated,,,,phl
Pohl,Pohlmann,curated,,,,phl
Pohl,Pau,curated,,,,phl
Pohl,Pol,curated,,,,phl
Pohl,Pohle,curated,,,,phl
Pohl,van der Pol,curated,,,,phl
Pohle,Pohl,curated,,,,phl
Pohlmann,Pohl,curated,,,,phlmn
Pol,Pohl,curated,,,,pl
Pol,Paul,sounds,,,,pl
Pol,Pool,sounds,,,,pl
Pol,Paulo,sounds,,,,pl
Pol,Poul,sounds,,,,pl
Pol,PAOLI,sounds,,,,pl
Pol,Poleo,sounds,,,,pl
POLELLA,PILELLI,sounds,IT,archive,Falco,pll
Poleo,Paul,sounds,AU,archive,Mazza,pl
Poleo,Paul,sounds,IT,archive,Mazza,pl
Poleo,Paul,sounds,US,archive,Mazza,pl
Poleo,Pool,sounds,AU,archive,Mazza,pl
Poleo,Pool,sounds,IT,archive,Mazza,pl
Poleo,Pool,sounds,US,archive,Mazza,pl
Poleo,Paulo,sounds,AU,archive,Mazza,pl
Poleo,Paulo,sounds,IT,archive,Mazza,pl
Poleo,Paulo,sounds,US,archive,Mazza,pl
Poleo,Poul,sounds,AU,archive,Mazza,pl
Poleo,Poul,sounds,IT,archive,Mazza,pl
Poleo,Poul,sounds,US,archive,Mazza,pl
Poleo,Pol,sounds,AU,archive,Mazza,pl
Poleo,Pol,sounds,IT,archive,Mazza,pl
Poleo,Pol,sounds,US,archive,Mazza,pl
Poleo,PAOLI,sounds,AU,archive,Mazza,pl
Poleo,PAOLI,sounds,IT,archive,Mazza,pl
Poleo,PAOLI,sounds,US,archive,Mazza,pl
Polić,,,HR,archive,Blažević,plc
Polistena,,,AU,archive,Mazza,plstn
Polistena,,,IT,archive,Mazza,plstn
Polistena,,,US,archive,Mazza,plstn
Polito,PALOTTA,sounds,AU,archive,Mazza,plt
Polito,PALOTTA,sounds,IT,archive,Mazza,plt
Polito,PALOTTA,sounds,US,archive,Mazza,plt
Pollack,Pollak,curated,,,,plk
Pollak,Pollack,curated,,,,plk
Polonski,Polonsky,curated,,,,plnsk
Polonsky,Polonski,curated,,,,plnsk
POMARELLO,,,IT,archive,Falco,pmrl
PONTECELI,,,AR,archive,Lerena,pntsl
PONTECELI,,,ES,archive,Lerena,pntsl
PONTECELI,,,UY,archive,Lerena,pntsl
Pontillo,,,AU,archive,Mazza,pntl
Pontillo,,,IT,archive,Mazza,pntl
Pontillo,,,US,archive,Mazza,pntl
Pool,Pohl,curated,,,,pl
Pool,Paul,sounds,,,,pl
Pool,Paulo,sounds,,,,pl
Pool,Poul,sounds,,,,pl
Pool,Pol,sounds,,,,pl
Pool,PAOLI,sounds,,,,pl
Pool,Poleo,sounds,,,,pl
Poon,Pan,curated,,,,pn
Popoff,Popov,curated,,,,ppf
POPOLO,,,IT,archive,Falco,ppl
Popov,Popoff,curated,,,,ppv
Popov,Popow,curated,,,,ppv
Popov,Papov,curated,,,,ppv
Popow,Popov,curated,,,,ppv
Popow,Papov,sounds,,,,ppv
POPPA,PAPA,sounds,IT,archive,Falco,pp
POPPA,PEPE,sounds,IT,archive,Falco,pp
PORRINO,PERINO,sounds,IT,archive,Falco,prn
PORRINO,PERRINO,sounds,IT,archive,Falco,prn
PORRINO,PERRONE,sounds,IT,archive,Falco,prn
PORRINO,PRIGIONI,sounds,IT,archive,Falco,prn
PORRINO,Perina,sounds,IT,archive,Falco,prn
PORTE,Pruitte,sounds,IT,archive,Falco,prt
PORTE,Pruitt,sounds,IT,archive,Falco,prt
PORTE,Pruit,sounds,IT,archive,Falco,prt
PORTE,PERETTI,sounds,IT,archive,Falco,prt
PORTE,PERROTTA,sounds,IT,archive,Falco,prt
PORTE,PUORTO,sounds,IT,archive,Falco,prt
Porter,Portier,curated,AU,archive,Mazza,prtr
Porter,Portier,curated,IT,archive,Mazza,prtr
Porter,Portier,curated,US,archive,Mazza,prtr
Portier,Porter,curated,,,,prtr
Poter,Potter,curated,,,,ptr
Poter,Pütter,sounds,,,,ptr
Poter,Potier,sounds,,,,ptr
Poter,Poetter,sounds,,,,ptr
Poter,Petri,sounds,,,,ptr
Poter,Petry,sounds,,,,ptr
Poter,PITTARO,sounds,,,,ptr
Potier,Potter,curated,,,,ptr
Potier,Pütter,sounds,,,,ptr
Potier,Poter,sounds,,,,ptr
Potier,Poetter,sounds,,,,ptr
Potier,Petri,sounds,,,,ptr
Potier,Petry,sounds,,,,ptr
Potier,PITTARO,sounds,,,,ptr
Potočnjak,,,HR,archive,Blažević,ptcnk
Pott,Potten,curated,,,,pt
Pott,Potts,curated,,,,pt
Pott,Pöttmann,curated,,,,pt
Pott,Pottmann,curated,,,,pt
Potten,Pott,curated,,,,ptn
Potten,PITONE,sounds,,,,ptn
Potter,Pütter,curated,,,,ptr
Potter,Potier,curated,,,,ptr
Potter,Podder,curated,,,,ptr
Potter,Poter,curated,,,,ptr
Potter,Putter,curated,,,,ptr
Potter,Poetter,curated,,,,ptr
Potter,Potters,curated,,,,ptr
Potter,Pottker,curated,,,,ptr
Potter,Põdder,curated,,,,ptr
Potter,Poetters,curated,,,,ptr
Potter,Pöttner,curated,,,,ptr
Potter,Pöttker,curated,,,,ptr
Potter,Pöter,curated,,,,ptr
Potter,Petri,sounds,,,,ptr
Potter,Petry,sounds,,,,ptr
Potter,PITTARO,sounds,,,,ptr
Potters,Potter,curated,,,,ptrs
Potters,Patrice,sounds,,,,ptrs
Potters,Patricio,sounds,,,,ptrs
Potters,Pieterse,sounds,,,,ptrs
Potters,Poetters,sounds,,,,ptrs
Potters,Peters,sounds,,,,ptrs
Potters,Peeters,sounds,,,,ptrs
Potters,Pieters,sounds,,,,ptrs
Potters,Peaters,sounds,,,,ptrs
Potters,Peterß,sounds,,,,ptrs
Pottker,Potter,curated,,,,ptkr
Pöttmann,Pott,curated,,,,ptmn
Pöttner,Potter,curated,,,,ptnr
Pöttner,Pütter,curated,,,,ptnr
Potts,Pott,curated,,,,pts
Poul,Pohl,curated,,,,pl
Poul,Paul,sounds,,,,pl
Poul,Pool,sounds,,,,pl
Poul,Paulo,sounds,,,,pl
Poul,Pol,sounds,,,,pl
Poul,PAOLI,sounds,,,,pl
Poul,Poleo,sounds,,,,pl
Poulsen,Paulsen,curated,,,,plsn
Poulsen,Povlsen,curated,,,,plsn
Poulsen,Paulssen,curated,,,,plsn
Poulsen,Paulson,curated,,,,plsn
Poulsen,Paulsson,curated,,,,plsn
Poulsen,Poulsson,curated,,,,plsn
Poulsen,Povelsen,curated,,,,plsn
Poulsen,Påhlsson,curated,,,,plsn
Poulsen,Pålsson,sounds,,,,plsn
Poulsen,Paulussen,sounds,,,,plsn
Poulsson,Paulsen,curated,,,,plsn
Poulsson,Poulsen,curated,,,,plsn
Poulsson,Povlsen,curated,,,,plsn
Poulsson,Paulson,curated,,,,plsn
Poulsson,Paulssen,curated,,,,plsn
Poulsson,Paulsson,sounds,,,,plsn
Poulsson,Pålsson,sounds,,,,plsn
Poulsson,Paulussen,sounds,,,,plsn
Povelsen,Paulsen,curated,,,,pvlsn
Povelsen,Poulsen,curated,,,,pvlsn
Povelsen,Povlsen,curated,,,,pvlsn
Povelsen,Paulson,curated,,,,pvlsn
Povelsen,Paulssen,curated,,,,pvlsn
Povlsen,Paulsen,curated,,,,pvlsn
Povlsen,Poulsen,curated,,,,pvlsn
Povlsen,Paulson,curated,,,,pvlsn
Povlsen,Paulssen,curated,,,,pvlsn
Povlsen,Paulsson,curated,,,,pvlsn
Povlsen,Poulsson,curated,,,,pvlsn
Povlsen,Povelsen,curated,,,,pvlsn
Povlsen,Påhlsson,curated,,,,pvlsn
Powel,Powell,curated,,,,pvl
Powel,Pavel,sounds,,,,pvl
Powel,Pavol,sounds,,,,pvl
Powell,Powel,curated,,,,pvl
Powell,Pavel,sounds,,,,pvl
Powell,Pavol,sounds,,,,pvl
Presley,Pressler,curated,,,,prsl
Pressler,Presley,curated,,,,prslr
PRIGIONI,PERINO,sounds,IT,archive,Falco,prn
PRIGIONI,PERRINO,sounds,IT,archive,Falco,prn
PRIGIONI,PERRONE,sounds,IT,archive,Falco,prn
PRIGIONI,PORRINO,sounds,IT,archive,Falco,prn
PRIGIONI,Perina,sounds,IT,archive,Falco,prn
Procopio,,,AU,archive,Mazza,prcp
Procopio,,,IT,archive,Mazza,prcp
Procopio,,,US,archive,Mazza,prcp
Procter,Proctor,curated,,,,prctr
Proctor,Procter,curated,,,,prctr
Proll,,,,,,prl
Prostamo,,,AU,archive,Mazza,prstm
Prostamo,,,IT,archive,Falco; Mazza,prstm
Prostamo,,,US,archive,Mazza,prstm
Prostamo Di Maio,,,AU,archive,Mazza,prstm dm
Prostamo Di Maio,,,IT,archive,Mazza,prstm dm
Prostamo Di Maio,,,US,archive,Mazza,prstm dm
Provvidenza,,,AU,archive,Mazza,prvdnz
Provvidenza,,,IT,archive,Mazza,prvdnz
Provvidenza,,,US,archive,Mazza,prvdnz
Prpic,Perpić,curated,HR,archive,Blažević,prpc
Prpic,Perpic,curated,HR,archive,Blažević,prpc
Prpic,Perpich,sounds,HR,archive,Blažević,prpc
Prsimovich,,,HR,archive,Blažević,prsmvc
Pruit,Pruitt,curated,,,,prt
Pruit,Pruitte,sounds,,,,prt
Pruit,PERETTI,sounds,,,,prt
Pruit,PERROTTA,sounds,,,,prt
Pruit,PORTE,sounds,,,,prt
Pruit,PUORTO,sounds,,,,prt
Pruitt,Pruitte,curated,,,,prt
Pruitt,Pruit,curated,,,,prt
Pruitt,PERETTI,sounds,,,,prt
Pruitt,PERROTTA,sounds,,,,prt
Pruitt,PORTE,sounds,,,,prt
Pruitt,PUORTO,sounds,,,,prt
Pruitte,Pruitt,curated,,,,prt
Pruitte,Pruit,sounds,,,,prt
Pruitte,PERETTI,sounds,,,,prt
Pruitte,PERROTTA,sounds,,,,prt
Pruitte,PORTE,sounds,,,,prt
Pruitte,PUORTO,sounds,,,,prt
Prvan,,,HR,archive,Blažević,prvn
Prybylski,Przybylski,curated,,,,prblsk
Przybilski,Przybylski,curated,,,,przblsk
Przybilski,Przybylska,sounds,,,,przblsk
Przybylska,Przybylski,curated,,,,przblsk
Przybylska,Przybilski,sounds,,,,przblsk
Przybylski,Prybylski,curated,,,,przblsk
Przybylski,Przybylska,curated,,,,przblsk
Przybylski,Pschibilski,curated,,,,przblsk
Przybylski,Przybilski,curated,,,,przblsk
Pschibilski,Przybylski,curated,,,,psblsk
Pu,Bu,curated,,,,p
Pu,Piao,sounds,,,,p
Pu,Pau,sounds,,,,p
Pu,Pueyo,sounds,,,,p
Pu,Puey,sounds,,,,p
Puah,Pan,curated,,,,ph
Puah,Poh,sounds,,,,ph
Pudder,Pütter,curated,,,,pdr
Pudder,Podder,sounds,,,,pdr
Puey,Puig,curated,,,,p
Puey,Piao,sounds,,,,p
Puey,Pau,sounds,,,,p
Puey,Pueyo,sounds,,,,p
Puey,Pu,sounds,,,,p
Pueyo,Puig,curated,,,,p
Pueyo,Piao,sounds,,,,p
Pueyo,Pau,sounds,,,,p
Pueyo,Puey,sounds,,,,p
Pueyo,Pu,sounds,,,,p
PUGGIOLO,PUGLIA,sounds,IT,archive,Falco,pgl
PUGLIA,PUGGIOLO,sounds,IT,archive,Falco,pgl
Puig,Pueyo,curated,,,,pg
Puig,Puey,curated,,,,pg
Pung,Feng,curated,,,,png
Pung,Pang,sounds,,,,png
Pung,Paeng,sounds,,,,png
Pung,Peng,sounds,,,,png
PUORTO,Pruitte,sounds,IT,archive,Falco,prt
PUORTO,Pruitt,sounds,IT,archive,Falco,prt
PUORTO,Pruit,sounds,IT,archive,Falco,prt
PUORTO,PERETTI,sounds,IT,archive,Falco,prt
PUORTO,PERROTTA,sounds,IT,archive,Falco,prt
PUORTO,PORTE,sounds,IT,archive,Falco,prt
Pusch,Busch,curated,,,,ps
Pusch,Pesce,sounds,,,,ps
Pütsep,Püttsepp,curated,,,,ptsp
Pütter,Potter,curated,,,,ptr
Pütter,Pudder,curated,,,,ptr
Pütter,Pöttner,curated,,,,ptr
Pütter,Potier,sounds,,,,ptr
Pütter,Poter,sounds,,,,ptr
Pütter,Poetter,sounds,,,,ptr
Pütter,Petri,sounds,,,,ptr
Pütter,Petry,sounds,,,,ptr
Pütter,PITTARO,sounds,,,,ptr
Püttsepp,Pütsep,curated,,,,ptsp
PUZZO,PIZZA,sounds,IT,archive,Falco,pz
Pyatrow,Petrov,curated,,,,ptrv
Pyatrow,Petrow,sounds,,,,ptrv
Pyatrow,Pietrow,sounds,,,,ptrv
Qarayev,Karaev,curated,,,,qrv
Qayumov,Kayumov,curated,,,,qmv
Qi,Thích,curated,,,,q
Qi,Qiu,sounds,,,,q
Qi,Qiao,sounds,,,,q
Qian,Jeon,curated,,,,qn
Qian,Chin,curated,,,,qn
Qian,Chien,curated,,,,qn
Qian,Qiang,curated,,,,qn
Qiáng,Kang,curated,,,,qng
Qiáng,Qian,curated,,,,qng
Qiáng,Qīng,sounds,,,,qng
Qiao,Chiau,curated,,,,q
Qiao,Kiu,curated,,,,q
Qiao,Tiều,curated,,,,q
Qiao,Chiu,curated,,,,q
Qiao,Qiu,sounds,,,,q
Qiao,Qi,sounds,,,,q
Qīng,Ching,curated,,,,qng
Qīng,Qiáng,sounds,,,,qng
Qiu,Gu,curated,,,,q
Qiu,Qiao,sounds,,,,q
Qiu,Qi,sounds,,,,q
Qondyshev,Konyshev,curated,,,,qndshv
Qozoqov,Kazakov,curated,,,,qzqv
Quách,Guo,curated,,,,kc
Quách,Koch,sounds,,,,kc
Quaiuci,Xia,sounds,AU,archive,Mazza,ks
Quaiuci,Xia,sounds,IT,archive,Mazza,ks
Quaiuci,Xia,sounds,US,archive,Mazza,ks
Quaiuci,Xu,sounds,AU,archive,Mazza,ks
Quaiuci,Xu,sounds,IT,archive,Mazza,ks
Quaiuci,Xu,sounds,US,archive,Mazza,ks
Quaiuci,Xiao,sounds,AU,archive,Mazza,ks
Quaiuci,Xiao,sounds,IT,archive,Mazza,ks
Quaiuci,Xiao,sounds,US,archive,Mazza,ks
Quaiuci,Xie,sounds,AU,archive,Mazza,ks
Quaiuci,Xie,sounds,IT,archive,Mazza,ks
Quaiuci,Xie,sounds,US,archive,Mazza,ks
Quan,Jeon,curated,,,,kn
Quan,Kōno,sounds,,,,kn
Quan,Kaan,sounds,,,,kn
Quan,Kǎn,sounds,,,,kn
Quan,Kyeon,sounds,,,,kn
Quan,Quinn,sounds,,,,kn
Quan,Koen,sounds,,,,kn
Quentin,Quinn,curated,,,,kntn
Quentin,Quintin,sounds,,,,kntn
Quincey,Quinn,curated,,,,kns
Quinn,Quentin,curated,,,,kn
Quinn,Quintus,curated,,,,kn
Quinn,Quincey,curated,,,,kn
Quinn,Quintin,curated,,,,kn
Quinn,Kōno,sounds,,,,kn
Quinn,Kaan,sounds,,,,kn
Quinn,Kǎn,sounds,,,,kn
Quinn,Quan,sounds,,,,kn
Quinn,Kyeon,sounds,,,,kn
Quinn,Koen,sounds,,,,kn
Quinones,Quinonez,curated,,,,knns
Quinones,Quiñónez,curated,,,,knns
Quinones,Quiñonez,curated,,,,knns
Quinonez,Quiñones,curated,,,,knnz
Quintin,Quinn,curated,,,,kntn
Quintin,Quentin,sounds,,,,kntn
Quintus,Quinn,curated,,,,knts
QUOTOLO,,,IT,archive,Falco,ktl
Raab,Corvinus,curated,,,,rb
Raab,Rabe,curated,,,,rb
Raab,Raabe,curated,,,,rb
Raab,Raap,curated,,,,rb
Raab,Raaf,curated,,,,rb
Raab,Rob,sounds,,,,rb
Raab,Robi,sounds,,,,rb
Raabe,Raab,curated,,,,rb
Raabe,Rabe,sounds,,,,rb
Raabe,Rob,sounds,,,,rb
Raabe,Robi,sounds,,,,rb
Raaf,Raab,curated,,,,rf
Raaf,RAPHA,sounds,,,,rf
Raap,Raab,curated,,,,rp
Raap,RAPA,sounds,,,,rp
Rabe,Raab,curated,,,,rb
Rabe,Corvinus,curated,,,,rb
Rabe,Raabe,sounds,,,,rb
Rabe,Rob,sounds,,,,rb
Rabe,Robi,sounds,,,,rb
RACCA,Rich,sounds,IT,archive,Falco,rc
RACCA,Reich,sounds,IT,archive,Falco,rc
RACCA,Raich,sounds,IT,archive,Falco,rc
RACCA,RUOCCO,sounds,IT,archive,Falco,rc
Radchenko,Radtschenko,curated,,,,rdsnk
Radebe,Hadebe,curated,,,,rdb
Radford,Redford,curated,,,,rdfrd
Radin,Reddin,curated,,,,rdn
Radin,Riđan,sounds,,,,rdn
Radtschenko,Radchenko,curated,,,,rdtsnk
Rae,Ray,curated,,,,r
Rae,Raymond,curated,,,,r
Rae,Rey,sounds,,,,r
Rae,Re,sounds,,,,r
Rae,Rei,sounds,,,,r
Rae,Roi,sounds,,,,r
Rae,Ryu,sounds,,,,r
Rae,Roy,sounds,,,,r
Rae,Rui,sounds,,,,r
Rae,REGIE,sounds,,,,r
Rae,REGIO,sounds,,,,r
Rae,REJA,sounds,,,,r
RAFFAELLA,,,IT,archive,Falco,rfl
Raich,Reich,curated,,,,rc
Raich,Rich,sounds,,,,rc
Raich,RACCA,sounds,,,,rc
Raich,RUOCCO,sounds,,,,rc
Raimo,Raymond,curated,,,,rm
Raimo,Rimu,sounds,,,,rm
Raimo,Romeo,sounds,,,,rm
Raimo,Ramo,sounds,,,,rm
Raimo,Reima,sounds,,,,rm
Raimond,Ray,curated,,,,rmnd
Raimond,Raymond,curated,,,,rmnd
Raimond,Raimondo,sounds,,,,rmnd
Raimond,Reymond,sounds,,,,rmnd
Raimond,Raymundo,sounds,,,,rmnd
Raimond,Raimundo,sounds,,,,rmnd
Raimondo,Ray,curated,,,,rmnd
Raimondo,Raymond,curated,,,,rmnd
Raimondo,Raimond,sounds,,,,rmnd
Raimondo,Reymond,sounds,,,,rmnd
Raimondo,Raymundo,sounds,,,,rmnd
Raimondo,Raimundo,sounds,,,,rmnd
Raimundo,Raymond,curated,,,,rmnd
Raimundo,Raimondo,sounds,,,,rmnd
Raimundo,Raimond,sounds,,,,rmnd
Raimundo,Reymond,sounds,,,,rmnd
Raimundo,Raymundo,sounds,,,,rmnd
Raiti,Rot,sounds,AU,archive,Mazza,rt
Raiti,Rot,sounds,IT,archive,Mazza,rt
Raiti,Rot,sounds,US,archive,Mazza,rt
Raiti,Roth,sounds,AU,archive,Mazza,rt
Raiti,Roth,sounds,IT,archive,Mazza,rt
Raiti,Roth,sounds,US,archive,Mazza,rt
Raiti,RUOTI,sounds,AU,archive,Mazza,rt
Raiti,RUOTI,sounds,IT,archive,Mazza,rt
Raiti,RUOTI,sounds,US,archive,Mazza,rt
Rambošek,,,HR,archive,Blažević,rmbsk
Ramell,Ramelli,curated,,,,rml
Ramell,Ramella,sounds,,,,rml
Ramell,Ramello,sounds,,,,rml
Ramella,Ramelli,curated,,,,rml
Ramella,Ramello,sounds,,,,rml
Ramella,Ramell,sounds,,,,rml
Ramelli,Ramella,curated,,,,rml
Ramelli,Ramello,curated,,,,rml
Ramelli,Ramell,curated,,,,rml
Ramello,Ramelli,curated,,,,rml
Ramello,Ramella,sounds,,,,rml
Ramello,Ramell,sounds,,,,rml
Ramires,Ramírez,curated,,,,rmrs
Ramirez,Ramires,curated,,,,rmrz
Ramo,Ramos,curated,,,,rm
Ramo,Rimu,sounds,,,,rm
Ramo,Romeo,sounds,,,,rm
Ramo,Raimo,sounds,,,,rm
Ramo,Reima,sounds,,,,rm
Ramon,Raymond,curated,,,,rmn
Ramon,Reimann,sounds,,,,rmn
Ramon,Reyman,sounds,,,,rmn
Ramon,Reiman,sounds,,,,rmn
Ramon,Reymann,sounds,,,,rmn
Ramon,Raymon,sounds,,,,rmn
Ramon,ROMANO,sounds,,,,rmn
Ramon,ROMAN,sounds,,,,rmn
Ramos,Ramo,curated,,,,rms
Ramos,Romos,curated,,,,rms
Ramos,Remos,curated,,,,rms
Ramos,Ramsay,sounds,,,,rms
Ramos,Ramsey,sounds,,,,rms
Ramsay,Ramsey,curated,,,,rms
Ramsay,Ramos,sounds,,,,rms
Ramsay,Romos,sounds,,,,rms
Ramsay,Remos,sounds,,,,rms
Ramsey,Ramsay,curated,,,,rms
Ramsey,Ramos,sounds,,,,rms
Ramsey,Romos,sounds,,,,rms
Ramsey,Remos,sounds,,,,rms
RANI,Runau,sounds,IT,archive,Falco,rn
RANI,Rein,sounds,IT,archive,Falco,rn
RANI,RONNO,sounds,IT,archive,Falco,rn
RAPA,Raap,sounds,IT,archive,Falco,rp
RAPHA,Raaf,sounds,IT,archive,Falco,rf
Rascoe,Raško,curated,,,,rsc
Raško,Rascoe,curated,,,,rsk
Rasmusen,Rasmussen,curated,,,,rsmsn
Rasmusen,Rasmusson,sounds,,,,rsmsn
Rasmusen,Rasmuson,sounds,,,,rsmsn
Rasmuson,Rasmussen,curated,,,,rsmsn
Rasmuson,Rasmusson,sounds,,,,rsmsn
Rasmuson,Rasmusen,sounds,,,,rsmsn
Rasmussen,Rasmusson,curated,,,,rsmsn
Rasmussen,Rasmusen,curated,,,,rsmsn
Rasmussen,Rasmuson,curated,,,,rsmsn
Rasmusson,Rasmussen,curated,,,,rsmsn
Rasmusson,Rasmusen,sounds,,,,rsmsn
Rasmusson,Rasmuson,sounds,,,,rsmsn
RASPARELLA,,,IT,archive,Falco,rsprl
Rauker,,,HR,archive,Blažević,rkr
RAVENNA,,,IT,archive,Falco,rvn
Ray,Raymond,curated,,,,r
Ray,Rae,curated,,,,r
Ray,Raimondo,curated,,,,r
Ray,Raimond,curated,,,,r
Ray,Redmond,curated,,,,r
Ray,Rey,sounds,,,,r
Ray,Re,sounds,,,,r
Ray,Rei,sounds,,,,r
Ray,Roi,sounds,,,,r
Ray,Ryu,sounds,,,,r
Ray,Roy,sounds,,,,r
Ray,Rui,sounds,,,,r
Ray,REGIE,sounds,,,,r
Ray,REGIO,sounds,,,,r
Ray,REJA,sounds,,,,r
Rayment,Raymond,curated,,,,rmnt
Raymon,Raymond,curated,,,,rmn
Raymon,Reimann,sounds,,,,rmn
Raymon,Reyman,sounds,,,,rmn
Raymon,Reiman,sounds,,,,rmn
Raymon,Reymann,sounds,,,,rmn
Raymon,Ramon,sounds,,,,rmn
Raymon,ROMANO,sounds,,,,rmn
Raymon,ROMAN,sounds,,,,rmn
Raymond,Ray,curated,,,,rmnd
Raymond,Rayment,curated,,,,rmnd
Raymond,Rae,curated,,,,rmnd
Raymond,Raimondo,curated,,,,rmnd
Raymond,Raimond,curated,,,,rmnd
Raymond,Redmond,curated,,,,rmnd
Raymond,Ramon,curated,,,,rmnd
Raymond,Reymond,curated,,,,rmnd
Raymond,Raymon,curated,,,,rmnd
Raymond,Raymundo,curated,,,,rmnd
Raymond,Raimundo,curated,,,,rmnd
Raymond,Raimo,curated,,,,rmnd
Raymond,Ramón,curated,,,,rmnd
Raymond,Reima,curated,,,,rmnd
Raymundo,Raymond,curated,,,,rmnd
Raymundo,Raimondo,sounds,,,,rmnd
Raymundo,Raimond,sounds,,,,rmnd
Raymundo,Reymond,sounds,,,,rmnd
Raymundo,Raimundo,sounds,,,,rmnd
Re,Rey,curated,,,,r
Re,King,curated,,,,r
Re,König,curated,,,,r
Re,Rei,sounds,,,,r
Re,Roi,sounds,,,,r
Re,Ryu,sounds,,,,r
Re,Ray,sounds,,,,r
Re,Rae,sounds,,,,r
Re,Roy,sounds,,,,r
Re,Rui,sounds,,,,r
Re,REGIE,sounds,,,,r
Re,REGIO,sounds,,,,r
Re,REJA,sounds,,,,r
Read,Reed,curated,,,,rd
Read,Rood,sounds,,,,rd
Read,Redd,sounds,,,,rd
Read,Reade,sounds,,,,rd
Read,Reid,sounds,,,,rd
Read,Red,sounds,,,,rd
Reade,Reed,curated,,,,rd
Reade,Rood,sounds,,,,rd
Reade,Read,sounds,,,,rd
Reade,Redd,sounds,,,,rd
Reade,Reid,sounds,,,,rd
Reade,Red,sounds,,,,rd
Reategui,Larreategui,curated,,,,rtg
Rebello,Rebelo,curated,,,,rbl
Rebelo,Rebello,curated,,,,rbl
RECCHINO,,,IT,archive,Falco,rcsn
RECUERO,,,AR,archive,Lerena,rcr
RECUERO,,,ES,archive,Lerena,rcr
RECUERO,,,UY,archive,Lerena,rcr
Red,Reed,curated,,,,rd
Red,Rood,sounds,,,,rd
Red,Read,sounds,,,,rd
Red,Redd,sounds,,,,rd
Red,Reade,sounds,,,,rd
Red,Reid,sounds,,,,rd
Redd,Reed,curated,,,,rd
Redd,Rood,sounds,,,,rd
Redd,Read,sounds,,,,rd
Redd,Reade,sounds,,,,rd
Redd,Reid,sounds,,,,rd
Redd,Red,sounds,,,,rd
Reddin,Radin,curated,,,,rdn
Reddin,Riđan,sounds,,,,rdn
Redford,Radford,curated,,,,rdfrd
Redmond,Ray,curated,,,,rdmnd
Redmond,Raymond,curated,,,,rdmnd
Reed,Read,curated,,,,rd
Reed,Redd,curated,,,,rd
Reed,Reade,curated,,,,rd
Reed,Reid,curated,,,,rd
Reed,Red,curated,,,,rd
Reed,Rood,sounds,,,,rd
REFETELLI,,,IT,archive,Falco,rftl
Regan,,,AU,archive,D'Arcy,rgn
Regan,,,GB,archive,D'Arcy,rgn
Regan,,,IE,archive,D'Arcy,rgn
REGGIA,Rygg,sounds,IT,archive,Falco,rg
REGGIA,Rygh,sounds,IT,archive,Falco,rg
REGGIA,Rigg,sounds,IT,archive,Falco,rg
REGGIA,REGGIO,sounds,IT,archive,Falco,rg
REGGIA,RIGGIO,sounds,IT,archive,Falco,rg
REGGIA,RUGGI,sounds,IT,archive,Falco,rg
REGGIA,RUGGO,sounds,IT,archive,Falco,rg
REGGIO,Rygg,sounds,IT,archive,Falco,rg
REGGIO,Rygh,sounds,IT,archive,Falco,rg
REGGIO,Rigg,sounds,IT,archive,Falco,rg
REGGIO,REGGIA,sounds,IT,archive,Falco,rg
REGGIO,RIGGIO,sounds,IT,archive,Falco,rg
REGGIO,RUGGI,sounds,IT,archive,Falco,rg
REGGIO,RUGGO,sounds,IT,archive,Falco,rg
REGIE,Rey,sounds,IT,archive,Falco,r
REGIE,Re,sounds,IT,archive,Falco,r
REGIE,Rei,sounds,IT,archive,Falco,r
REGIE,Roi,sounds,IT,archive,Falco,r
REGIE,Ryu,sounds,IT,archive,Falco,r
REGIE,Ray,sounds,IT,archive,Falco,r
REGIE,Rae,sounds,IT,archive,Falco,r
REGIE,Roy,sounds,IT,archive,Falco,r
REGIE,Rui,sounds,IT,archive,Falco,r
REGIE,REGIO,sounds,IT,archive,Falco,r
REGIE,REJA,sounds,IT,archive,Falco,r
REGIO,Rey,sounds,IT,archive,Falco,r
REGIO,Re,sounds,IT,archive,Falco,r
REGIO,Rei,sounds,IT,archive,Falco,r
REGIO,Roi,sounds,IT,archive,Falco,r
REGIO,Ryu,sounds,IT,archive,Falco,r
REGIO,Ray,sounds,IT,archive,Falco,r
REGIO,Rae,sounds,IT,archive,Falco,r
REGIO,Roy,sounds,IT,archive,Falco,r
REGIO,Rui,sounds,IT,archive,Falco,r
REGIO,REGIE,sounds,IT,archive,Falco,r
REGIO,REJA,sounds,IT,archive,Falco,r
REGISTER,Rossiter,sounds,IT,archive,Falco,rstr
Rehor,Gregory,curated,,,,rhr
Rei,Rey,curated,,,,r
Rei,King,curated,,,,r
Rei,König,curated,,,,r
Rei,Re,sounds,,,,r
Rei,Roi,sounds,,,,r
Rei,Ryu,sounds,,,,r
Rei,Ray,sounds,,,,r
Rei,Rae,sounds,,,,r
Rei,Roy,sounds,,,,r
Rei,Rui,sounds,,,,r
Rei,REGIE,sounds,,,,r
Rei,REGIO,sounds,,,,r
Rei,REJA,sounds,,,,r
Reich,Rich,curated,,,,rc
Reich,Reiche,curated,,,,rc
Reich,Raich,curated,,,,rc
Reich,RACCA,sounds,,,,rc
Reich,RUOCCO,sounds,,,,rc
Reiche,Reich,curated,,,,rs
Reiche,Rosa,sounds,,,,rs
Reiche,Rose,sounds,,,,rs
Reiche,Roos,sounds,,,,rs
Reiche,Russo,sounds,,,,rs
Reiche,RISO,sounds,,,,rs
Reiche,ROSSI,sounds,,,,rs
Reid,Reed,curated,IT,archive,Falco,rd
Reid,Rood,sounds,IT,archive,Falco,rd
Reid,Read,sounds,IT,archive,Falco,rd
Reid,Redd,sounds,IT,archive,Falco,rd
Reid,Reade,sounds,IT,archive,Falco,rd
Reid,Red,sounds,IT,archive,Falco,rd
Reima,Raymond,curated,,,,rm
Reima,Rimu,sounds,,,,rm
Reima,Romeo,sounds,,,,rm
Reima,Ramo,sounds,,,,rm
Reima,Raimo,sounds,,,,rm
Reiman,Reimann,curated,,,,rmn
Reiman,Reyman,sounds,,,,rmn
Reiman,Reymann,sounds,,,,rmn
Reiman,Ramon,sounds,,,,rmn
Reiman,Raymon,sounds,,,,rmn
Reiman,ROMANO,sounds,,,,rmn
Reiman,ROMAN,sounds,,,,rmn
Reimann,Reinman,curated,,,,rmn
Reimann,Reyman,curated,,,,rmn
Reimann,Reiman,curated,,,,rmn
Reimann,Reymann,curated,,,,rmn
Reimann,Ramon,sounds,,,,rmn
Reimann,Raymon,sounds,,,,rmn
Reimann,ROMANO,sounds,,,,rmn
Reimann,ROMAN,sounds,,,,rmn
Rein,Reinking,curated,,,,rn
Rein,Runau,sounds,,,,rn
Rein,RANI,sounds,,,,rn
Rein,RONNO,sounds,,,,rn
Reinke,Reinking,curated,,,,rnk
Reinking,Rein,curated,,,,rnkng
Reinking,Reinke,curated,,,,rnkng
Reinman,Reimann,curated,,,,rnmn
Reiter,Reiters,curated,,,,rtr
Reiter,Reuter,curated,,,,rtr
Reiter,Reutter,curated,,,,rtr
Reiter,Rytter,sounds,,,,rtr
Reiter,Ritter,sounds,,,,rtr
Reiters,Reiter,curated,,,,rtrs
REJA,Rey,sounds,IT,archive,Falco,r
REJA,Re,sounds,IT,archive,Falco,r
REJA,Rei,sounds,IT,archive,Falco,r
REJA,Roi,sounds,IT,archive,Falco,r
REJA,Ryu,sounds,IT,archive,Falco,r
REJA,Ray,sounds,IT,archive,Falco,r
REJA,Rae,sounds,IT,archive,Falco,r
REJA,Roy,sounds,IT,archive,Falco,r
REJA,Rui,sounds,IT,archive,Falco,r
REJA,REGIE,sounds,IT,archive,Falco,r
REJA,REGIO,sounds,IT,archive,Falco,r
Remos,Ramos,curated,,,,rms
Remos,Romos,sounds,,,,rms
Remos,Ramsay,sounds,,,,rms
Remos,Ramsey,sounds,,,,rms
Renard,Fox,curated,,,,rnrd
Reuter,Reiter,curated,,,,rtr
Reuter,Reutter,sounds,,,,rtr
Reuter,Rytter,sounds,,,,rtr
Reuter,Ritter,sounds,,,,rtr
Reutter,Reiter,curated,,,,rtr
Reutter,Reuter,sounds,,,,rtr
Reutter,Rytter,sounds,,,,rtr
Reutter,Ritter,sounds,,,,rtr
Rexrodt,Rexroth,curated,,,,rksrdt
Rexroth,Rexrodt,curated,,,,rksrt
Rey,King,curated,,,,r
Rey,König,curated,,,,r
Rey,Re,curated,,,,r
Rey,Koning,curated,,,,r
Rey,Rei,curated,,,,r
Rey,Roi,curated,,,,r
Rey,de Rey,curated,,,,r
Rey,Ryu,sounds,,,,r
Rey,Ray,sounds,,,,r
Rey,Rae,sounds,,,,r
Rey,Roy,sounds,,,,r
Rey,Rui,sounds,,,,r
Rey,REGIE,sounds,,,,r
Rey,REGIO,sounds,,,,r
Rey,REJA,sounds,,,,r
Reyman,Reimann,curated,,,,rmn
Reyman,Reiman,sounds,,,,rmn
Reyman,Reymann,sounds,,,,rmn
Reyman,Ramon,sounds,,,,rmn
Reyman,Raymon,sounds,,,,rmn
Reyman,ROMANO,sounds,,,,rmn
Reyman,ROMAN,sounds,,,,rmn
Reymann,Reimann,curated,,,,rmn
Reymann,Reyman,sounds,,,,rmn
Reymann,Reiman,sounds,,,,rmn
Reymann,Ramon,sounds,,,,rmn
Reymann,Raymon,sounds,,,,rmn
Reymann,ROMANO,sounds,,,,rmn
Reymann,ROMAN,sounds,,,,rmn
Reymond,Raymond,curated,,,,rmnd
Reymond,Raimondo,sounds,,,,rmnd
Reymond,Raimond,sounds,,,,rmnd
Reymond,Raymundo,sounds,,,,rmnd
Reymond,Raimundo,sounds,,,,rmnd
Rhode,Rohde,curated,,,,rhd
RI[GN]ITELLO,,,IT,archive,Falco,rgntl
RI[V]ETTI,Rivetti,sounds,IT,archive,Falco,rvt
RI[V]ETTI,Rivotti,sounds,IT,archive,Falco,rvt
RI[V]ETTI,RIVETTA,sounds,IT,archive,Falco,rvt
RI[V]ETTI,RIVIETTO,sounds,IT,archive,Falco,rvt
RICCARDO,Richard,sounds,IT,archive,Falco,rcrd
Ricci,RICCI[O],sounds,IT,archive,Falco,rcs
RICCI[O],Ricci,sounds,IT,archive,Falco,rcs
Rich,Reich,curated,,,,rc
Rich,Raich,sounds,,,,rc
Rich,RACCA,sounds,,,,rc
Rich,RUOCCO,sounds,,,,rc
Richard,Richards,curated,,,,rcrd
Richard,RICCARDO,sounds,,,,rcrd
Richards,Richardson,curated,AU,archive,D'Arcy,rcrds
Richards,Richardson,curated,GB,archive,D'Arcy,rcrds
Richards,Richardson,curated,IE,archive,D'Arcy,rcrds
Richards,Richard,curated,AU,archive,D'Arcy,rcrds
Richards,Richard,curated,GB,archive,D'Arcy,rcrds
Richards,Richard,curated,IE,archive,D'Arcy,rcrds
Richardsen,Richardson,curated,,,,rcrdsn
Richardsen,Richardsson,sounds,,,,rcrdsn
Richardson,Richards,curated,,,,rcrdsn
Richardson,Rickardsson,curated,,,,rcrdsn
Richardson,Richardsson,curated,,,,rcrdsn
Richardson,Richardsen,curated,,,,rcrdsn
Richardson,Rikardsen,curated,,,,rcrdsn
Richardson,Richardtson,curated,,,,rcrdsn
Richardsson,Richardson,curated,,,,rcrdsn
Richardsson,Richardsen,sounds,,,,rcrdsn
Richardtson,Richardson,curated,,,,rcrdtsn
Rick,Ricks,curated,,,,rk
Rick,ROQUE,sounds,,,,rk
Rickardsson,Richardson,curated,,,,rkrdsn
Rickardsson,Rikardsen,sounds,,,,rkrdsn
Ricken,Ricks,curated,,,,rkn
Rickens,Ricks,curated,,,,rkns
Ricking,Ricks,curated,,,,rkng
Rickmann,Ricks,curated,,,,rkmn
Ricks,Rix,curated,,,,rks
Ricks,Rieks,curated,,,,rks
Ricks,Riecks,curated,,,,rks
Ricks,Rixen,curated,,,,rks
Ricks,Rickens,curated,,,,rks
Ricks,Ricken,curated,,,,rks
Ricks,Rick,curated,,,,rks
Ricks,Ricksen,curated,,,,rks
Ricks,Rickmann,curated,,,,rks
Ricks,Ricking,curated,,,,rks
Ricksen,Ricks,curated,,,,rksn
Ricksen,Rixen,sounds,,,,rksn
Riđan,Reddin,sounds,HR,archive,Blažević,rdn
Riđan,Radin,sounds,HR,archive,Blažević,rdn
Ridter,Ritter,curated,,,,rdtr
Riecks,Ricks,curated,,,,rks
Riecks,Rix,sounds,,,,rks
Riecks,Rieks,sounds,,,,rks
Rieger,Rüdiger,curated,,,,rr
Rieger,Rüger,curated,,,,rr
Rieger,Roger,sounds,,,,rr
Riehme,oar,curated,,,,rhm
Rieks,Ricks,curated,,,,rks
Rieks,Rix,sounds,,,,rks
Rieks,Riecks,sounds,,,,rks
RIFFANTE,,,IT,archive,Falco,rfnt
RIGATELLA,,,IT,archive,Falco,rgtl
Rigg,Riggs,curated,,,,rg
Rigg,Rygg,sounds,,,,rg
Rigg,Rygh,sounds,,,,rg
Rigg,REGGIA,sounds,,,,rg
Rigg,REGGIO,sounds,,,,rg
Rigg,RIGGIO,sounds,,,,rg
Rigg,RUGGI,sounds,,,,rg
Rigg,RUGGO,sounds,,,,rg
RIGGIO,Rygg,sounds,IT,archive,Falco,rg
RIGGIO,Rygh,sounds,IT,archive,Falco,rg
RIGGIO,Rigg,sounds,IT,archive,Falco,rg
RIGGIO,REGGIA,sounds,IT,archive,Falco,rg
RIGGIO,REGGIO,sounds,IT,archive,Falco,rg
RIGGIO,RUGGI,sounds,IT,archive,Falco,rg
RIGGIO,RUGGO,sounds,IT,archive,Falco,rg
Riggs,Rigg,curated,,,,rgs
Rikardsen,Richardson,curated,,,,rkrdsn
Rikardsen,Rickardsson,sounds,,,,rkrdsn
Rimu,Hayashi,curated,,,,rm
Rimu,Romeo,sounds,,,,rm
Rimu,Ramo,sounds,,,,rm
Rimu,Raimo,sounds,,,,rm
Rimu,Reima,sounds,,,,rm
RISO,Rosa,sounds,IT,archive,Falco,rs
RISO,Rose,sounds,IT,archive,Falco,rs
RISO,Roos,sounds,IT,archive,Falco,rs
RISO,Reiche,sounds,IT,archive,Falco,rs
RISO,Russo,sounds,IT,archive,Falco,rs
RISO,ROSSI,sounds,IT,archive,Falco,rs
Ritter,Rytter,curated,,,,rtr
Ritter,Ridter,curated,,,,rtr
Ritter,Reiter,sounds,,,,rtr
Ritter,Reuter,sounds,,,,rtr
Ritter,Reutter,sounds,,,,rtr
RIVENDOLO,,,IT,archive,Falco,rvndl
RIVERA,RIVERO,sounds,AR,archive,Lerena,rvr
RIVERA,RIVERO,sounds,ES,archive,Lerena,rvr
RIVERA,RIVERO,sounds,UY,archive,Lerena,rvr
RIVERO,RIVERA,sounds,AR,archive,Lerena,rvr
RIVERO,RIVERA,sounds,ES,archive,Lerena,rvr
RIVERO,RIVERA,sounds,UY,archive,Lerena,rvr
RIVETTA,Rivetti,sounds,IT,archive,Falco,rvt
RIVETTA,Rivotti,sounds,IT,archive,Falco,rvt
RIVETTA,RIVIETTO,sounds,IT,archive,Falco,rvt
RIVETTA,RI[V]ETTI,sounds,IT,archive,Falco,rvt
Rivetti,Rivotti,curated,AU,archive,D'Arcy,rvt
Rivetti,Rivotti,curated,GB,archive,D'Arcy,rvt
Rivetti,Rivotti,curated,IE,archive,D'Arcy,rvt
Rivetti,Rivotti,curated,IT,archive,Falco,rvt
Rivetti,RIVETTA,sounds,AU,archive,D'Arcy,rvt
Rivetti,RIVETTA,sounds,GB,archive,D'Arcy,rvt
Rivetti,RIVETTA,sounds,IE,archive,D'Arcy,rvt
Rivetti,RIVETTA,sounds,IT,archive,Falco,rvt
Rivetti,RIVIETTO,sounds,AU,archive,D'Arcy,rvt
Rivetti,RIVIETTO,sounds,GB,archive,D'Arcy,rvt
Rivetti,RIVIETTO,sounds,IE,archive,D'Arcy,rvt
Rivetti,RIVIETTO,sounds,IT,archive,Falco,rvt
Rivetti,RI[V]ETTI,sounds,AU,archive,D'Arcy,rvt
Rivetti,RI[V]ETTI,sounds,GB,archive,D'Arcy,rvt
Rivetti,RI[V]ETTI,sounds,IE,archive,D'Arcy,rvt
Rivetti,RI[V]ETTI,sounds,IT,archive,Falco,rvt
RIVIETTO,Rivetti,sounds,IT,archive,Falco,rvt
RIVIETTO,Rivotti,sounds,IT,archive,Falco,rvt
RIVIETTO,RIVETTA,sounds,IT,archive,Falco,rvt
RIVIETTO,RI[V]ETTI,sounds,IT,archive,Falco,rvt
Rivosecchi,,,HR,archive,Blažević,rvscs
Rivotti,Rivetti,curated,IT,archive,Falco,rvt
Rivotti,RIVETTA,sounds,IT,archive,Falco,rvt
Rivotti,RIVIETTO,sounds,IT,archive,Falco,rvt
Rivotti,RI[V]ETTI,sounds,IT,archive,Falco,rvt
Rix,Ricks,curated,,,,rks
Rix,Rieks,sounds,,,,rks
Rix,Riecks,sounds,,,,rks
Rixen,Ricks,curated,,,,rksn
Rixen,Ricksen,sounds,,,,rksn
RIZZO,Roza,sounds,IT,archive,Falco,rz
RIZZO,RUIZ,sounds,IT,archive,Falco,rz
Rob,Robert,curated,,,,rb
Rob,Raab,sounds,,,,rb
Rob,Rabe,sounds,,,,rb
Rob,Raabe,sounds,,,,rb
Rob,Robi,sounds,,,,rb
Robarts,Roberts,curated,,,,rbrts
Robarts,Robertus,sounds,,,,rbrts
Robert,Roberts,curated,,,,rbrt
Robert,Rob,curated,,,,rbrt
Robert,Bob,curated,,,,rbrt
Robert,Roberto,curated,,,,rbrt
Robert,Rubert,curated,,,,rbrt
Robert,Robi,curated,,,,rbrt
Roberto,Roberts,curated,,,,rbrt
Roberto,Robert,curated,,,,rbrt
Roberto,Rubert,sounds,,,,rbrt
Roberts,Robert,curated,,,,rbrts
Roberts,Roberto,curated,,,,rbrts
Roberts,Bert,curated,,,,rbrts
Roberts,Robarts,curated,,,,rbrts
Roberts,Robertus,curated,,,,rbrts
Roberts,Robrecht,curated,,,,rbrts
Robertsen,Robertson,curated,,,,rbrtsn
Robertsen,Robertsson,sounds,,,,rbrtsn
Robertson,Robertsen,curated,,,,rbrtsn
Robertson,Robertsson,curated,,,,rbrtsn
Robertsson,Robertson,curated,,,,rbrtsn
Robertsson,Robertsen,sounds,,,,rbrtsn
Robertus,Roberts,curated,,,,rbrts
Robertus,Robarts,sounds,,,,rbrts
Robi,Robert,curated,,,,rb
Robi,Raab,sounds,,,,rb
Robi,Rabe,sounds,,,,rb
Robi,Raabe,sounds,,,,rb
Robi,Rob,sounds,,,,rb
Robinet,Robinette,curated,,,,rbnt
Robinet,Robinett,sounds,,,,rbnt
Robinett,Robinette,curated,,,,rbnt
Robinett,Robinet,sounds,,,,rbnt
Robinette,Robinett,curated,,,,rbnt
Robinette,Robinet,curated,,,,rbnt
Robrecht,Roberts,curated,,,,rbrct
ROCCHETTA,,,IT,archive,Falco,rcst
Rodrigues,Rodríguez,curated,,,,rdrgs
Rodríguez,Rodrigues,curated,AR,archive,Lerena,rdrgz
Rodríguez,Rodrigues,curated,ES,archive,Lerena,rdrgz
Rodríguez,Rodrigues,curated,UY,archive,Lerena,rdrgz
Roger,Usman,curated,,,,rr
Roger,Rieger,sounds,,,,rr
Roger,Rüger,sounds,,,,rr
Rohde,Rood,curated,,,,rhd
Rohde,Rhode,curated,,,,rhd
Rohlof,Rudloff,curated,,,,rhlf
Rohlof,Rohloff,sounds,,,,rhlf
Rohlof,Ruhloff,sounds,,,,rhlf
Rohloff,Rudloff,curated,,,,rhlf
Rohloff,Rohlof,sounds,,,,rhlf
Rohloff,Ruhloff,sounds,,,,rhlf
Roi,Rey,curated,,,,r
Roi,King,curated,,,,r
Roi,König,curated,,,,r
Roi,Re,sounds,,,,r
Roi,Rei,sounds,,,,r
Roi,Ryu,sounds,,,,r
Roi,Ray,sounds,,,,r
Roi,Rae,sounds,,,,r
Roi,Roy,sounds,,,,r
Roi,Rui,sounds,,,,r
Roi,REGIE,sounds,,,,r
Roi,REGIO,sounds,,,,r
Roi,REJA,sounds,,,,r
Rokeby,,,AU,archive,D'Arcy,rkb
Rokeby,,,GB,archive,D'Arcy,rkb
Rokeby,,,IE,archive,D'Arcy,rkb
Rolf,Rudloff,curated,,,,rlf
Rolf,Roloff,sounds,,,,rlf
Rolf,Rolof,sounds,,,,rlf
Rolf,Ruloff,sounds,,,,rlf
Rolof,Rudloff,curated,,,,rlf
Rolof,Roloff,sounds,,,,rlf
Rolof,Rolf,sounds,,,,rlf
Rolof,Ruloff,sounds,,,,rlf
Roloff,Rudloff,curated,,,,rlf
Roloff,Rolf,sounds,,,,rlf
Roloff,Rolof,sounds,,,,rlf
Roloff,Ruloff,sounds,,,,rlf
Rolofs,Rudloff,curated,,,,rlfs
ROMAN,Reimann,sounds,AR,archive,Lerena,rmn
ROMAN,Reimann,sounds,ES,archive,Lerena,rmn
ROMAN,Reimann,sounds,UY,archive,Lerena,rmn
ROMAN,Reyman,sounds,AR,archive,Lerena,rmn
ROMAN,Reyman,sounds,ES,archive,Lerena,rmn
ROMAN,Reyman,sounds,UY,archive,Lerena,rmn
ROMAN,Reiman,sounds,AR,archive,Lerena,rmn
ROMAN,Reiman,sounds,ES,archive,Lerena,rmn
ROMAN,Reiman,sounds,UY,archive,Lerena,rmn
ROMAN,Reymann,sounds,AR,archive,Lerena,rmn
ROMAN,Reymann,sounds,ES,archive,Lerena,rmn
ROMAN,Reymann,sounds,UY,archive,Lerena,rmn
ROMAN,Ramon,sounds,AR,archive,Lerena,rmn
ROMAN,Ramon,sounds,ES,archive,Lerena,rmn
ROMAN,Ramon,sounds,UY,archive,Lerena,rmn
ROMAN,Raymon,sounds,AR,archive,Lerena,rmn
ROMAN,Raymon,sounds,ES,archive,Lerena,rmn
ROMAN,Raymon,sounds,UY,archive,Lerena,rmn
ROMAN,ROMANO,sounds,AR,archive,Lerena,rmn
ROMAN,ROMANO,sounds,ES,archive,Lerena,rmn
ROMAN,ROMANO,sounds,UY,archive,Lerena,rmn
ROMANELLA,,,IT,archive,Falco,rmnl
ROMANO,Reimann,sounds,IT,archive,Falco,rmn
ROMANO,Reyman,sounds,IT,archive,Falco,rmn
ROMANO,Reiman,sounds,IT,archive,Falco,rmn
ROMANO,Reymann,sounds,IT,archive,Falco,rmn
ROMANO,Ramon,sounds,IT,archive,Falco,rmn
ROMANO,Raymon,sounds,IT,archive,Falco,rmn
ROMANO,ROMAN,sounds,IT,archive,Falco,rmn
Romanov,Romanovas,curated,,,,rmnv
Romanov,Romanova,sounds,,,,rmnv
Romanova,Romanovas,curated,,,,rmnv
Romanova,Romanov,sounds,,,,rmnv
Romanovas,Romanov,curated,,,,rmnvs
Romanovas,Romanova,curated,,,,rmnvs
Romeo,Romero,curated,,,,rm
Romeo,Rimu,sounds,,,,rm
Romeo,Ramo,sounds,,,,rm
Romeo,Raimo,sounds,,,,rm
Romeo,Reima,sounds,,,,rm
Romero,Romeo,curated,,,,rmr
Romos,Ramos,curated,,,,rms
Romos,Remos,sounds,,,,rms
Romos,Ramsay,sounds,,,,rms
Romos,Ramsey,sounds,,,,rms
Rončević,,,HR,archive,Blažević,rnsvc
RONCIA,,,IT,archive,Falco,rns
Rong,Wing,curated,,,,rng
Rong,Weng,curated,,,,rng
Rong,Iong,curated,,,,rng
RONNO,Runau,sounds,IT,archive,Falco,rn
RONNO,Rein,sounds,IT,archive,Falco,rn
RONNO,RANI,sounds,IT,archive,Falco,rn
Rood,Rohde,curated,,,,rd
Rood,Read,sounds,,,,rd
Rood,Reed,sounds,,,,rd
Rood,Redd,sounds,,,,rd
Rood,Reade,sounds,,,,rd
Rood,Reid,sounds,,,,rd
Rood,Red,sounds,,,,rd
Roos,Rose,curated,,,,rs
Roos,Rosa,sounds,,,,rs
Roos,Reiche,sounds,,,,rs
Roos,Russo,sounds,,,,rs
Roos,RISO,sounds,,,,rs
Roos,ROSSI,sounds,,,,rs
ROPICINO,,,IT,archive,Falco,rpsn
ROQUE,Rick,sounds,AR,archive,Lerena,rk
ROQUE,Rick,sounds,ES,archive,Lerena,rk
ROQUE,Rick,sounds,UY,archive,Lerena,rk
RORECA,,,IT,archive,Falco,rrc
Rosa,DeRosa,curated,,,,rs
Rosa,Rose,curated,,,,rs
Rosa,Roos,sounds,,,,rs
Rosa,Reiche,sounds,,,,rs
Rosa,Russo,sounds,,,,rs
Rosa,RISO,sounds,,,,rs
Rosa,ROSSI,sounds,,,,rs
Roschen,Rose,curated,,,,rsn
Roschen,Rosén,sounds,,,,rsn
Roschen,Rosenn,sounds,,,,rsn
Rose,Rosen,curated,,,,rs
Rose,Roos,curated,,,,rs
Rose,Rosa,curated,,,,rs
Rose,Rózsa,curated,,,,rs
Rose,Roschen,curated,,,,rs
Rose,Rosengarten,curated,,,,rs
Rose,Rosemann,curated,,,,rs
Rose,Roza,curated,,,,rs
Rose,Rosette,curated,,,,rs
Rose,Rösler,curated,,,,rs
Rose,Röseler,curated,,,,rs
Rose,Reiche,sounds,,,,rs
Rose,Russo,sounds,,,,rs
Rose,RISO,sounds,,,,rs
Rose,ROSSI,sounds,,,,rs
Röseler,Rose,curated,,,,rslr
Röseler,Rösler,sounds,,,,rslr
Rosemann,Rose,curated,,,,rsmn
Rosén,Rose,curated,,,,rsn
Rosén,Rosenn,curated,,,,rsn
Rosén,Roschen,sounds,,,,rsn
Rosenberg,Rozenberg,curated,,,,rsnbrg
Rosenberg,Rosenburg,curated,,,,rsnbrg
Rosenberg,Rozenbergas,curated,,,,rsnbrg
Rosenbloom,Rosenblum,curated,,,,rsnblm
Rosenblum,Rosenbloom,curated,,,,rsnblm
Rosenburg,Rosenberg,curated,,,,rsnbrg
Rosengarten,Rose,curated,,,,rsngrtn
Rosenn,Rosen,curated,,,,rsn
Rosenn,Rosén,sounds,,,,rsn
Rosenn,Roschen,sounds,,,,rsn
Rosette,Rose,curated,,,,rst
Rosette,ROSSETTO,sounds,,,,rst
Rösler,Rose,curated,,,,rslr
Rösler,Röseler,sounds,,,,rslr
Rosner,Rossner,curated,,,,rsnr
ROSPONI,,,IT,archive,Falco,rspn
ROSSETTO,Rosette,sounds,IT,archive,Falco,rst
ROSSI,Rosa,sounds,IT,archive,Falco,rs
ROSSI,Rose,sounds,IT,archive,Falco,rs
ROSSI,Roos,sounds,IT,archive,Falco,rs
ROSSI,Reiche,sounds,IT,archive,Falco,rs
ROSSI,Russo,sounds,IT,archive,Falco,rs
ROSSI,RISO,sounds,IT,archive,Falco,rs
Rossiter,REGISTER,sounds,AU,archive,D'Arcy,rstr
Rossiter,REGISTER,sounds,GB,archive,D'Arcy,rstr
Rossiter,REGISTER,sounds,IE,archive,D'Arcy,rstr
Rossner,Rosner,curated,,,,rsnr
Rossner,Rösner,curated,,,,rsnr
Rot,Roth,curated,,,,rt
Rot,RUOTI,sounds,,,,rt
Rot,Raiti,sounds,,,,rt
Roth,Rot,curated,,,,rt
Roth,Rothfritz,curated,,,,rt
Roth,RUOTI,sounds,,,,rt
Roth,Raiti,sounds,,,,rt
Rothfritz,Roth,curated,,,,rtfrtz
ROTONDO,,,IT,archive,Falco,rtnd
Rottloff,Rudloff,curated,,,,rtlf
Rottloff,Ruttloff,sounds,,,,rtlf
Roy,Leroy,curated,,,,r
Roy,Le Roy,curated,,,,r
Roy,Rey,sounds,,,,r
Roy,Re,sounds,,,,r
Roy,Rei,sounds,,,,r
Roy,Roi,sounds,,,,r
Roy,Ryu,sounds,,,,r
Roy,Ray,sounds,,,,r
Roy,Rae,sounds,,,,r
Roy,Rui,sounds,,,,r
Roy,REGIE,sounds,,,,r
Roy,REGIO,sounds,,,,r
Roy,REJA,sounds,,,,r
Roza,Rose,curated,,,,rz
Roza,RIZZO,sounds,,,,rz
Roza,RUIZ,sounds,,,,rz
Rozenberg,Rosenberg,curated,,,,rznbrg
Rozenbergas,Rosenberg,curated,,,,rznbrgs
Rózsa,Rose,curated,,,,rzs
RU[GG]IERO,Ruggiero,sounds,IT,archive,Falco,rgr
Rubert,Robert,curated,,,,rbrt
Rubert,Roberto,sounds,,,,rbrt
RUBERTELLI,,,IT,archive,Falco,rbrtl
Rüdiger,Rieger,curated,,,,rdr
Rudlof,Rudloff,curated,,,,rdlf
Rudlof,Rudolph,sounds,,,,rdlf
Rudloff,Roloff,curated,,,,rdlf
Rudloff,Rudlof,curated,,,,rdlf
Rudloff,Rudolph,curated,,,,rdlf
Rudloff,Rohloff,curated,,,,rdlf
Rudloff,Rolf,curated,,,,rdlf
Rudloff,Rohlof,curated,,,,rdlf
Rudloff,Rolof,curated,,,,rdlf
Rudloff,Rottloff,curated,,,,rdlf
Rudloff,Ruhloff,curated,,,,rdlf
Rudloff,Ruttloff,curated,,,,rdlf
Rudloff,Ruloff,curated,,,,rdlf
Rudloff,Rolofs,curated,,,,rdlf
Rudolph,Rudloff,curated,,,,rdlf
Rudolph,Rudlof,sounds,,,,rdlf
Rüger,Rieger,curated,,,,rr
Rüger,Roger,sounds,,,,rr
RUGGI,Rygg,sounds,IT,archive,Falco,rg
RUGGI,Rygh,sounds,IT,archive,Falco,rg
RUGGI,Rigg,sounds,IT,archive,Falco,rg
RUGGI,REGGIA,sounds,IT,archive,Falco,rg
RUGGI,REGGIO,sounds,IT,archive,Falco,rg
RUGGI,RIGGIO,sounds,IT,archive,Falco,rg
RUGGI,RUGGO,sounds,IT,archive,Falco,rg
Ruggiero,RU[GG]IERO,sounds,IT,archive,Falco,rgr
RUGGO,Rygg,sounds,IT,archive,Falco,rg
RUGGO,Rygh,sounds,IT,archive,Falco,rg
RUGGO,Rigg,sounds,IT,archive,Falco,rg
RUGGO,REGGIA,sounds,IT,archive,Falco,rg
RUGGO,REGGIO,sounds,IT,archive,Falco,rg
RUGGO,RIGGIO,sounds,IT,archive,Falco,rg
RUGGO,RUGGI,sounds,IT,archive,Falco,rg
Ruhloff,Rudloff,curated,,,,rhlf
Ruhloff,Rohloff,sounds,,,,rhlf
Ruhloff,Rohlof,sounds,,,,rhlf
Ruhnau,Runau,curated,,,,rhn
Rui,Ye,curated,,,,r
Rui,Rey,sounds,,,,r
Rui,Re,sounds,,,,r
Rui,Rei,sounds,,,,r
Rui,Roi,sounds,,,,r
Rui,Ryu,sounds,,,,r
Rui,Ray,sounds,,,,r
Rui,Rae,sounds,,,,r
Rui,Roy,sounds,,,,r
Rui,REGIE,sounds,,,,r
Rui,REGIO,sounds,,,,r
Rui,REJA,sounds,,,,r
RUIZ,Roza,sounds,AR,archive,Lerena,rz
RUIZ,Roza,sounds,ES,archive,Lerena,rz
RUIZ,Roza,sounds,UY,archive,Lerena,rz
RUIZ,RIZZO,sounds,AR,archive,Lerena,rz
RUIZ,RIZZO,sounds,ES,archive,Lerena,rz
RUIZ,RIZZO,sounds,UY,archive,Lerena,rz
Rukavina,,,HR,archive,Blažević,rkvn
Ruloff,Rudloff,curated,,,,rlf
Ruloff,Roloff,sounds,,,,rlf
Ruloff,Rolf,sounds,,,,rlf
Ruloff,Rolof,sounds,,,,rlf
Runau,Ruhnau,curated,,,,rn
Runau,Rein,sounds,,,,rn
Runau,RANI,sounds,,,,rn
Runau,RONNO,sounds,,,,rn
RUOCCO,Rich,sounds,IT,archive,Falco,rc
RUOCCO,Reich,sounds,IT,archive,Falco,rc
RUOCCO,Raich,sounds,IT,archive,Falco,rc
RUOCCO,RACCA,sounds,IT,archive,Falco,rc
RUOTI,Rot,sounds,IT,archive,Falco,rt
RUOTI,Roth,sounds,IT,archive,Falco,rt
RUOTI,Raiti,sounds,IT,archive,Falco,rt
Ruotolo,,,IT,archive,Falco,rtl
Rupčić,,,HR,archive,Blažević,rpsc
Ruskich,,,HR,archive,Blažević,rskc
Russel,Russell,curated,,,,rsl
Russell,Russel,curated,,,,rsl
Russo,Leroux,curated,AU,archive,Mazza,rs
Russo,Leroux,curated,IT,archive,Falco; Mazza,rs
Russo,Leroux,curated,US,archive,Mazza,rs
Russo,Rosa,sounds,AU,archive,Mazza,rs
Russo,Rosa,sounds,IT,archive,Falco; Mazza,rs
Russo,Rosa,sounds,US,archive,Mazza,rs
Russo,Rose,sounds,AU,archive,Mazza,rs
Russo,Rose,sounds,IT,archive,Falco; Mazza,rs
Russo,Rose,sounds,US,archive,Mazza,rs
Russo,Roos,sounds,AU,archive,Mazza,rs
Russo,Roos,sounds,IT,archive,Falco; Mazza,rs
Russo,Roos,sounds,US,archive,Mazza,rs
Russo,Reiche,sounds,AU,archive,Mazza,rs
Russo,Reiche,sounds,IT,archive,Falco; Mazza,rs
Russo,Reiche,sounds,US,archive,Mazza,rs
Russo,RISO,sounds,AU,archive,Mazza,rs
Russo,RISO,sounds,IT,archive,Falco; Mazza,rs
Russo,RISO,sounds,US,archive,Mazza,rs
Russo,ROSSI,sounds,AU,archive,Mazza,rs
Russo,ROSSI,sounds,IT,archive,Falco; Mazza,rs
Russo,ROSSI,sounds,US,archive,Mazza,rs
Ruttloff,Rudloff,curated,,,,rtlf
Ruttloff,Rottloff,sounds,,,,rtlf
Rygg,Rygh,curated,,,,rg
Rygg,Rigg,sounds,,,,rg
Rygg,REGGIA,sounds,,,,rg
Rygg,REGGIO,sounds,,,,rg
Rygg,RIGGIO,sounds,,,,rg
Rygg,RUGGI,sounds,,,,rg
Rygg,RUGGO,sounds,,,,rg
Rygh,Rygg,curated,,,,rg
Rygh,Rigg,sounds,,,,rg
Rygh,REGGIA,sounds,,,,rg
Rygh,REGGIO,sounds,,,,rg
Rygh,RIGGIO,sounds,,,,rg
Rygh,RUGGI,sounds,,,,rg
Rygh,RUGGO,sounds,,,,rg
Rytter,Ritter,curated,,,,rtr
Rytter,Reiter,sounds,,,,rtr
Rytter,Reuter,sounds,,,,rtr
Rytter,Reutter,sounds,,,,rtr
Ryu,Liu,curated,,,,r
Ryu,Rey,sounds,,,,r
Ryu,Re,sounds,,,,r
Ryu,Rei,sounds,,,,r
Ryu,Roi,sounds,,,,r
Ryu,Ray,sounds,,,,r
Ryu,Rae,sounds,,,,r
Ryu,Roy,sounds,,,,r
Ryu,Rui,sounds,,,,r
Ryu,REGIE,sounds,,,,r
Ryu,REGIO,sounds,,,,r
Ryu,REJA,sounds,,,,r
S,,,IT,archive,Falco,s
Sa,Shi,curated,,,,s
Sa,She,curated,,,,s
Sa,Xie,curated,,,,s
SABATO,,,IT,archive,Falco,sbt
SABBEO,Szabo,sounds,IT,archive,Falco,sb
SABBEO,Sabo,sounds,IT,archive,Falco,sb
SABESSE,,,IT,archive,Falco,sbs
Sabina,Ciobanu,sounds,AU,archive,D'Arcy,sbn
Sabina,Ciobanu,sounds,GB,archive,D'Arcy,sbn
Sabina,Ciobanu,sounds,IE,archive,D'Arcy,sbn
Sabina,Ciobanu,sounds,IT,archive,Falco,sbn
Sabina,SABINO,sounds,AU,archive,D'Arcy,sbn
Sabina,SABINO,sounds,GB,archive,D'Arcy,sbn
Sabina,SABINO,sounds,IE,archive,D'Arcy,sbn
Sabina,SABINO,sounds,IT,archive,Falco,sbn
SABINO,Ciobanu,sounds,IT,archive,Falco,sbn
SABINO,Sabina,sounds,IT,archive,Falco,sbn
Sabo,Szabó,curated,,,,sb
Sabo,Szabo,sounds,,,,sb
Sabo,SABBEO,sounds,,,,sb
SACCARELLA,,,IT,archive,Falco,scrl
SACCAVINO,SCAVONE,sounds,IT,archive,Falco,scvn
Sacco,,,AU,archive,Mazza,sc
Sacco,,,IT,archive,Mazza,sc
Sacco,,,US,archive,Mazza,sc
SACCONE,CICCONE,sounds,IT,archive,Falco,scn
Sachs,Sacks,curated,,,,scs
Sachs,Saks,curated,,,,scs
Sachs,Sachse,curated,,,,scs
Sachs,Sax,curated,,,,scs
Sachs,Zaks,curated,,,,scs
Sachs,CIOCCIA,sounds,,,,scs
Sachse,Sachs,curated,,,,scs
Sachse,CIOCCIA,sounds,,,,scs
Sacks,Sachs,curated,,,,sks
Sacks,Saks,sounds,,,,sks
Sacks,Sax,sounds,,,,sks
SADARESTA,,,IT,archive,Falco,sdrst
SADDEO,Sadō,sounds,IT,archive,Falco,sd
SADITTO,Sadutto,sounds,IT,archive,Falco,sdt
SADITTO,SADUTO,sounds,IT,archive,Falco,sdt
Sadō,Satō,curated,,,,sd
Sadō,SADDEO,sounds,,,,sd
Sadowski,Sadowsky,curated,,,,sdvsk
Sadowsky,Sadowski,curated,,,,sdvsk
SADUTO,Sadutto,sounds,IT,archive,Falco,sdt
SADUTO,SADITTO,sounds,IT,archive,Falco,sdt
Sadutto,SADITTO,sounds,IT,archive,Falco,sdt
Sadutto,SADUTO,sounds,IT,archive,Falco,sdt
Saenger,Singer,curated,,,,snr
Saenger,Senger,sounds,,,,snr
Saenger,Sänger,sounds,,,,snr
Saenger,SANIGER,sounds,,,,snr
Safr,Schafer,curated,,,,sfr
Safr,Schaeffer,sounds,,,,sfr
Safr,Schäffer,sounds,,,,sfr
Safr,Schaefer,sounds,,,,sfr
Safr,Szofer,sounds,,,,sfr
Safr,Sofer,sounds,,,,sfr
Safuji,Satō,curated,,,,sf
Safuji,CIOFFI,sounds,,,,sf
Safuji,Sofi,sounds,,,,sf
SAGGESE,,,IT,archive,Falco,sgs
Şahan,Şahin,curated,,,,shn
Şahan,Shin,sounds,,,,shn
Şahan,Shen,sounds,,,,shn
Şahan,Shan,sounds,,,,shn
Şahan,Shone,sounds,,,,shn
Şahin,Şahan,curated,,,,shn
Şahin,Shin,sounds,,,,shn
Şahin,Shen,sounds,,,,shn
Şahin,Shan,sounds,,,,shn
Şahin,Shone,sounds,,,,shn
Saitō,Satō,curated,,,,st
Saitō,Schott,sounds,,,,st
Saitō,Sato,sounds,,,,st
Saitō,Sotō,sounds,,,,st
Saitō,Schütte,sounds,,,,st
Saitō,CITO,sounds,,,,st
Saitō,SETTE,sounds,,,,st
Saitō,SETTI,sounds,,,,st
Saitō,SOTTI,sounds,,,,st
Saitō,SOTTO,sounds,,,,st
Saitō,Sojat,sounds,,,,st
Saks,Sachs,curated,,,,sks
Saks,Sacks,sounds,,,,sks
Saks,Sax,sounds,,,,sks
Salah,Saleh,curated,,,,slh
Salah,Salih,sounds,,,,slh
SALANDO,,,IT,archive,Falco,slnd
SALCAGNO,,,IT,archive,Falco,slcgn
Saleh,Salah,curated,,,,slh
Saleh,Salih,curated,,,,slh
Salih,Saleh,curated,,,,slh
Salih,Salah,sounds,,,,slh
SALSANO,,,IT,archive,Falco,slsn
SALSI,SALSO,sounds,IT,archive,Falco,sls
SALSO,SALSI,sounds,IT,archive,Falco,sls
SALUTO,Schilt,sounds,IT,archive,Falco,slt
SALVAGNO,,,IT,archive,Falco,slvgn
SALVANACH,,,AR,archive,Lerena,slvnc
SALVANACH,,,ES,archive,Lerena,slvnc
SALVANACH,,,UY,archive,Lerena,slvnc
SALVATORE,,,IT,archive,Falco,slvtr
SALVO,SELVA,sounds,IT,archive,Falco,slv
SALVO,SELVE,sounds,IT,archive,Falco,slv
SALVO,SILVO,sounds,IT,archive,Falco,slv
SALZANO,,,IT,archive,Falco,slzn
SALZARINO,,,IT,archive,Falco,slzrn
Sam,Shen,curated,,,,sm
Sam,Samuel,curated,,,,sm
Sam,Sim,sounds,,,,sm
Sam,Sum,sounds,,,,sm
Sam,SAUME,sounds,,,,sm
Samel,Samuel,curated,,,,sml
Samelson,Samuelson,curated,,,,smlsn
Samelson,Samuelsen,sounds,,,,smlsn
Samelson,Samuelsson,sounds,,,,smlsn
SAMMINO,,,IT,archive,Falco,smn
SAMPOGNARO,,,IT,archive,Falco,smpgnr
Sámson,,,,,,smsn
Samuel,Samel,curated,,,,sml
Samuel,Sam,curated,,,,sml
Samuelsen,Samuelson,curated,,,,smlsn
Samuelsen,Samuelsson,sounds,,,,smlsn
Samuelsen,Samelson,sounds,,,,smlsn
Samuelson,Samuelsen,curated,,,,smlsn
Samuelson,Samuelsson,curated,,,,smlsn
Samuelson,Samelson,curated,,,,smlsn
Samuelsson,Samuelson,curated,,,,smlsn
Samuelsson,Samuelsen,sounds,,,,smlsn
Samuelsson,Samelson,sounds,,,,smlsn
SANAVINO,SANGIOVANNI,sounds,IT,archive,Falco,snvn
Sančess,Sánchez,curated,,,,snss
Sančess,Sanchís,sounds,,,,snss
Sančess,Sanches,sounds,,,,snss
Sanches,Sánchez,curated,,,,snss
Sanches,Sanchís,sounds,,,,snss
Sanches,Sančess,sounds,,,,snss
Sanchez,Sanchís,curated,,,,snsz
Sanchez,Sančess,curated,,,,snsz
Sanchez,Sanches,curated,,,,snsz
Sanchez,Sanchis,curated,,,,snsz
Sanchez,Sanxis,curated,,,,snsz
Sanchís,Sánchez,curated,,,,snss
Sanchís,Sančess,sounds,,,,snss
Sanchís,Sanches,sounds,,,,snss
Sander,Zander,curated,,,,sndr
Sander,Sándor,sounds,,,,sndr
Sander,Sandro,sounds,,,,sndr
Sanders,Saunders,curated,,,,sndrs
Sandiuliano,,,AU,archive,Mazza,sndln
Sandiuliano,,,IT,archive,Mazza,sndln
Sandiuliano,,,US,archive,Mazza,sndln
Sándor,Alexander,curated,,,,sndr
Sándor,Sander,sounds,,,,sndr
Sándor,Sandro,sounds,,,,sndr
Sandro,Alexander,curated,,,,sndr
Sandro,Sander,sounds,,,,sndr
Sandro,Sándor,sounds,,,,sndr
Sandy,Alexander,curated,,,,snd
Sandy,Sneyd,sounds,,,,snd
Sanfedele,,,AU,archive,Mazza,snfdl
Sanfedele,,,IT,archive,Mazza,snfdl
Sanfedele,,,US,archive,Mazza,snfdl
Sänger,Singer,curated,,,,snr
Sänger,Senger,sounds,,,,snr
Sänger,Saenger,sounds,,,,snr
Sänger,SANIGER,sounds,,,,snr
SANGIANO,SANNONE,sounds,IT,archive,Falco,snn
SANGIOVANNI,SANAVINO,sounds,IT,archive,Falco,snvn
Sangmeister,Singer,curated,,,,sngmstr
Sanigar,,,AU,archive,D'Arcy,sngr
Sanigar,,,GB,archive,D'Arcy,sngr
Sanigar,,,IE,archive,D'Arcy,sngr
SANIGER,Senger,sounds,AU,archive,D'Arcy,snr
SANIGER,Senger,sounds,GB,archive,D'Arcy,snr
SANIGER,Senger,sounds,IE,archive,D'Arcy,snr
SANIGER,Singer,sounds,AU,archive,D'Arcy,snr
SANIGER,Singer,sounds,GB,archive,D'Arcy,snr
SANIGER,Singer,sounds,IE,archive,D'Arcy,snr
SANIGER,Saenger,sounds,AU,archive,D'Arcy,snr
SANIGER,Saenger,sounds,GB,archive,D'Arcy,snr
SANIGER,Saenger,sounds,IE,archive,D'Arcy,snr
SANIGER,Sänger,sounds,AU,archive,D'Arcy,snr
SANIGER,Sänger,sounds,GB,archive,D'Arcy,snr
SANIGER,Sänger,sounds,IE,archive,D'Arcy,snr
SANLONE,Schönlein,sounds,IT,archive,Falco,snln
SANLONE,Schoenlein,sounds,IT,archive,Falco,snln
SANLONE,Schönlin,sounds,IT,archive,Falco,snln
SANNONE,SANGIANO,sounds,IT,archive,Falco,snn
SANPIGLIA,,,IT,archive,Falco,snpgl
SANSA,SONICE,sounds,IT,archive,Falco,sns
SANSERINO,,,IT,archive,Falco,snsrn
SANSEVERINO,,,IT,archive,Falco,snsvrn
SANSONE,,,IT,archive,Falco,snsn
SANT'AGOSTINO,,,IT,archive,Falco,sntgstn
Sant'Ana,Santana,curated,,,,sntn
Sant'Ana,CENTENO,sounds,,,,sntn
SANT'ANDREA,,,IT,archive,Falco,sntndr
Santana,Sant'Ana,curated,,,,sntn
Santana,CENTENO,sounds,,,,sntn
SANTANGELO,,,IT,archive,Falco,sntnl
Santiago,Jacob,curated,,,,sntg
Santiago,Jakob,curated,,,,sntg
Santiago,Jacobs,curated,,,,sntg
Santiago,Sonntag,sounds,,,,sntg
Santiago,Sontag,sounds,,,,sntg
SANTISE,,,IT,archive,Falco,snts
Santoro,,,AU,archive,Mazza,sntr
Santoro,,,IT,archive,Mazza,sntr
Santoro,,,US,archive,Mazza,sntr
SANVIGRO,,,IT,archive,Falco,snvgr
Sanxis,Sánchez,curated,,,,snkss
SANZONE,,,IT,archive,Falco,snzn
SAPIENZA,,,IT,archive,Falco,spnz
SAPIO,SAPO,sounds,IT,archive,Falco,sp
SAPIO,SEPA,sounds,IT,archive,Falco,sp
SAPIO,SEPE,sounds,IT,archive,Falco,sp
SAPIO,SEPP,sounds,IT,archive,Falco,sp
SAPO,SAPIO,sounds,IT,archive,Falco,sp
SAPO,SEPA,sounds,IT,archive,Falco,sp
SAPO,SEPE,sounds,IT,archive,Falco,sp
SAPO,SEPP,sounds,IT,archive,Falco,sp
SAPONARO,,,IT,archive,Falco,spnr
SAPORE,,,IT,archive,Falco,spr
SARAUNO,CERRONE,sounds,IT,archive,Falco,srn
SARAUNO,SERENA,sounds,IT,archive,Falco,srn
SARAUNO,SIRONE,sounds,IT,archive,Falco,srn
SARAUNO,SORINO,sounds,IT,archive,Falco,srn
SARAUNO,SORRINO,sounds,IT,archive,Falco,srn
SARBATO,,,IT,archive,Falco,srbt
SARCIA,Segers,sounds,IT,archive,Falco,srs
SARCIA,Seghers,sounds,IT,archive,Falco,srs
SARCIA,SORICE,sounds,IT,archive,Falco,srs
SARFORA,,,IT,archive,Falco,srfr
Sarközi,Sarkozy,curated,,,,srkz
Sarkozy,Sarközi,curated,,,,srkz
Sarkozy,Sarkozi,curated,,,,srkz
SARNELLA,,,IT,archive,Falco,srnl
SARNONE,Czernin,sounds,IT,archive,Falco,srnn
SARNONE,Chernin,sounds,IT,archive,Falco,srnn
SARRO,Schuur,sounds,IT,archive,Falco,sr
SARRO,Scheuer,sounds,IT,archive,Falco,sr
SARRO,Seger,sounds,IT,archive,Falco,sr
SARRO,Schür,sounds,IT,archive,Falco,sr
SARRO,CERIO,sounds,IT,archive,Falco,sr
SARRO,CIRO,sounds,IT,archive,Falco,sr
SARRO,SERAO,sounds,IT,archive,Falco,sr
SARRO,SERIO,sounds,IT,archive,Falco,sr
SARRO,SIERO,sounds,IT,archive,Falco,sr
SARRO,SIRIO,sounds,IT,archive,Falco,sr
SARRO,SORGI,sounds,IT,archive,Falco,sr
SARTI,Segert,sounds,IT,archive,Falco,srt
SARTI,CERRETO,sounds,IT,archive,Falco,srt
SARTORE,Schröter,sounds,IT,archive,Falco,srtr
SARTORE,Schroeter,sounds,IT,archive,Falco,srtr
SARTORE,Schroether,sounds,IT,archive,Falco,srtr
SARTORE,Schröther,sounds,IT,archive,Falco,srtr
SARTORELLA,,,IT,archive,Falco,srtrl
Sasaki,Sassaki,curated,,,,ssk
Sasaki,Susuki,sounds,,,,ssk
Sassaki,Sasaki,curated,,,,ssk
Sassaki,Susuki,sounds,,,,ssk
SASSO,Susugi,sounds,IT,archive,Falco,ss
SASSO,Sousa,sounds,IT,archive,Falco,ss
SASSO,CHIAIESE,sounds,IT,archive,Falco,ss
SASSO,SCIASCIA,sounds,IT,archive,Falco,ss
SASSO,SOSSI,sounds,IT,archive,Falco,ss
Sato,Safuji,curated,,,,st
Sato,Sadō,curated,,,,st
Sato,Saitō,curated,,,,st
Sato,Sotō,curated,,,,st
Sato,Schott,sounds,,,,st
Sato,Schütte,sounds,,,,st
Sato,CITO,sounds,,,,st
Sato,SETTE,sounds,,,,st
Sato,SETTI,sounds,,,,st
Sato,SOTTI,sounds,,,,st
Sato,SOTTO,sounds,,,,st
Sato,Sojat,sounds,,,,st
SATURANO,Stern,sounds,IT,archive,Falco,strn
SAUME,Sim,sounds,IT,archive,Falco,sm
SAUME,Sam,sounds,IT,archive,Falco,sm
SAUME,Sum,sounds,IT,archive,Falco,sm
Saunders,Sanders,curated,,,,sndrs
SAVERINO,SEVERINO,sounds,IT,archive,Falco,svrn
Savič,,,,,,svc
SAVIELLO,CHIAVIELLO,sounds,IT,archive,Falco,svl
SAVONE,,,IT,archive,Falco,svn
Sax,Sachs,curated,,,,sks
Sax,Sacks,sounds,,,,sks
Sax,Saks,sounds,,,,sks
SAY,,,IT,archive,Falco,s
SBARRO,,,IT,archive,Falco,sbr
SCAFONE,,,IT,archive,Falco,scfn
SCAFORA,,,IT,archive,Falco,scfr
Scangiaterra,,,AU,archive,Mazza,scntr
Scangiaterra,,,IT,archive,Mazza,scntr
Scangiaterra,,,US,archive,Mazza,scntr
Scanlan,,,AU,archive,D'Arcy,scnln
Scanlan,,,GB,archive,D'Arcy,scnln
Scanlan,,,IE,archive,D'Arcy,scnln
Scaramano,,,AU,archive,Mazza,scrmn
Scaramano,,,IT,archive,Mazza,scrmn
Scaramano,,,US,archive,Mazza,scrmn
SCARPATI,,,IT,archive,Falco,scrpt
SCARPIERE,,,IT,archive,Falco,scrpr
SCAVONE,SACCAVINO,sounds,IT,archive,Falco,scvn
Schaefer,Schafer,curated,,,,sfr
Schaefer,Schaeffer,sounds,,,,sfr
Schaefer,Schäffer,sounds,,,,sfr
Schaefer,Safr,sounds,,,,sfr
Schaefer,Szofer,sounds,,,,sfr
Schaefer,Sofer,sounds,,,,sfr
Schaeffer,Schafer,curated,,,,sfr
Schaeffer,Schäffer,sounds,,,,sfr
Schaeffer,Schaefer,sounds,,,,sfr
Schaeffer,Safr,sounds,,,,sfr
Schaeffer,Szofer,sounds,,,,sfr
Schaeffer,Sofer,sounds,,,,sfr
Schafer,Schaeffer,curated,,,,sfr
Schafer,Schäffer,curated,,,,sfr
Schafer,Schaefer,curated,,,,sfr
Schafer,Safr,curated,,,,sfr
Schafer,Szofer,sounds,,,,sfr
Schafer,Sofer,sounds,,,,sfr
Schäffer,Schafer,curated,,,,sfr
Schäffer,Schaeffer,sounds,,,,sfr
Schäffer,Schaefer,sounds,,,,sfr
Schäffer,Safr,sounds,,,,sfr
Schäffer,Szofer,sounds,,,,sfr
Schäffer,Sofer,sounds,,,,sfr
Schalch,Schalk,curated,,,,slc
Schalch,Schalck,curated,,,,slc
Schalch,Schälchli,curated,,,,slc
Schalch,Šolić,sounds,,,,slc
Schälchli,Schalch,curated,,,,slcl
Schalck,Schalch,curated,,,,slk
Schalck,Schalk,sounds,,,,slk
Schalk,Schalch,curated,,,,slk
Schalk,Schalck,sounds,,,,slk
Schaller,Scheller,curated,,,,slr
Schaller,Schleger,sounds,,,,slr
Schaller,SELLARO,sounds,,,,slr
Schärf,Scharff,curated,,,,srf
Scharff,Schärf,curated,,,,srf
Scharff,Scharf,curated,,,,srf
Scheller,Schaller,curated,,,,slr
Scheller,Schellerer,curated,,,,slr
Scheller,Schellschmidt,curated,,,,slr
Scheller,Schleger,sounds,,,,slr
Scheller,SELLARO,sounds,,,,slr
Schellerer,Scheller,curated,,,,slrr
Schellschmidt,Scheller,curated,,,,slsmdt
Schenk,Mundschenk,curated,,,,snk
Schenk,CINQUE,sounds,,,,snk
Schettini,Stein,sounds,IT,archive,Falco,stn
Schettini,Steen,sounds,IT,archive,Falco,stn
Schettini,Sten,sounds,IT,archive,Falco,stn
Schettini,Steyn,sounds,IT,archive,Falco,stn
Schettini,SOTTONE,sounds,IT,archive,Falco,stn
Schettini,Sutton,sounds,IT,archive,Falco,stn
Scheuer,Schuurman,curated,,,,sr
Scheuer,Schuur,sounds,,,,sr
Scheuer,Seger,sounds,,,,sr
Scheuer,Schür,sounds,,,,sr
Scheuer,CERIO,sounds,,,,sr
Scheuer,CIRO,sounds,,,,sr
Scheuer,SARRO,sounds,,,,sr
Scheuer,SERAO,sounds,,,,sr
Scheuer,SERIO,sounds,,,,sr
Scheuer,SIERO,sounds,,,,sr
Scheuer,SIRIO,sounds,,,,sr
Scheuer,SORGI,sounds,,,,sr
Scheuermann,Schuurman,curated,,,,srmn
Scheuermann,Schürmann,curated,,,,srmn
Scheuermann,Schuermann,sounds,,,,srmn
Scheunemann,Schürmann,curated,,,,snmn
Schiffman,Schiffmann,curated,,,,sfmn
Schiffman,Shifman,curated,,,,sfmn
Schiffman,Szyfman,curated,,,,sfmn
Schiffmann,Schiffman,curated,,,,sfmn
Schiffmann,Szyfman,sounds,,,,sfmn
Schild,Schildt,curated,,,,sld
Schild,Schilt,curated,,,,sld
Schild,Silađi,sounds,,,,sld
Schildt,Schild,curated,,,,sldt
Schildt,SOLDUTO,sounds,,,,sldt
Schilt,Schild,curated,,,,slt
Schilt,SALUTO,sounds,,,,slt
Schimanski,Szymański,curated,,,,smnsk
Schimanski,Schimansky,sounds,,,,smnsk
Schimanski,Schymainski,sounds,,,,smnsk
Schimansky,Szymański,curated,,,,smnsk
Schimansky,Schimanski,sounds,,,,smnsk
Schimansky,Schymainski,sounds,,,,smnsk
Schlägel,Schlegel,curated,,,,sll
Schlägel,Slegel,sounds,,,,sll
Schlegel,Schlegl,curated,,,,sll
Schlegel,Schleger,curated,,,,sll
Schlegel,Schlägel,curated,,,,sll
Schlegel,Slegel,curated,,,,sll
Schleger,Schlegel,curated,,,,slr
Schleger,Schaller,sounds,,,,slr
Schleger,Scheller,sounds,,,,slr
Schleger,SELLARO,sounds,,,,slr
Schlegl,Schlegel,curated,,,,slgl
Schluter,Schlyter,curated,,,,sltr
Schlyter,Schlüter,curated,,,,sltr
Schlyter,Schluter,sounds,,,,sltr
Schmalbuch,Kuchenbuch,curated,,,,smlbc
Schmid,Smith,curated,,,,smd
Schmid,Smitt,curated,,,,smd
Schmid,Schmidt,curated,,,,smd
Schmid,Smidt,curated,,,,smd
Schmid,Szmyd,curated,,,,smd
Schmid,Schmied,sounds,,,,smd
Schmid,Smed,sounds,,,,smd
Schmid,Smid,sounds,,,,smd
Schmidt,Smith,curated,,,,smdt
Schmidt,Schmid,curated,,,,smdt
Schmidt,Schmitt,curated,,,,smdt
Schmidt,Smidt,sounds,,,,smdt
Schmidt,Smidth,sounds,,,,smdt
Schmied,Smith,curated,,,,smd
Schmied,Schmid,sounds,,,,smd
Schmied,Szmyd,sounds,,,,smd
Schmied,Smed,sounds,,,,smd
Schmied,Smid,sounds,,,,smd
Schmit,Schmitt,curated,,,,smt
Schmit,Smith,sounds,,,,smt
Schmit,Smit,sounds,,,,smt
Schmit,Smitt,sounds,,,,smt
Schmit,Smythe,sounds,,,,smt
Schmit,Smyth,sounds,,,,smt
Schmit,Szmyt,sounds,,,,smt
Schmitt,Schmidt,curated,,,,smt
Schmitt,Schmitz,curated,,,,smt
Schmitt,Schmit,curated,,,,smt
Schmitt,Szmyd,curated,,,,smt
Schmitt,Smith,sounds,,,,smt
Schmitt,Smit,sounds,,,,smt
Schmitt,Smitt,sounds,,,,smt
Schmitt,Smythe,sounds,,,,smt
Schmitt,Smyth,sounds,,,,smt
Schmitt,Szmyt,sounds,,,,smt
Schmitz,Schmitt,curated,,,,smtz
Schoen,Schön,curated,,,,sn
Schoenberg,Schönberg,curated,,,,snbrg
Schoene,Schön,curated,,,,sn
Schoenle,Schön,curated,,,,snl
Schoenle,Schönel,sounds,,,,snl
Schoenle,Schönle,sounds,,,,snl
Schoenle,SCINIELLO,sounds,,,,snl
Schoenlein,Schön,curated,,,,snln
Schoenlein,Schönlein,sounds,,,,snln
Schoenlein,Schönlin,sounds,,,,snln
Schoenlein,SANLONE,sounds,,,,snln
Schon,Shone,curated,,,,sn
Schon,Schoen,curated,,,,sn
Schon,Schönlein,curated,,,,sn
Schon,Schöne,curated,,,,sn
Schon,Schoon,curated,,,,sn
Schon,Schoenlein,curated,,,,sn
Schon,Schoene,curated,,,,sn
Schon,Schoenle,curated,,,,sn
Schon,Schönel,curated,,,,sn
Schon,Schönle,curated,,,,sn
Schon,Schönlin,curated,,,,sn
Schönberg,Schoenberg,curated,,,,snbrg
Schönberg auf Wesel,,,AU,archive,D'Arcy,snbrg f 
Schönberg auf Wesel,,,GB,archive,D'Arcy,snbrg f 
Schönberg auf Wesel,,,IE,archive,D'Arcy,snbrg f 
Schöne,Schön,curated,,,,sn
Schönel,Schön,curated,,,,snl
Schönel,Schoenle,sounds,,,,snl
Schönel,Schönle,sounds,,,,snl
Schönel,SCINIELLO,sounds,,,,snl
Schönfeld,Schönfeldt,curated,,,,snfld
Schönfeld,Schønfeldt,curated,,,,snfld
Schönfeldt,Schönfeld,curated,,,,snfldt
Schönle,Schön,curated,,,,snl
Schönle,Schoenle,sounds,,,,snl
Schönle,Schönel,sounds,,,,snl
Schönle,SCINIELLO,sounds,,,,snl
Schönlein,Schön,curated,,,,snln
Schönlein,Schoenlein,sounds,,,,snln
Schönlein,Schönlin,sounds,,,,snln
Schönlein,SANLONE,sounds,,,,snln
Schönlin,Schön,curated,,,,snln
Schönlin,Schönlein,sounds,,,,snln
Schönlin,Schoenlein,sounds,,,,snln
Schönlin,SANLONE,sounds,,,,snln
Schoon,Schön,curated,,,,sn
Schott,Shott,curated,,,,st
Schott,Sato,sounds,,,,st
Schott,Saitō,sounds,,,,st
Schott,Sotō,sounds,,,,st
Schott,Schütte,sounds,,,,st
Schott,CITO,sounds,,,,st
Schott,SETTE,sounds,,,,st
Schott,SETTI,sounds,,,,st
Schott,SOTTI,sounds,,,,st
Schott,SOTTO,sounds,,,,st
Schott,Sojat,sounds,,,,st
Schrader,Schraer,curated,,,,srdr
Schrader,Schräer,curated,,,,srdr
Schraer,Schrader,curated,,,,srr
Schram,Schramm,curated,,,,srm
Schramm,Schram,curated,,,,srm
Schramm,Skram,curated,,,,srm
Schreiber,Szrajber,curated,,,,srbr
Schreinemacher,Schreiner,curated,,,,srnmsr
Schreinemachers,Schreiner,curated,,,,srnmsrs
Schreiner,Kistler,curated,,,,srnr
Schreiner,Tischler,curated,,,,srnr
Schreiner,Schreinemacher,curated,,,,srnr
Schreiner,Schreinemachers,curated,,,,srnr
Schreiner,Schreinert,curated,,,,srnr
Schreinert,Schreiner,curated,,,,srnrt
Schrödter,Schröter,curated,,,,srdtr
Schrödter,Schroedter,sounds,,,,srdtr
Schroedter,Schröter,curated,,,,srdtr
Schroedter,Schrödter,sounds,,,,srdtr
Schroeter,Schröter,curated,,,,srtr
Schroeter,Schroether,sounds,,,,srtr
Schroeter,Schröther,sounds,,,,srtr
Schroeter,SARTORE,sounds,,,,srtr
Schroether,Schröter,curated,,,,srtr
Schroether,Schroeter,sounds,,,,srtr
Schroether,Schröther,sounds,,,,srtr
Schroether,SARTORE,sounds,,,,srtr
Schröter,Shryoter,curated,,,,srtr
Schröter,Schroeter,curated,,,,srtr
Schröter,Schroedter,curated,,,,srtr
Schröter,Schrödter,curated,,,,srtr
Schröter,Schroether,curated,,,,srtr
Schröter,Schröther,curated,,,,srtr
Schröter,SARTORE,sounds,,,,srtr
Schröther,Schröter,curated,,,,srtr
Schröther,Schroeter,sounds,,,,srtr
Schröther,Schroether,sounds,,,,srtr
Schröther,SARTORE,sounds,,,,srtr
Schubert,Schuster,curated,,,,sbrt
Schubert,Schumann,curated,,,,sbrt
Schubert,Schuman,curated,,,,sbrt
Schubert,Schuberth,curated,,,,sbrt
Schuberth,Schubert,curated,,,,sbrt
Schuberth,Schuster,curated,,,,sbrt
Schuermann,Schürmann,curated,,,,srmn
Schuermann,Schuurman,sounds,,,,srmn
Schuermann,Scheuermann,sounds,,,,srmn
Schuester,Schuster,curated,,,,sstr
Schuester,Šuster,sounds,,,,sstr
Schulman,Shulman,curated,,,,slmn
Schulman,SOLIMENE,sounds,,,,slmn
Schulman,SOLIMENO,sounds,,,,slmn
Schuman,Schubert,curated,,,,smn
Schuman,Schuster,curated,,,,smn
Schumann,Schubert,curated,,,,smn
Schumann,Schuster,curated,,,,smn
Schür,Schürmann,curated,,,,sr
Schür,Schuur,sounds,,,,sr
Schür,Scheuer,sounds,,,,sr
Schür,Seger,sounds,,,,sr
Schür,CERIO,sounds,,,,sr
Schür,CIRO,sounds,,,,sr
Schür,SARRO,sounds,,,,sr
Schür,SERAO,sounds,,,,sr
Schür,SERIO,sounds,,,,sr
Schür,SIERO,sounds,,,,sr
Schür,SIRIO,sounds,,,,sr
Schür,SORGI,sounds,,,,sr
Schürmann,Schuurman,curated,,,,srmn
Schürmann,Schuurmans,curated,,,,srmn
Schürmann,Scheunemann,curated,,,,srmn
Schürmann,Schuermann,curated,,,,srmn
Schürmann,Scheuermann,curated,,,,srmn
Schürmann,Schür,curated,,,,srmn
Schürmann,Schüermann,curated,,,,srmn
Schüßler,,,,,,sslr
Schuster,Schubert,curated,,,,sstr
Schuster,Šuster,curated,,,,sstr
Schuster,Schuester,curated,,,,sstr
Schuster,Sutor,curated,,,,sstr
Schuster,Schumann,curated,,,,sstr
Schuster,Schuman,curated,,,,sstr
Schuster,Schuberth,curated,,,,sstr
Schütte,Schütze,curated,,,,st
Schütte,Schott,sounds,,,,st
Schütte,Sato,sounds,,,,st
Schütte,Saitō,sounds,,,,st
Schütte,Sotō,sounds,,,,st
Schütte,CITO,sounds,,,,st
Schütte,SETTE,sounds,,,,st
Schütte,SETTI,sounds,,,,st
Schütte,SOTTI,sounds,,,,st
Schütte,SOTTO,sounds,,,,st
Schütte,Sojat,sounds,,,,st
Schütz,Schütze,curated,,,,stz
Schütze,Schütz,curated,,,,stz
Schütze,Schütte,curated,,,,stz
Schuur,Schuurman,curated,,,,sr
Schuur,Scheuer,sounds,,,,sr
Schuur,Seger,sounds,,,,sr
Schuur,Schür,sounds,,,,sr
Schuur,CERIO,sounds,,,,sr
Schuur,CIRO,sounds,,,,sr
Schuur,SARRO,sounds,,,,sr
Schuur,SERAO,sounds,,,,sr
Schuur,SERIO,sounds,,,,sr
Schuur,SIERO,sounds,,,,sr
Schuur,SIRIO,sounds,,,,sr
Schuur,SORGI,sounds,,,,sr
Schuurman,Schürmann,curated,,,,srmn
Schuurman,Schuurmans,curated,,,,srmn
Schuurman,Schuur,curated,,,,srmn
Schuurman,Scheuer,curated,,,,srmn
Schuurman,Scheuermann,curated,,,,srmn
Schuurman,Schuermann,sounds,,,,srmn
Schuurmans,Schuurman,curated,,,,srmns
Schuurmans,Schürmann,curated,,,,srmns
Schwab,Schwabe,curated,,,,svb
Schwabe,Schwab,curated,,,,svb
Schward,Schwartz,curated,,,,svrd
Schwardt,Schwartz,curated,,,,svrdt
Schwartz,Swartz,curated,,,,svrtz
Schwartz,Schwarz,curated,,,,svrtz
Schwartz,Swart,curated,,,,svrtz
Schwartz,Švarc,curated,,,,svrtz
Schwartz,Schwardt,curated,,,,svrtz
Schwartz,Schward,curated,,,,svrtz
Schwartz,von Schwartz,curated,,,,svrtz
Schwarz,Schwartz,curated,,,,svrz
Schweitzer,Schweizer,curated,,,,svtzr
Schweitzer,Schwyzer,curated,,,,svtzr
Schweizer,Schweitzer,curated,,,,svzr
Schweizer,Schwyzer,curated,,,,svzr
Schwyzer,Schweizer,curated,,,,svzr
Schwyzer,Schweitzer,curated,,,,svzr
Schymainski,Szymański,curated,,,,smnsk
Schymainski,Schimanski,sounds,,,,smnsk
Schymainski,Schimansky,sounds,,,,smnsk
SCIABICA,,,IT,archive,Falco,sbc
SCIASCIA,Susugi,sounds,IT,archive,Falco,ss
SCIASCIA,Sousa,sounds,IT,archive,Falco,ss
SCIASCIA,CHIAIESE,sounds,IT,archive,Falco,ss
SCIASCIA,SASSO,sounds,IT,archive,Falco,ss
SCIASCIA,SOSSI,sounds,IT,archive,Falco,ss
SCINIELLO,Schoenle,sounds,IT,archive,Falco,snl
SCINIELLO,Schönel,sounds,IT,archive,Falco,snl
SCINIELLO,Schönle,sounds,IT,archive,Falco,snl
Scott?,,,AU,archive,D'Arcy,sct
Scott?,,,GB,archive,D'Arcy,sct
Scott?,,,IE,archive,D'Arcy,sct
Scura,,,AU,archive,Mazza,scr
Scura,,,IT,archive,Mazza,scr
Scura,,,US,archive,Mazza,scr
SEA,,,IT,archive,Falco,s
SECATORE,,,IT,archive,Falco,sctr
Seger,Segers,curated,,,,sr
Seger,Schuur,sounds,,,,sr
Seger,Scheuer,sounds,,,,sr
Seger,Schür,sounds,,,,sr
Seger,CERIO,sounds,,,,sr
Seger,CIRO,sounds,,,,sr
Seger,SARRO,sounds,,,,sr
Seger,SERAO,sounds,,,,sr
Seger,SERIO,sounds,,,,sr
Seger,SIERO,sounds,,,,sr
Seger,SIRIO,sounds,,,,sr
Seger,SORGI,sounds,,,,sr
Segers,Segert,curated,,,,srs
Segers,Seghers,curated,,,,srs
Segers,Zegers,curated,,,,srs
Segers,Seger,curated,,,,srs
Segers,SARCIA,sounds,,,,srs
Segers,SORICE,sounds,,,,srs
Segert,Segers,curated,,,,srt
Segert,CERRETO,sounds,,,,srt
Segert,SARTI,sounds,,,,srt
Seghers,Segers,curated,,,,srs
Seghers,SARCIA,sounds,,,,srs
Seghers,SORICE,sounds,,,,srs
Seidel,Seidl,curated,,,,sdl
Seidl,Seidel,curated,,,,sdl
Seino,Aono,curated,,,,sn
Sek,Shi,curated,,,,sk
Sek,Seok,sounds,,,,sk
Sek,SEQUA,sounds,,,,sk
Sekula,Sokol,sounds,HR,archive,Blažević,skl
Sekula,Sokil,sounds,HR,archive,Blažević,skl
Selimovic,,,,,,slmvc
SELLARO,Schaller,sounds,IT,archive,Falco,slr
SELLARO,Scheller,sounds,IT,archive,Falco,slr
SELLARO,Schleger,sounds,IT,archive,Falco,slr
SELLONE,SOLANO,sounds,IT,archive,Falco,sln
SELVA,SALVO,sounds,IT,archive,Falco,slv
SELVA,SELVE,sounds,IT,archive,Falco,slv
SELVA,SILVO,sounds,IT,archive,Falco,slv
SELVE,SALVO,sounds,IT,archive,Falco,slv
SELVE,SELVA,sounds,IT,archive,Falco,slv
SELVE,SILVO,sounds,IT,archive,Falco,slv
Semashko,Siemaszko,curated,,,,smshk
Semon,Simon,curated,,,,smn
Seng,Brand,curated,,,,sng
Seng,Sung,sounds,,,,sng
Seng,Song,sounds,,,,sng
Seng,Cheung,sounds,,,,sng
Seng,Seung,sounds,,,,sng
Seng,Seong,sounds,,,,sng
Seng,Chiang,sounds,,,,sng
Seng,Singh,sounds,,,,sng
Seng,Cheng,sounds,,,,sng
Seng,Ching,sounds,,,,sng
Senger,Singer,curated,,,,snr
Senger,Saenger,sounds,,,,snr
Senger,Sänger,sounds,,,,snr
Senger,SANIGER,sounds,,,,snr
Seok,Shi,curated,,,,sk
Seok,Sek,sounds,,,,sk
Seok,SEQUA,sounds,,,,sk
Seon,Xuan,curated,,,,sn
Seong,Chang,curated,,,,sng
Seong,Seng,sounds,,,,sng
Seong,Sung,sounds,,,,sng
Seong,Song,sounds,,,,sng
Seong,Cheung,sounds,,,,sng
Seong,Seung,sounds,,,,sng
Seong,Chiang,sounds,,,,sng
Seong,Singh,sounds,,,,sng
Seong,Cheng,sounds,,,,sng
Seong,Ching,sounds,,,,sng
Seow,Xiao,curated,,,,sv
Seow,Siew,sounds,,,,sv
SEPA,SAPIO,sounds,IT,archive,Falco,sp
SEPA,SAPO,sounds,IT,archive,Falco,sp
SEPA,SEPE,sounds,IT,archive,Falco,sp
SEPA,SEPP,sounds,IT,archive,Falco,sp
SEPE,SAPIO,sounds,IT,archive,Falco,sp
SEPE,SAPO,sounds,IT,archive,Falco,sp
SEPE,SEPA,sounds,IT,archive,Falco,sp
SEPE,SEPP,sounds,IT,archive,Falco,sp
SEPISTELLA,SEPISTELLI,sounds,IT,archive,Falco,spstl
SEPISTELLI,SEPISTELLA,sounds,IT,archive,Falco,spstl
SEPITELLA,SEPITELLI,sounds,IT,archive,Falco,sptl
SEPITELLA,SPITELLA,sounds,IT,archive,Falco,sptl
SEPITELLI,SEPITELLA,sounds,IT,archive,Falco,sptl
SEPITELLI,SPITELLA,sounds,IT,archive,Falco,sptl
SEPP,SAPIO,sounds,IT,archive,Falco,sp
SEPP,SAPO,sounds,IT,archive,Falco,sp
SEPP,SEPA,sounds,IT,archive,Falco,sp
SEPP,SEPE,sounds,IT,archive,Falco,sp
SEQUA,Seok,sounds,IT,archive,Falco,sk
SEQUA,Sek,sounds,IT,archive,Falco,sk
SEQUELLARO,,,IT,archive,Falco,sklr
SERAO,Schuur,sounds,IT,archive,Falco,sr
SERAO,Scheuer,sounds,IT,archive,Falco,sr
SERAO,Seger,sounds,IT,archive,Falco,sr
SERAO,Schür,sounds,IT,archive,Falco,sr
SERAO,CERIO,sounds,IT,archive,Falco,sr
SERAO,CIRO,sounds,IT,archive,Falco,sr
SERAO,SARRO,sounds,IT,archive,Falco,sr
SERAO,SERIO,sounds,IT,archive,Falco,sr
SERAO,SIERO,sounds,IT,archive,Falco,sr
SERAO,SIRIO,sounds,IT,archive,Falco,sr
SERAO,SORGI,sounds,IT,archive,Falco,sr
SERECA,,,IT,archive,Falco,src
SERENA,CERRONE,sounds,IT,archive,Falco,srn
SERENA,SARAUNO,sounds,IT,archive,Falco,srn
SERENA,SIRONE,sounds,IT,archive,Falco,srn
SERENA,SORINO,sounds,IT,archive,Falco,srn
SERENA,SORRINO,sounds,IT,archive,Falco,srn
SERGENTE,SORGENTE,sounds,IT,archive,Falco,srnt
SERGONE,,,IT,archive,Falco,srgn
SERIO,Schuur,sounds,IT,archive,Falco,sr
SERIO,Scheuer,sounds,IT,archive,Falco,sr
SERIO,Seger,sounds,IT,archive,Falco,sr
SERIO,Schür,sounds,IT,archive,Falco,sr
SERIO,CERIO,sounds,IT,archive,Falco,sr
SERIO,CIRO,sounds,IT,archive,Falco,sr
SERIO,SARRO,sounds,IT,archive,Falco,sr
SERIO,SERAO,sounds,IT,archive,Falco,sr
SERIO,SIERO,sounds,IT,archive,Falco,sr
SERIO,SIRIO,sounds,IT,archive,Falco,sr
SERIO,SORGI,sounds,IT,archive,Falco,sr
SERVICA,,,IT,archive,Falco,srvc
Servodio,,,IT,archive,Falco,srvd
Sestan,,,HR,archive,Blažević,sstn
SETTE,Schott,sounds,IT,archive,Falco,st
SETTE,Sato,sounds,IT,archive,Falco,st
SETTE,Saitō,sounds,IT,archive,Falco,st
SETTE,Sotō,sounds,IT,archive,Falco,st
SETTE,Schütte,sounds,IT,archive,Falco,st
SETTE,CITO,sounds,IT,archive,Falco,st
SETTE,SETTI,sounds,IT,archive,Falco,st
SETTE,SOTTI,sounds,IT,archive,Falco,st
SETTE,SOTTO,sounds,IT,archive,Falco,st
SETTE,Sojat,sounds,IT,archive,Falco,st
SETTI,Schott,sounds,IT,archive,Falco,st
SETTI,Sato,sounds,IT,archive,Falco,st
SETTI,Saitō,sounds,IT,archive,Falco,st
SETTI,Sotō,sounds,IT,archive,Falco,st
SETTI,Schütte,sounds,IT,archive,Falco,st
SETTI,CITO,sounds,IT,archive,Falco,st
SETTI,SETTE,sounds,IT,archive,Falco,st
SETTI,SOTTI,sounds,IT,archive,Falco,st
SETTI,SOTTO,sounds,IT,archive,Falco,st
SETTI,Sojat,sounds,IT,archive,Falco,st
Seung,Chang,curated,,,,sng
Seung,Seng,sounds,,,,sng
Seung,Sung,sounds,,,,sng
Seung,Song,sounds,,,,sng
Seung,Cheung,sounds,,,,sng
Seung,Seong,sounds,,,,sng
Seung,Chiang,sounds,,,,sng
Seung,Singh,sounds,,,,sng
Seung,Cheng,sounds,,,,sng
Seung,Ching,sounds,,,,sng
SEVERINO,SAVERINO,sounds,IT,archive,Falco,svrn
SFOGLIA,,,IT,archive,Falco,sfgl
SFONA,CIOFFANI,sounds,IT,archive,Falco,sfn
SFONA,SOFANO,sounds,IT,archive,Falco,sfn
SFORZA,,,IT,archive,Falco,sfrz
Sgambato,,,IT,archive,Falco,sgmbt
Shambul Marić,,,HR,archive,Blažević,shmbl mr
Shan,Sin,curated,,,,shn
Shan,Shin,sounds,,,,shn
Shan,Shen,sounds,,,,shn
Shan,Şahin,sounds,,,,shn
Shan,Şahan,sounds,,,,shn
Shan,Shone,sounds,,,,shn
Shao,So,curated,,,,sh
Shao,Shige,sounds,,,,sh
Shao,Shi,sounds,,,,sh
Shao,Shiu,sounds,,,,sh
Shao,Sheu,sounds,,,,sh
Shao,She,sounds,,,,sh
Shao,Cheah,sounds,,,,sh
Shaughnessy,O'Shaughnessy,curated,,,,shgns
She,Sa,curated,,,,sh
She,Sheh,curated,,,,sh
She,Shige,sounds,,,,sh
She,Shi,sounds,,,,sh
She,Shiu,sounds,,,,sh
She,Sheu,sounds,,,,sh
She,Shao,sounds,,,,sh
She,Cheah,sounds,,,,sh
Sheh,She,curated,,,,shh
Shek,Shi,curated,,,,shk
Shen,Shim,curated,,,,shn
Shen,Sim,curated,,,,shn
Shen,Sam,curated,,,,shn
Shen,Sum,curated,,,,shn
Shen,Thẩm,curated,,,,shn
Shen,Shin,curated,,,,shn
Shen,Shan,sounds,,,,shn
Shen,Şahin,sounds,,,,shn
Shen,Şahan,sounds,,,,shn
Shen,Shone,sounds,,,,shn
Shephard,Shepherd,curated,,,,shfrd
Shepherd,Shephard,curated,,,,shfrd
Sheu,Xu,curated,,,,sh
Sheu,Shige,sounds,,,,sh
Sheu,Shi,sounds,,,,sh
Sheu,Shiu,sounds,,,,sh
Sheu,She,sounds,,,,sh
Sheu,Shao,sounds,,,,sh
Sheu,Cheah,sounds,,,,sh
Sheung,Chang,curated,,,,shng
Shi,Sa,curated,,,,sh
Shi,Si,curated,,,,sh
Shi,Sze,curated,,,,sh
Shi,Seok,curated,,,,sh
Shi,Shek,curated,,,,sh
Shi,Sek,curated,,,,sh
Shi,Shige,sounds,,,,sh
Shi,Shiu,sounds,,,,sh
Shi,Sheu,sounds,,,,sh
Shi,She,sounds,,,,sh
Shi,Shao,sounds,,,,sh
Shi,Cheah,sounds,,,,sh
Shifman,Schiffman,curated,,,,shfmn
Shige,Hayashi,curated,,,,sh
Shige,Shi,sounds,,,,sh
Shige,Shiu,sounds,,,,sh
Shige,Sheu,sounds,,,,sh
Shige,She,sounds,,,,sh
Shige,Shao,sounds,,,,sh
Shige,Cheah,sounds,,,,sh
Shigeru,Hayashi,curated,,,,shr
Shim,Shen,curated,,,,shm
Shin,Xin,curated,,,,shn
Shin,Shen,curated,,,,shn
Shin,Shan,sounds,,,,shn
Shin,Şahin,sounds,,,,shn
Shin,Şahan,sounds,,,,shn
Shin,Shone,sounds,,,,shn
Shiu,Xu,curated,,,,sh
Shiu,Shige,sounds,,,,sh
Shiu,Shi,sounds,,,,sh
Shiu,Sheu,sounds,,,,sh
Shiu,She,sounds,,,,sh
Shiu,Shao,sounds,,,,sh
Shiu,Cheah,sounds,,,,sh
Shone,Schon,curated,,,,shn
Shone,Shin,sounds,,,,shn
Shone,Shen,sounds,,,,shn
Shone,Shan,sounds,,,,shn
Shone,Şahin,sounds,,,,shn
Shone,Şahan,sounds,,,,shn
Shott,Schott,curated,,,,sht
Shpak,Szpak,curated,,,,shpk
Shpak,Spak,curated,,,,shpk
Shryoter,Schröter,curated,,,,shrtr
Shtern,Stern,curated,,,,shtrn
Shteyn,Stein,curated,,,,shtn
Shulman,Schulman,curated,,,,shlmn
Shumsky,Szumski,curated,,,,shmsk
Si,Shi,curated,,,,s
Sian,Xián,curated,,,,sn
Siau,Xiao,curated,,,,s
SIBILLA,SIBILLO,sounds,IT,archive,Falco,sbl
SIBILLO,SIBILLA,sounds,IT,archive,Falco,sbl
SICILIANO,,,IT,archive,Falco,ssln
Siciliatto,,,IT,archive,Falco,sslt
Siemaszko,Semashko,curated,,,,smsk
Siemaszko,Szumski,sounds,,,,smsk
Siemens,Simon,curated,,,,smns
Siemonsen,Simonsson,curated,,,,smnsn
Siemonsen,Simonson,sounds,,,,smnsn
Siemonsen,Simonsen,sounds,,,,smnsn
SIERO,Schuur,sounds,IT,archive,Falco,sr
SIERO,Scheuer,sounds,IT,archive,Falco,sr
SIERO,Seger,sounds,IT,archive,Falco,sr
SIERO,Schür,sounds,IT,archive,Falco,sr
SIERO,CERIO,sounds,IT,archive,Falco,sr
SIERO,CIRO,sounds,IT,archive,Falco,sr
SIERO,SARRO,sounds,IT,archive,Falco,sr
SIERO,SERAO,sounds,IT,archive,Falco,sr
SIERO,SERIO,sounds,IT,archive,Falco,sr
SIERO,SIRIO,sounds,IT,archive,Falco,sr
SIERO,SORGI,sounds,IT,archive,Falco,sr
Siever,Sievers,curated,,,,svr
Sievers,Siever,curated,,,,svrs
Siew,Xiao,curated,,,,sv
Siew,Seow,sounds,,,,sv
Silađi,Szilágyi,curated,,,,sld
Silađi,Schild,sounds,,,,sld
Silaghi,Szilágyi,curated,,,,sl
Silaghi,Sulle,sounds,,,,sl
Silaghi,Sulley,sounds,,,,sl
Silaghi,Sulli,sounds,,,,sl
Silaghi,CILLO,sounds,,,,sl
Silaghi,SOLLI,sounds,,,,sl
Silberman,Zylberman,curated,,,,slbrmn
Silberman,Silverman,curated,,,,slbrmn
Silberman,Zilberman,curated,,,,slbrmn
Silberman,Silbermann,curated,,,,slbrmn
Silbermann,Silberman,curated,,,,slbrmn
Šiliņš,,,,,,slns
Silverman,Silberman,curated,,,,slvrmn
SILVESTRI,,,IT,archive,Falco,slvstr
SILVO,SALVO,sounds,IT,archive,Falco,slv
SILVO,SELVA,sounds,IT,archive,Falco,slv
SILVO,SELVE,sounds,IT,archive,Falco,slv
Sim,Shen,curated,,,,sm
Sim,Sam,sounds,,,,sm
Sim,Sum,sounds,,,,sm
Sim,SAUME,sounds,,,,sm
Simeon,Simon,curated,,,,smn
SIMEONE,,,IT,archive,Falco,smn
Simion,Simon,curated,,,,smn
SIMIONE,,,IT,archive,Falco,smn
SIMMINO,,,IT,archive,Falco,smn
Simon,Symon,curated,,,,smn
Simon,Simeon,curated,,,,smn
Simon,Siemens,curated,,,,smn
Simon,Semon,curated,,,,smn
Simon,Simion,curated,,,,smn
Simon,Szymon,curated,,,,smn
Simon,Simonti,curated,,,,smn
Simon,Simono,curated,,,,smn
SIMONCELLO,,,IT,archive,Falco,smnsl
Simonetta,Simonti,sounds,IT,archive,Falco,smnt
Simono,Simon,curated,,,,smn
Simonsen,Simonsson,curated,,,,smnsn
Simonsen,Simonson,sounds,,,,smnsn
Simonsen,Siemonsen,sounds,,,,smnsn
Simonson,Simonsson,curated,,,,smnsn
Simonson,Simonsen,sounds,,,,smnsn
Simonson,Siemonsen,sounds,,,,smnsn
Simonsson,Simonson,curated,,,,smnsn
Simonsson,Simonsen,curated,,,,smnsn
Simonsson,Siemonsen,curated,,,,smnsn
Simonti,Simon,curated,,,,smnt
Simonti,Simonetta,sounds,,,,smnt
Simpson,Simpsons,curated,,,,smpsn
Simpsons,Simpson,curated,,,,smpsns
Sin,Xin,curated,,,,sn
Sin,Shan,curated,,,,sn
Singer,Senger,curated,,,,snr
Singer,Saenger,curated,,,,snr
Singer,Sänger,curated,,,,snr
Singer,Singerer,curated,,,,snr
Singer,Sangmeister,curated,,,,snr
Singer,SANIGER,sounds,,,,snr
Singerer,Singer,curated,,,,snrr
Singh,Sinha,curated,,,,sng
Singh,Seng,sounds,,,,sng
Singh,Sung,sounds,,,,sng
Singh,Song,sounds,,,,sng
Singh,Cheung,sounds,,,,sng
Singh,Seung,sounds,,,,sng
Singh,Seong,sounds,,,,sng
Singh,Chiang,sounds,,,,sng
Singh,Cheng,sounds,,,,sng
Singh,Ching,sounds,,,,sng
Sinha,Singh,curated,,,,snh
Sio,Xiao,curated,,,,s
SIRIO,Schuur,sounds,IT,archive,Falco,sr
SIRIO,Scheuer,sounds,IT,archive,Falco,sr
SIRIO,Seger,sounds,IT,archive,Falco,sr
SIRIO,Schür,sounds,IT,archive,Falco,sr
SIRIO,CERIO,sounds,IT,archive,Falco,sr
SIRIO,CIRO,sounds,IT,archive,Falco,sr
SIRIO,SARRO,sounds,IT,archive,Falco,sr
SIRIO,SERAO,sounds,IT,archive,Falco,sr
SIRIO,SERIO,sounds,IT,archive,Falco,sr
SIRIO,SIERO,sounds,IT,archive,Falco,sr
SIRIO,SORGI,sounds,IT,archive,Falco,sr
SIRONE,CERRONE,sounds,IT,archive,Falco,srn
SIRONE,SARAUNO,sounds,IT,archive,Falco,srn
SIRONE,SERENA,sounds,IT,archive,Falco,srn
SIRONE,SORINO,sounds,IT,archive,Falco,srn
SIRONE,SORRINO,sounds,IT,archive,Falco,srn
Siu,Xiao,curated,,,,s
Sjostrand,,,,,,sstrnd
Škofa,,,HR,archive,Blažević,skf
Skram,Schramm,curated,,,,skrm
Skuzzi,,,HR,archive,Blažević,skz
Slegel,Schlegel,curated,,,,sll
Slegel,Schlägel,sounds,,,,sll
Sliwinski,,,,,,slvnsk
Smed,Smith,curated,,,,smd
Smed,Schmid,sounds,,,,smd
Smed,Schmied,sounds,,,,smd
Smed,Szmyd,sounds,,,,smd
Smed,Smid,sounds,,,,smd
Smid,Smit,curated,,,,smd
Smid,Schmid,sounds,,,,smd
Smid,Schmied,sounds,,,,smd
Smid,Szmyd,sounds,,,,smd
Smid,Smed,sounds,,,,smd
Smidt,Smith,curated,,,,smdt
Smidt,Schmid,curated,,,,smdt
Smidt,Schmidt,sounds,,,,smdt
Smidt,Smidth,sounds,,,,smdt
Smidth,Smith,curated,,,,smdt
Smidth,Schmidt,sounds,,,,smdt
Smidth,Smidt,sounds,,,,smdt
Smirnoff,Smirnov,curated,,,,smrnf
Smirnov,Smirnoff,curated,,,,smrnv
Smirnov,Smirnovs,curated,,,,smrnv
Smirnovs,Smirnov,curated,,,,smrnvs
Smit,Smith,curated,,,,smt
Smit,Szmyd,curated,,,,smt
Smit,Smid,curated,,,,smt
Smit,Smitt,sounds,,,,smt
Smit,Smythe,sounds,,,,smt
Smit,Smyth,sounds,,,,smt
Smit,Szmyt,sounds,,,,smt
Smit,Schmitt,sounds,,,,smt
Smit,Schmit,sounds,,,,smt
Smith,Schmid,curated,IT,archive,Falco,smt
Smith,Smit,curated,IT,archive,Falco,smt
Smith,Smitt,curated,IT,archive,Falco,smt
Smith,Schmidt,curated,IT,archive,Falco,smt
Smith,Smythe,curated,IT,archive,Falco,smt
Smith,Schmied,curated,IT,archive,Falco,smt
Smith,Smyth,curated,IT,archive,Falco,smt
Smith,Smidt,curated,IT,archive,Falco,smt
Smith,Szmyt,curated,IT,archive,Falco,smt
Smith,Smed,curated,IT,archive,Falco,smt
Smith,de Coninck-Smith,curated,IT,archive,Falco,smt
Smith,Smidth,curated,IT,archive,Falco,smt
Smith,Schmitt,sounds,IT,archive,Falco,smt
Smith,Schmit,sounds,IT,archive,Falco,smt
Smitt,Smith,curated,,,,smt
Smitt,Schmid,curated,,,,smt
Smitt,Smit,sounds,,,,smt
Smitt,Smythe,sounds,,,,smt
Smitt,Smyth,sounds,,,,smt
Smitt,Szmyt,sounds,,,,smt
Smitt,Schmitt,sounds,,,,smt
Smitt,Schmit,sounds,,,,smt
Smojver,,,HR,archive,Blažević,smvr
Smojver Vukić,,,HR,archive,Blažević,smvr vkc
Smołka,,,,,,smlk
Smyth,Smith,curated,,,,smt
Smyth,Smit,sounds,,,,smt
Smyth,Smitt,sounds,,,,smt
Smyth,Smythe,sounds,,,,smt
Smyth,Szmyt,sounds,,,,smt
Smyth,Schmitt,sounds,,,,smt
Smyth,Schmit,sounds,,,,smt
Smythe,Smith,curated,,,,smt
Smythe,Smit,sounds,,,,smt
Smythe,Smitt,sounds,,,,smt
Smythe,Smyth,sounds,,,,smt
Smythe,Szmyt,sounds,,,,smt
Smythe,Schmitt,sounds,,,,smt
Smythe,Schmit,sounds,,,,smt
Sneyd,Sandy,sounds,AU,archive,D'Arcy,snd
Sneyd,Sandy,sounds,GB,archive,D'Arcy,snd
Sneyd,Sandy,sounds,IE,archive,D'Arcy,snd
So,Su,curated,,,,s
So,Shao,curated,,,,s
So,Xiao,curated,,,,s
So,Zōng,curated,,,,s
SODANO,,,IT,archive,Falco,sdn
Soderstrom,,,,,,sdrstrm
SOFANO,CIOFFANI,sounds,IT,archive,Falco,sfn
SOFANO,SFONA,sounds,IT,archive,Falco,sfn
Sofer,Szofer,curated,,,,sfr
Sofer,Schaeffer,sounds,,,,sfr
Sofer,Schafer,sounds,,,,sfr
Sofer,Schäffer,sounds,,,,sfr
Sofer,Schaefer,sounds,,,,sfr
Sofer,Safr,sounds,,,,sfr
Sofi,Safuji,sounds,AU,archive,Mazza,sf
Sofi,Safuji,sounds,IT,archive,Mazza,sf
Sofi,Safuji,sounds,US,archive,Mazza,sf
Sofi,CIOFFI,sounds,AU,archive,Mazza,sf
Sofi,CIOFFI,sounds,IT,archive,Mazza,sf
Sofi,CIOFFI,sounds,US,archive,Mazza,sf
Soghomonyan,Sogomonyan,curated,,,,sgmnn
Sogomonyan,Soghomonyan,curated,,,,sgmnn
Sojat,Schott,sounds,HR,archive,Blažević,st
Sojat,Sato,sounds,HR,archive,Blažević,st
Sojat,Saitō,sounds,HR,archive,Blažević,st
Sojat,Sotō,sounds,HR,archive,Blažević,st
Sojat,Schütte,sounds,HR,archive,Blažević,st
Sojat,CITO,sounds,HR,archive,Blažević,st
Sojat,SETTE,sounds,HR,archive,Blažević,st
Sojat,SETTI,sounds,HR,archive,Blažević,st
Sojat,SOTTI,sounds,HR,archive,Blažević,st
Sojat,SOTTO,sounds,HR,archive,Blažević,st
Sokil,Falke,curated,,,,skl
Sokil,Sokol,sounds,,,,skl
Sokil,Sekula,sounds,,,,skl
Sokol,Falke,curated,,,,skl
Sokol,Sokil,sounds,,,,skl
Sokol,Sekula,sounds,,,,skl
SOLANO,SELLONE,sounds,IT,archive,Falco,sln
SOLDUTO,Schildt,sounds,IT,archive,Falco,sldt
Šolić,Schalch,sounds,HR,archive,Blažević,slc
SOLIMENE,Schulman,sounds,IT,archive,Falco,slmn
SOLIMENE,SOLIMENO,sounds,IT,archive,Falco,slmn
SOLIMENO,Schulman,sounds,IT,archive,Falco,slmn
SOLIMENO,SOLIMENE,sounds,IT,archive,Falco,slmn
SOLLI,Silaghi,sounds,IT,archive,Falco,sl
SOLLI,Sulle,sounds,IT,archive,Falco,sl
SOLLI,Sulley,sounds,IT,archive,Falco,sl
SOLLI,Sulli,sounds,IT,archive,Falco,sl
SOLLI,CILLO,sounds,IT,archive,Falco,sl
Solovyov,Solowjow,curated,,,,slvv
Solowjow,Solovyov,curated,,,,slvv
Sołtys,,,,,,slts
Somer,Sommer,curated,,,,smr
Somer,Summer,sounds,,,,smr
Sommer,Sommers,curated,,,,smr
Sommer,Summer,curated,,,,smr
Sommer,Somer,curated,,,,smr
Sommers,Sommer,curated,,,,smrs
SOMPONE,,,IT,archive,Falco,smpn
Son,Sun,curated,,,,sn
Sondag,Sonntag,curated,,,,sndg
Sondag,Sundag,sounds,,,,sndg
Sondag,Sonndag,sounds,,,,sndg
Song,Sung,curated,,,,sng
Song,Tống,curated,,,,sng
Song,Seng,sounds,,,,sng
Song,Cheung,sounds,,,,sng
Song,Seung,sounds,,,,sng
Song,Seong,sounds,,,,sng
Song,Chiang,sounds,,,,sng
Song,Singh,sounds,,,,sng
Song,Cheng,sounds,,,,sng
Song,Ching,sounds,,,,sng
SONICE,SANSA,sounds,IT,archive,Falco,sns
Sonndag,Sonntag,curated,,,,sndg
Sonndag,Sondag,sounds,,,,sndg
Sonndag,Sundag,sounds,,,,sndg
Sonnentag,Sonntag,curated,,,,snntg
Sonntag,Sondag,curated,,,,sntg
Sonntag,Sonnentag,curated,,,,sntg
Sonntag,Sontag,curated,,,,sntg
Sonntag,Sundag,curated,,,,sntg
Sonntag,Sonndag,curated,,,,sntg
Sonntag,Santiago,sounds,,,,sntg
Sontag,Sonntag,curated,,,,sntg
Sontag,Santiago,sounds,,,,sntg
SONZA,,,IT,archive,Falco,snz
Soo,Su,curated,,,,s
SORBI,,,IT,archive,Falco,srb
SORBONE,,,IT,archive,Falco,srbn
SORDELISI,,,IT,archive,Falco,srdls
SORDINO,,,IT,archive,Falco,srdn
SORGENTE,SERGENTE,sounds,IT,archive,Falco,srnt
SORGI,Schuur,sounds,IT,archive,Falco,sr
SORGI,Scheuer,sounds,IT,archive,Falco,sr
SORGI,Seger,sounds,IT,archive,Falco,sr
SORGI,Schür,sounds,IT,archive,Falco,sr
SORGI,CERIO,sounds,IT,archive,Falco,sr
SORGI,CIRO,sounds,IT,archive,Falco,sr
SORGI,SARRO,sounds,IT,archive,Falco,sr
SORGI,SERAO,sounds,IT,archive,Falco,sr
SORGI,SERIO,sounds,IT,archive,Falco,sr
SORGI,SIERO,sounds,IT,archive,Falco,sr
SORGI,SIRIO,sounds,IT,archive,Falco,sr
SORICE,Segers,sounds,IT,archive,Falco,srs
SORICE,Seghers,sounds,IT,archive,Falco,srs
SORICE,SARCIA,sounds,IT,archive,Falco,srs
SORINO,CERRONE,sounds,IT,archive,Falco,srn
SORINO,SARAUNO,sounds,IT,archive,Falco,srn
SORINO,SERENA,sounds,IT,archive,Falco,srn
SORINO,SIRONE,sounds,IT,archive,Falco,srn
SORINO,SORRINO,sounds,IT,archive,Falco,srn
SOROLO,SORRELLA,sounds,IT,archive,Falco,srl
SORRELLA,SOROLO,sounds,IT,archive,Falco,srl
SORRENTINO,,,IT,archive,Falco,srntn
SORRINO,CERRONE,sounds,IT,archive,Falco,srn
SORRINO,SARAUNO,sounds,IT,archive,Falco,srn
SORRINO,SERENA,sounds,IT,archive,Falco,srn
SORRINO,SIRONE,sounds,IT,archive,Falco,srn
SORRINO,SORINO,sounds,IT,archive,Falco,srn
SOSSI,Susugi,sounds,IT,archive,Falco,ss
SOSSI,Sousa,sounds,IT,archive,Falco,ss
SOSSI,CHIAIESE,sounds,IT,archive,Falco,ss
SOSSI,SASSO,sounds,IT,archive,Falco,ss
SOSSI,SCIASCIA,sounds,IT,archive,Falco,ss
Sotnikov,Sotnykov,curated,,,,stnkv
Sotnykov,Sotnikov,curated,,,,stnkv
Sotō,Satō,curated,,,,st
Sotō,Schott,sounds,,,,st
Sotō,Sato,sounds,,,,st
Sotō,Saitō,sounds,,,,st
Sotō,Schütte,sounds,,,,st
Sotō,CITO,sounds,,,,st
Sotō,SETTE,sounds,,,,st
Sotō,SETTI,sounds,,,,st
Sotō,SOTTI,sounds,,,,st
Sotō,SOTTO,sounds,,,,st
Sotō,Sojat,sounds,,,,st
SOTTANELLI,,,IT,archive,Falco,stnl
SOTTI,Schott,sounds,IT,archive,Falco,st
SOTTI,Sato,sounds,IT,archive,Falco,st
SOTTI,Saitō,sounds,IT,archive,Falco,st
SOTTI,Sotō,sounds,IT,archive,Falco,st
SOTTI,Schütte,sounds,IT,archive,Falco,st
SOTTI,CITO,sounds,IT,archive,Falco,st
SOTTI,SETTE,sounds,IT,archive,Falco,st
SOTTI,SETTI,sounds,IT,archive,Falco,st
SOTTI,SOTTO,sounds,IT,archive,Falco,st
SOTTI,Sojat,sounds,IT,archive,Falco,st
SOTTICONE,,,IT,archive,Falco,stcn
SOTTO,Schott,sounds,IT,archive,Falco,st
SOTTO,Sato,sounds,IT,archive,Falco,st
SOTTO,Saitō,sounds,IT,archive,Falco,st
SOTTO,Sotō,sounds,IT,archive,Falco,st
SOTTO,Schütte,sounds,IT,archive,Falco,st
SOTTO,CITO,sounds,IT,archive,Falco,st
SOTTO,SETTE,sounds,IT,archive,Falco,st
SOTTO,SETTI,sounds,IT,archive,Falco,st
SOTTO,SOTTI,sounds,IT,archive,Falco,st
SOTTO,Sojat,sounds,IT,archive,Falco,st
SOTTONE,Stein,sounds,IT,archive,Falco,stn
SOTTONE,Steen,sounds,IT,archive,Falco,stn
SOTTONE,Sten,sounds,IT,archive,Falco,stn
SOTTONE,Steyn,sounds,IT,archive,Falco,stn
SOTTONE,Schettini,sounds,IT,archive,Falco,stn
SOTTONE,Sutton,sounds,IT,archive,Falco,stn
Sou,Su,curated,,,,s
Sousa,Souza,curated,,,,ss
Sousa,Susugi,sounds,,,,ss
Sousa,CHIAIESE,sounds,,,,ss
Sousa,SASSO,sounds,,,,ss
Sousa,SCIASCIA,sounds,,,,ss
Sousa,SOSSI,sounds,,,,ss
Souza,Sousa,curated,,,,sz
Souza,Suzugi,sounds,,,,sz
Souza,SOZZO,sounds,,,,sz
SOZZO,Suzugi,sounds,IT,archive,Falco,sz
SOZZO,Souza,sounds,IT,archive,Falco,sz
SPADAVECCHIA,,,IT,archive,Falco,spdvcs
Spahic,,,,,,sphc
Spak,Shpak,curated,,,,spk
Spak,Szpak,sounds,,,,spk
SPANELLA,SPINELLO,sounds,IT,archive,Falco,spnl
SPANELLA,Spenelli,sounds,IT,archive,Falco,spnl
SPANELLA,Spinelli,sounds,IT,archive,Falco,spnl
SPARANO,,,IT,archive,Falco,sprn
SPARULO,,,IT,archive,Falco,sprl
Specht,Grünspecht,curated,,,,spct
Specht,Spechter,curated,,,,spct
Specht,Baumhäckel,curated,,,,spct
Spechter,Specht,curated,,,,spctr
Spencer,Spenser,curated,,,,spnsr
Spenelli,SPANELLA,sounds,AU,archive,Mazza,spnl
Spenelli,SPANELLA,sounds,IT,archive,Mazza,spnl
Spenelli,SPANELLA,sounds,US,archive,Mazza,spnl
Spenelli,SPINELLO,sounds,AU,archive,Mazza,spnl
Spenelli,SPINELLO,sounds,IT,archive,Mazza,spnl
Spenelli,SPINELLO,sounds,US,archive,Mazza,spnl
Spenelli,Spinelli,sounds,AU,archive,Mazza,spnl
Spenelli,Spinelli,sounds,IT,archive,Mazza,spnl
Spenelli,Spinelli,sounds,US,archive,Mazza,spnl
Spenser,Spencer,curated,,,,spnsr
Spiegel,Spiegler,curated,,,,spl
Spiegel,Spiegelberg,curated,,,,spl
Spiegel,CIPOLO,sounds,,,,spl
Spiegelberg,Spiegel,curated,,,,splbrg
Spiegler,Spiegel,curated,,,,spglr
SPINA,,,IT,archive,Falco,spn
Spinelli,SPANELLA,sounds,AU,archive,Mazza,spnl
Spinelli,SPANELLA,sounds,IT,archive,Mazza,spnl
Spinelli,SPANELLA,sounds,US,archive,Mazza,spnl
Spinelli,SPINELLO,sounds,AU,archive,Mazza,spnl
Spinelli,SPINELLO,sounds,IT,archive,Mazza,spnl
Spinelli,SPINELLO,sounds,US,archive,Mazza,spnl
Spinelli,Spenelli,sounds,AU,archive,Mazza,spnl
Spinelli,Spenelli,sounds,IT,archive,Mazza,spnl
Spinelli,Spenelli,sounds,US,archive,Mazza,spnl
SPINELLO,SPANELLA,sounds,IT,archive,Falco,spnl
SPINELLO,Spenelli,sounds,IT,archive,Falco,spnl
SPINELLO,Spinelli,sounds,IT,archive,Falco,spnl
SPINOSA,,,IT,archive,Falco,spns
SPITELLA,SEPITELLA,sounds,IT,archive,Falco,sptl
SPITELLA,SEPITELLI,sounds,IT,archive,Falco,sptl
Spitz,Spitzner,curated,,,,sptz
Spitzer,Spitzner,curated,,,,sptzr
Spitzler,Spitzner,curated,,,,sptzlr
Spitzmann,Spitzner,curated,,,,sptzmn
Spitzner,Spitz,curated,,,,sptznr
Spitzner,Spitzer,curated,,,,sptznr
Spitzner,Spitzmann,curated,,,,sptznr
Spitzner,Spitzler,curated,,,,sptznr
SPORTADEA,,,IT,archive,Falco,sprtd
SPORTELLARO,,,IT,archive,Falco,sprtlr
SPOSATO,Sposito,sounds,IT,archive,Falco,spst
Sposito,Esposito,curated,IT,archive,Falco,spst
Sposito,SPOSATO,sounds,IT,archive,Falco,spst
SPOSO,,,IT,archive,Falco,sps
Srdoč,,,HR,archive,Blažević,srdc
St Leger,St. Leger,sounds,AU,archive,D'Arcy,st lr
St Leger,St. Leger,sounds,GB,archive,D'Arcy,st lr
St Leger,St. Leger,sounds,IE,archive,D'Arcy,st lr
St. Leger,St Leger,sounds,AU,archive,D'Arcy,st lr
St. Leger,St Leger,sounds,GB,archive,D'Arcy,st lr
St. Leger,St Leger,sounds,IE,archive,D'Arcy,st lr
Staal,Stahl,curated,,,,stl
Staal,Stoll,sounds,,,,stl
Staal,Stolle,sounds,,,,stl
Stadel,Stadler,curated,,,,stdl
Stadelmann,Stadler,curated,,,,stdlmn
Stadelmeier,Stadler,curated,,,,stdlmr
Stadler,Stadel,curated,,,,stdlr
Stadler,Stadelmann,curated,,,,stdlr
Stadler,Stadelmeier,curated,,,,stdlr
Staehlin,Stahl,curated,,,,sthln
Staehlin,Stählin,sounds,,,,sthln
Stahl,Staehlin,curated,,,,sthl
Stahl,Stahlberg,curated,,,,sthl
Stahl,Stählin,curated,,,,sthl
Stahl,Staal,curated,,,,sthl
Stahl,Stahlmann,curated,,,,sthl
Stahlberg,Stahl,curated,,,,sthlbrg
Stählin,Stahl,curated,,,,sthln
Stählin,Staehlin,sounds,,,,sthln
Stahlmann,Stahl,curated,,,,sthlmn
Štajner,Steiner,curated,,,,stnr
Stanczak,Stasiak,curated,,,,stnck
Starck,Stark,curated,,,,strk
Starck,Starke,sounds,,,,strk
Starck,Stork,sounds,,,,strk
Starck,Starcke,sounds,,,,strk
Starcke,Stark,curated,,,,strk
Starcke,Starke,sounds,,,,strk
Starcke,Stork,sounds,,,,strk
Starcke,Starck,sounds,,,,strk
Stark,Starker,curated,,,,strk
Stark,Starck,curated,,,,strk
Stark,Starke,curated,,,,strk
Stark,Starcke,curated,,,,strk
Stark,Stärker,curated,,,,strk
Stark,Stork,sounds,,,,strk
Starke,Starker,curated,,,,strk
Starke,Stark,curated,,,,strk
Starke,Stork,sounds,,,,strk
Starke,Starck,sounds,,,,strk
Starke,Starcke,sounds,,,,strk
Starker,Stark,curated,,,,strkr
Starker,Starke,curated,,,,strkr
Stasak,Stasiak,curated,,,,stsk
Stasak,Stašek,sounds,,,,stsk
Stasak,Staszak,sounds,,,,stsk
Stašek,Stasiak,curated,,,,stsk
Stašek,Staszak,sounds,,,,stsk
Stašek,Stasak,sounds,,,,stsk
Stasiak,Stašek,curated,,,,stsk
Stasiak,Stanczak,curated,,,,stsk
Stasiak,Staszak,curated,,,,stsk
Stasiak,Stasak,curated,,,,stsk
Stasiak,Stašák,curated,,,,stsk
Staszak,Stasiak,curated,,,,stsk
Staszak,Stašek,sounds,,,,stsk
Staszak,Stasak,sounds,,,,stsk
STATICA,,,IT,archive,Falco,sttc
Stauch,Stough,curated,,,,stc
Stearns,Stern,curated,,,,strns
Steen,Stein,curated,,,,stn
Steen,Sten,sounds,,,,stn
Steen,Steyn,sounds,,,,stn
Steen,Schettini,sounds,,,,stn
Steen,SOTTONE,sounds,,,,stn
Steen,Sutton,sounds,,,,stn
STEFANICA,,,IT,archive,Falco,stfnc
STEFANILE,,,IT,archive,Falco,stfnl
STEFANO,,,IT,archive,Falco,stfn
Steffens,Stevens,curated,,,,stfns
Stein,Steiner,curated,,,,stn
Stein,Shteyn,curated,,,,stn
Stein,Steen,curated,,,,stn
Stein,Sten,curated,,,,stn
Stein,Steyn,curated,,,,stn
Stein,Steines,curated,,,,stn
Stein,Stén,curated,,,,stn
Stein,Schettini,sounds,,,,stn
Stein,SOTTONE,sounds,,,,stn
Stein,Sutton,sounds,,,,stn
Steinberg,Steinberger,curated,,,,stnbrg
Steinberger,Steinberg,curated,,,,stnbrr
Steinbrenner,Brenner,curated,,,,stnbrnr
Steiner,Stein,curated,,,,stnr
Steiner,Štajner,curated,,,,stnr
Steines,Stein,curated,,,,stns
Stellmacher,Wagner,curated,,,,stlmsr
Sten,Stein,curated,,,,stn
Sten,Steen,sounds,,,,stn
Sten,Steyn,sounds,,,,stn
Sten,Schettini,sounds,,,,stn
Sten,SOTTONE,sounds,,,,stn
Sten,Sutton,sounds,,,,stn
Stephenson,Stevenson,curated,,,,stfnsn
Stern,Csillag,curated,,,,strn
Stern,Sterner,curated,,,,strn
Stern,Shtern,curated,,,,strn
Stern,Stearns,curated,,,,strn
Stern,SATURANO,sounds,,,,strn
Sterner,Stern,curated,,,,strnr
Steven,Stevens,curated,,,,stvn
Stevens,Steffens,curated,,,,stvns
Stevens,Steven,curated,,,,stvns
Stevenson,Stephenson,curated,,,,stvnsn
Steward,Stewart,curated,,,,stvrd
Stewart,Steward,curated,,,,stvrt
Stewart,Stuart,curated,,,,stvrt
Stewart,Estuardo,curated,,,,stvrt
Steyn,Stein,curated,,,,stn
Steyn,Steen,sounds,,,,stn
Steyn,Sten,sounds,,,,stn
Steyn,Schettini,sounds,,,,stn
Steyn,SOTTONE,sounds,,,,stn
Steyn,Sutton,sounds,,,,stn
Štimac,,,HR,archive,Blažević,stmc
Stock,Stockmann,curated,,,,stk
Stock,Stork,curated,,,,stk
Stock,Stocker,curated,,,,stk
Stock,Stokes,curated,,,,stk
Stock,Stokke,curated,,,,stk
Stock,Stok,curated,,,,stk
Stock,Stoke,curated,,,,stk
Stock,Stocke,curated,,,,stk
Stock,Stockman,curated,,,,stk
Stock,Stockel,curated,,,,stk
Stock,Stöckel,curated,,,,stk
Stock,Stöke,curated,,,,stk
Stocke,Stock,curated,,,,stk
Stocke,Stokke,sounds,,,,stk
Stocke,Stok,sounds,,,,stk
Stocke,Stoke,sounds,,,,stk
Stockel,Stock,curated,,,,stkl
Stocker,Stock,curated,,,,stkr
Stockman,Stock,curated,,,,stkmn
Stockman,Stockmann,sounds,,,,stkmn
Stockmann,Stock,curated,,,,stkmn
Stockmann,Stockman,sounds,,,,stkmn
Stok,Stock,curated,,,,stk
Stok,Stokke,sounds,,,,stk
Stok,Stoke,sounds,,,,stk
Stok,Stocke,sounds,,,,stk
Stoke,Stock,curated,,,,stk
Stoke,Stokke,sounds,,,,stk
Stoke,Stok,sounds,,,,stk
Stoke,Stocke,sounds,,,,stk
Stokes,Stock,curated,,,,stks
Stokke,Stock,curated,,,,stk
Stokke,Stok,sounds,,,,stk
Stokke,Stoke,sounds,,,,stk
Stokke,Stocke,sounds,,,,stk
Stoll,Stolle,curated,,,,stl
Stoll,Staal,sounds,,,,stl
Stolle,Stoll,curated,,,,stl
Stolle,Staal,sounds,,,,stl
Stork,Stock,curated,,,,strk
Stork,Stark,sounds,,,,strk
Stork,Starke,sounds,,,,strk
Stork,Starck,sounds,,,,strk
Stork,Starcke,sounds,,,,strk
Stough,Stauch,curated,,,,stg
STRAFFOLINO,,,IT,archive,Falco,strfln
STRANGERS,,,IT,archive,Falco,strnrs
Strauch,Busch,curated,,,,strc
Stravinsky,Strawiński,curated,,,,strvnsk
Strawiński,Stravinsky,curated,,,,strvnsk
Striglia,,,AU,archive,Mazza,strgl
Striglia,,,IT,archive,Mazza,strgl
Striglia,,,US,archive,Mazza,strgl
Ström,Sturm,sounds,,,,strm
Stuart,Stewart,curated,AU,archive,D'Arcy,strt
Stuart,Stewart,curated,GB,archive,D'Arcy,strt
Stuart,Stewart,curated,IE,archive,D'Arcy,strt
Sturm,Šturms,curated,,,,strm
Sturm,Ström,sounds,,,,strm
Šturms,Sturm,curated,,,,strms
STURZO,,,IT,archive,Falco,strz
Su,Tô,curated,,,,s
Su,So,curated,,,,s
Su,Soo,curated,,,,s
Su,Sou,curated,,,,s
SUAREZ,,,AR,archive,Lerena,srz
SUAREZ,,,ES,archive,Lerena,srz
SUAREZ,,,UY,archive,Lerena,srz
Sudar,,,HR,archive,Blažević,sdr
Suen,Sun,curated,,,,sn
Súilleabháin,Sullivan,curated,,,,slbhn
Sulle,Sullivan,curated,,,,sl
Sulle,Silaghi,sounds,,,,sl
Sulle,Sulley,sounds,,,,sl
Sulle,Sulli,sounds,,,,sl
Sulle,CILLO,sounds,,,,sl
Sulle,SOLLI,sounds,,,,sl
Sulley,Sullivan,curated,,,,sl
Sulley,Silaghi,sounds,,,,sl
Sulley,Sulle,sounds,,,,sl
Sulley,Sulli,sounds,,,,sl
Sulley,CILLO,sounds,,,,sl
Sulley,SOLLI,sounds,,,,sl
Sulli,Sullivan,curated,,,,sl
Sulli,Silaghi,sounds,,,,sl
Sulli,Sulle,sounds,,,,sl
Sulli,Sulley,sounds,,,,sl
Sulli,CILLO,sounds,,,,sl
Sulli,SOLLI,sounds,,,,sl
Sullivan,Súilleabháin,curated,,,,slvn
Sullivan,Sulle,curated,,,,slvn
Sullivan,Sulley,curated,,,,slvn
Sullivan,Sulli,curated,,,,slvn
Sullivan,Ó Súilleabháin,curated,,,,slvn
Sum,Shen,curated,,,,sm
Sum,Sim,sounds,,,,sm
Sum,Sam,sounds,,,,sm
Sum,SAUME,sounds,,,,sm
Summer,Sommer,curated,,,,smr
Summer,Somer,sounds,,,,smr
Sun,Xin,curated,,,,sn
Sun,Son,curated,,,,sn
Sun,Tôn,curated,,,,sn
Sun,Suen,curated,,,,sn
Sun,Xuan,curated,,,,sn
Sundag,Sonntag,curated,,,,sndg
Sundag,Sondag,sounds,,,,sndg
Sundag,Sonndag,sounds,,,,sndg
Sundkvist,Sundqvist,curated,,,,sndkvst
Sundkvist,Sundquist,curated,,,,sndkvst
Sundquist,Sundqvist,curated,,,,sndkst
Sundquist,Sundkvist,curated,,,,sndkst
Sundquist,Sunnqvist,curated,,,,sndkst
Sundqvist,Sundquist,curated,,,,sndqvst
Sundqvist,Sundkvist,curated,,,,sndqvst
Sundqvist,Sunnqvist,curated,,,,sndqvst
Sundstrøm,,,,,,sndstrm
Sung,Song,curated,,,,sng
Sung,Seng,sounds,,,,sng
Sung,Cheung,sounds,,,,sng
Sung,Seung,sounds,,,,sng
Sung,Seong,sounds,,,,sng
Sung,Chiang,sounds,,,,sng
Sung,Singh,sounds,,,,sng
Sung,Cheng,sounds,,,,sng
Sung,Ching,sounds,,,,sng
Sunnqvist,Sundqvist,curated,,,,snqvst
Sunnqvist,Sundquist,curated,,,,snqvst
Supancic,Zupančič,curated,,,,spnsc
Supancic,Župančič,curated,,,,spnsc
Suppantschitsch,Zupančič,curated,,,,spntsts
Suppantschitsch,Župančič,curated,,,,spntsts
Šuster,Schuster,curated,,,,sstr
Šuster,Schuester,sounds,,,,sstr
Susugi,Suzuki,curated,,,,ss
Susugi,Sousa,sounds,,,,ss
Susugi,CHIAIESE,sounds,,,,ss
Susugi,SASSO,sounds,,,,ss
Susugi,SCIASCIA,sounds,,,,ss
Susugi,SOSSI,sounds,,,,ss
Susuki,Suzuki,curated,,,,ssk
Susuki,Sassaki,sounds,,,,ssk
Susuki,Sasaki,sounds,,,,ssk
Sutor,Schuster,curated,,,,str
Sutton,Stein,sounds,AU,archive,D'Arcy,stn
Sutton,Stein,sounds,GB,archive,D'Arcy,stn
Sutton,Stein,sounds,IE,archive,D'Arcy,stn
Sutton,Steen,sounds,AU,archive,D'Arcy,stn
Sutton,Steen,sounds,GB,archive,D'Arcy,stn
Sutton,Steen,sounds,IE,archive,D'Arcy,stn
Sutton,Sten,sounds,AU,archive,D'Arcy,stn
Sutton,Sten,sounds,GB,archive,D'Arcy,stn
Sutton,Sten,sounds,IE,archive,D'Arcy,stn
Sutton,Steyn,sounds,AU,archive,D'Arcy,stn
Sutton,Steyn,sounds,GB,archive,D'Arcy,stn
Sutton,Steyn,sounds,IE,archive,D'Arcy,stn
Sutton,Schettini,sounds,AU,archive,D'Arcy,stn
Sutton,Schettini,sounds,GB,archive,D'Arcy,stn
Sutton,Schettini,sounds,IE,archive,D'Arcy,stn
Sutton,SOTTONE,sounds,AU,archive,D'Arcy,stn
Sutton,SOTTONE,sounds,GB,archive,D'Arcy,stn
Sutton,SOTTONE,sounds,IE,archive,D'Arcy,stn
Suzugi,Suzuki,curated,,,,sz
Suzugi,Souza,sounds,,,,sz
Suzugi,SOZZO,sounds,,,,sz
Suzuki,Susuki,curated,,,,szk
Suzuki,Susugi,curated,,,,szk
Suzuki,Suzugi,curated,,,,szk
Švarc,Schwartz,curated,,,,svrc
Swart,Schwartz,curated,,,,svrt
Swartz,Schwartz,curated,,,,svrtz
Symon,Simon,curated,,,,smn
Syu,Xu,curated,,,,s
Syu,Zōng,curated,,,,s
Szabo,Sabo,curated,,,,sb
Szabo,SABBEO,sounds,,,,sb
Sze,Shi,curated,,,,s
Szilágyi,Silaghi,curated,,,,slg
Szilágyi,Silađi,curated,,,,slg
Szmyd,Smit,curated,,,,smd
Szmyd,Schmid,curated,,,,smd
Szmyd,Schmitt,curated,,,,smd
Szmyd,Schmied,sounds,,,,smd
Szmyd,Smed,sounds,,,,smd
Szmyd,Smid,sounds,,,,smd
Szmyt,Smith,curated,,,,smt
Szmyt,Smit,sounds,,,,smt
Szmyt,Smitt,sounds,,,,smt
Szmyt,Smythe,sounds,,,,smt
Szmyt,Smyth,sounds,,,,smt
Szmyt,Schmitt,sounds,,,,smt
Szmyt,Schmit,sounds,,,,smt
Szofer,Sofer,curated,,,,sfr
Szofer,Schaeffer,sounds,,,,sfr
Szofer,Schafer,sounds,,,,sfr
Szofer,Schäffer,sounds,,,,sfr
Szofer,Schaefer,sounds,,,,sfr
Szofer,Safr,sounds,,,,sfr
Szpak,Shpak,curated,,,,spk
Szpak,Spak,sounds,,,,spk
Szrajber,Schreiber,curated,,,,srbr
Szumski,Shumsky,curated,,,,smsk
Szumski,Siemaszko,sounds,,,,smsk
Szyfman,Schiffman,curated,,,,sfmn
Szyfman,Schiffmann,sounds,,,,sfmn
Szymański,Schimanski,curated,,,,smnsk
Szymański,Schimansky,curated,,,,smnsk
Szymański,Schymainski,curated,,,,smnsk
Szymon,Simon,curated,,,,smn
Tạ,Xie,curated,,,,t
Tạ,Tô,sounds,,,,t
Tạ,Tie,sounds,,,,t
Tạ,Tio,sounds,,,,t
Tạ,Thau,sounds,,,,t
Tạ,Thái,sounds,,,,t
Tạ,Tiêu,sounds,,,,t
Tạ,Tao,sounds,,,,t
Tạ,Tai,sounds,,,,t
Tadić,,,HR,archive,Blažević,tdc
Tagert,Truteau,sounds,,,,trt
Tagert,TROTTI,sounds,,,,trt
Tagert,TUORTO,sounds,,,,trt
Tageta,Takeda,curated,,,,tt
Tageta,TUOTO,sounds,,,,tt
TAGLIAFERRI,TAGLIAFERRO,sounds,IT,archive,Falco,tglfr
TAGLIAFERRO,TAGLIAFERRI,sounds,IT,archive,Falco,tglfr
TAGLIANO,,,IT,archive,Falco,tgln
Tai,Yí,curated,,,,t
Tai,Tô,sounds,,,,t
Tai,Tie,sounds,,,,t
Tai,Tio,sounds,,,,t
Tai,Thau,sounds,,,,t
Tai,Thái,sounds,,,,t
Tai,Tiêu,sounds,,,,t
Tai,Tạ,sounds,,,,t
Tai,Tao,sounds,,,,t
Tak,Zhuo,curated,,,,tk
Tak,Taka,sounds,,,,tk
Tak,Take,sounds,,,,tk
Tak,Takai,sounds,,,,tk
Taka,Gao,curated,,,,tk
Taka,Take,sounds,,,,tk
Taka,Takai,sounds,,,,tk
Taka,Tak,sounds,,,,tk
Takai,Gao,curated,,,,tk
Takai,Taka,sounds,,,,tk
Takai,Take,sounds,,,,tk
Takai,Tak,sounds,,,,tk
Takashi,Gao,curated,,,,tksh
Take,Gao,curated,,,,tk
Take,Taka,sounds,,,,tk
Take,Takai,sounds,,,,tk
Take,Tak,sounds,,,,tk
Takeda,Taketa,curated,,,,tkd
Takeda,Tageta,curated,,,,tkd
Takeda,Muta,curated,,,,tkd
Taketa,Takeda,curated,,,,tkt
Tam,Tan,curated,,,,tm
Tam,Tán,curated,,,,tm
Tam,Thẩm,sounds,,,,tm
Tam,Tomé,sounds,,,,tm
Tam,Thoma,sounds,,,,tm
Tam,Thom,sounds,,,,tm
Tam,Toma,sounds,,,,tm
Tam,Tomi,sounds,,,,tm
Tam,Tom,sounds,,,,tm
Tam,Tomo,sounds,,,,tm
Tam,Tommie,sounds,,,,tm
Tam,Tommy,sounds,,,,tm
Tamson,Thompson,curated,,,,tmsn
Tamson,Thomsen,sounds,,,,tmsn
Tamson,Thomson,sounds,,,,tmsn
Tamson,Tomsen,sounds,,,,tmsn
Tamson,Thomason,sounds,,,,tmsn
Tamson,Thomassen,sounds,,,,tmsn
Tamson,Tomson,sounds,,,,tmsn
Tamson,Tumasyan,sounds,,,,tmsn
Tamson,Thomasson,sounds,,,,tmsn
Tan,Chen,curated,IT,archive,Falco,tn
Tan,Tam,curated,IT,archive,Falco,tn
Tan,Tham,curated,IT,archive,Falco,tn
Tan,Đàm,curated,IT,archive,Falco,tn
Tan,Tôn,sounds,IT,archive,Falco,tn
Tan,Tian,sounds,IT,archive,Falco,tn
Tan,Then,sounds,IT,archive,Falco,tn
Tanenbaum,Tenenbaum,curated,,,,tnnbm
Tang,Tong,curated,,,,tng
Tang,Dang,curated,,,,tng
Tang,Deng,curated,,,,tng
Tang,Zeng,curated,,,,tng
Tang,Tung,sounds,,,,tng
Tang,Teng,sounds,,,,tng
Tang,Tyng,sounds,,,,tng
Tang,Ting,sounds,,,,tng
Tao,Thau,curated,,,,t
Tao,Do,curated,,,,t
Tao,Đào,curated,,,,t
Tao,Tô,sounds,,,,t
Tao,Tie,sounds,,,,t
Tao,Tio,sounds,,,,t
Tao,Thái,sounds,,,,t
Tao,Tiêu,sounds,,,,t
Tao,Tạ,sounds,,,,t
Tao,Tai,sounds,,,,t
Tawse,Thompson,curated,,,,tvs
TAYLOR,Tegeler,sounds,AR,archive,Lerena,tlr
TAYLOR,Tegeler,sounds,ES,archive,Lerena,tlr
TAYLOR,Tegeler,sounds,UY,archive,Lerena,tlr
Tchaikovsky,Czajkowski,curated,,,,tckvsk
Tegeler,Tegler,curated,,,,tlr
Tegeler,TAYLOR,sounds,,,,tlr
Tegler,Tegeler,curated,,,,tglr
Teitelbaum,Teitelboim,curated,,,,ttlbm
Teitelboim,Teitelbaum,curated,,,,ttlbm
Telge,Telgen,curated,,,,tl
Telgen,Telge,curated,,,,tln
Telgen,Thélin,sounds,,,,tln
Tellez,,,,,,tlz
Tenembaum,Tenenbaum,curated,,,,tnmbm
Tenenbaum,Tanenbaum,curated,,,,tnnbm
Tenenbaum,Tenembaum,curated,,,,tnnbm
Teng,Ding,curated,,,,tng
Teng,Deng,curated,,,,tng
Teng,Tong,sounds,,,,tng
Teng,Tang,sounds,,,,tng
Teng,Tung,sounds,,,,tng
Teng,Tyng,sounds,,,,tng
Teng,Ting,sounds,,,,tng
Tennstedt,Dennstedt,curated,,,,tnstdt
Teodoro,Theodore,curated,,,,tdr
Teodoro,Theodor,sounds,,,,tdr
TERINO,Trần,sounds,IT,archive,Falco,trn
TERINO,TORINO,sounds,IT,archive,Falco,trn
TERINO,TORRINO,sounds,IT,archive,Falco,trn
TERINO,Trjan,sounds,IT,archive,Falco,trn
TERINO,Turina,sounds,IT,archive,Falco,trn
TERMINO,,,IT,archive,Falco,trmn
TERRACCIANO,,,IT,archive,Falco,trcsn
Terry,Dieter,curated,,,,tr
Terry,Thierry,curated,,,,tr
Terry,Dietrich,curated,,,,tr
Terry,TRIGIO,sounds,,,,tr
TESSA,Tsoy,sounds,IT,archive,Falco,ts
TESSA,Tsai,sounds,IT,archive,Falco,ts
TESSA,Tsoi,sounds,IT,archive,Falco,ts
TESSA,Tse,sounds,IT,archive,Falco,ts
TESTA,,,IT,archive,Falco,tst
Thái,Cai,curated,,,,t
Thái,Tô,sounds,,,,t
Thái,Tie,sounds,,,,t
Thái,Tio,sounds,,,,t
Thái,Thau,sounds,,,,t
Thái,Tiêu,sounds,,,,t
Thái,Tạ,sounds,,,,t
Thái,Tao,sounds,,,,t
Thái,Tai,sounds,,,,t
Thẩm,Shen,curated,,,,tm
Thẩm,Tan,curated,,,,tm
Thẩm,Tán,curated,,,,tm
Thẩm,Tomé,sounds,,,,tm
Thẩm,Thoma,sounds,,,,tm
Thẩm,Thom,sounds,,,,tm
Thẩm,Toma,sounds,,,,tm
Thẩm,Tomi,sounds,,,,tm
Thẩm,Tom,sounds,,,,tm
Thẩm,Tomo,sounds,,,,tm
Thẩm,Tommie,sounds,,,,tm
Thẩm,Tommy,sounds,,,,tm
Thẩm,Tam,sounds,,,,tm
Tharp,Tharpe,curated,,,,trp
Tharp,Thorpe,curated,,,,trp
Tharp,Tropeia,sounds,,,,trp
Tharpe,Tharp,curated,,,,trp
Tharpe,Thorpe,sounds,,,,trp
Tharpe,Tropeia,sounds,,,,trp
Thau,Cao,curated,,,,t
Thau,Tao,curated,,,,t
Thau,Tô,sounds,,,,t
Thau,Tie,sounds,,,,t
Thau,Tio,sounds,,,,t
Thau,Thái,sounds,,,,t
Thau,Tiêu,sounds,,,,t
Thau,Tạ,sounds,,,,t
Thau,Tai,sounds,,,,t
Thélin,Telgen,sounds,,,,tln
Then,Deng,curated,,,,tn
Then,Tan,sounds,,,,tn
Then,Tôn,sounds,,,,tn
Then,Tian,sounds,,,,tn
Theodor,Theodore,curated,,,,tdr
Theodor,Teodoro,sounds,,,,tdr
Theodore,Fedor,curated,,,,tdr
Theodore,Theodor,curated,,,,tdr
Theodore,Teodoro,curated,,,,tdr
Theophilus,Amadeus,curated,,,,tfls
Thích,Qi,curated,,,,tc
Thierry,Terry,curated,,,,tr
Thierry,Didier,curated,,,,tr
Thierry,TRIGIO,sounds,,,,tr
Thietz,Dietz,curated,,,,ttz
Thietz,Tietze,sounds,,,,ttz
Thietz,Tietz,sounds,,,,ttz
Thietz,Titze,sounds,,,,ttz
Thietz,Titz,sounds,,,,ttz
Thom,Thomas,curated,,,,tm
Thom,Thẩm,sounds,,,,tm
Thom,Tomé,sounds,,,,tm
Thom,Thoma,sounds,,,,tm
Thom,Toma,sounds,,,,tm
Thom,Tomi,sounds,,,,tm
Thom,Tom,sounds,,,,tm
Thom,Tomo,sounds,,,,tm
Thom,Tommie,sounds,,,,tm
Thom,Tommy,sounds,,,,tm
Thom,Tam,sounds,,,,tm
Thoma,Thomas,curated,,,,tm
Thoma,Thẩm,sounds,,,,tm
Thoma,Tomé,sounds,,,,tm
Thoma,Thom,sounds,,,,tm
Thoma,Toma,sounds,,,,tm
Thoma,Tomi,sounds,,,,tm
Thoma,Tom,sounds,,,,tm
Thoma,Tomo,sounds,,,,tm
Thoma,Tommie,sounds,,,,tm
Thoma,Tommy,sounds,,,,tm
Thoma,Tam,sounds,,,,tm
Thomas,Tomas,curated,,,,tms
Thomas,Tomás,curated,,,,tms
Thomas,Tomasso,curated,,,,tms
Thomas,Tomé,curated,,,,tms
Thomas,Tomasi,curated,,,,tms
Thomas,Thoma,curated,,,,tms
Thomas,Thom,curated,,,,tms
Thomas,Toma,curated,,,,tms
Thomas,Tomi,curated,,,,tms
Thomas,Tom,curated,,,,tms
Thomas,Thomes,curated,,,,tms
Thomas,Tomo,curated,,,,tms
Thomas,Tommaso,curated,,,,tms
Thomas,Tommie,curated,,,,tms
Thomas,Tomaso,curated,,,,tms
Thomas,Tommy,curated,,,,tms
Thomas,Tomaz,curated,,,,tms
Thomas,Tomos,curated,,,,tms
Thomas,Thomass,curated,,,,tms
Thomas,Thomaß,curated,,,,tms
Thomas,TOMASA,sounds,,,,tms
Thomashefsky,Tomaszewski,curated,,,,tmshfsk
Thomason,Thompson,curated,,,,tmsn
Thomason,Thomson,curated,,,,tmsn
Thomason,Thomsen,sounds,,,,tmsn
Thomason,Tomsen,sounds,,,,tmsn
Thomason,Thomassen,sounds,,,,tmsn
Thomason,Tomson,sounds,,,,tmsn
Thomason,Tumasyan,sounds,,,,tmsn
Thomason,Thomasson,sounds,,,,tmsn
Thomason,Tamson,sounds,,,,tmsn
Thomass,Thomas,curated,,,,tms
Thomass,Tomas,sounds,,,,tms
Thomass,Tomasso,sounds,,,,tms
Thomass,Tomasi,sounds,,,,tms
Thomass,Thomes,sounds,,,,tms
Thomass,Tommaso,sounds,,,,tms
Thomass,Tomaso,sounds,,,,tms
Thomass,Tomos,sounds,,,,tms
Thomass,TOMASA,sounds,,,,tms
Thomassen,Thompson,curated,,,,tmsn
Thomassen,Thomsen,sounds,,,,tmsn
Thomassen,Thomson,sounds,,,,tmsn
Thomassen,Tomsen,sounds,,,,tmsn
Thomassen,Thomason,sounds,,,,tmsn
Thomassen,Tomson,sounds,,,,tmsn
Thomassen,Tumasyan,sounds,,,,tmsn
Thomassen,Thomasson,sounds,,,,tmsn
Thomassen,Tamson,sounds,,,,tmsn
Thomasson,Thompson,curated,,,,tmsn
Thomasson,Thomsen,sounds,,,,tmsn
Thomasson,Thomson,sounds,,,,tmsn
Thomasson,Tomsen,sounds,,,,tmsn
Thomasson,Thomason,sounds,,,,tmsn
Thomasson,Thomassen,sounds,,,,tmsn
Thomasson,Tomson,sounds,,,,tmsn
Thomasson,Tumasyan,sounds,,,,tmsn
Thomasson,Tamson,sounds,,,,tmsn
Thomes,Thomas,curated,,,,tms
Thomes,Tomas,sounds,,,,tms
Thomes,Tomasso,sounds,,,,tms
Thomes,Tomasi,sounds,,,,tms
Thomes,Tommaso,sounds,,,,tms
Thomes,Tomaso,sounds,,,,tms
Thomes,Tomos,sounds,,,,tms
Thomes,Thomass,sounds,,,,tms
Thomes,TOMASA,sounds,,,,tms
Thompson,Thomson,curated,,,,tmpsn
Thompson,Thomason,curated,,,,tmpsn
Thompson,Thomassen,curated,,,,tmpsn
Thompson,Tumasyan,curated,,,,tmpsn
Thompson,Thomasson,curated,,,,tmpsn
Thompson,Tawse,curated,,,,tmpsn
Thompson,Mactavish,curated,,,,tmpsn
Thompson,Tamson,curated,,,,tmpsn
Thomsen,Thomson,curated,,,,tmsn
Thomsen,Tomsen,sounds,,,,tmsn
Thomsen,Thomason,sounds,,,,tmsn
Thomsen,Thomassen,sounds,,,,tmsn
Thomsen,Tomson,sounds,,,,tmsn
Thomsen,Tumasyan,sounds,,,,tmsn
Thomsen,Thomasson,sounds,,,,tmsn
Thomsen,Tamson,sounds,,,,tmsn
Thomson,Thomsen,curated,,,,tmsn
Thomson,Thompson,curated,,,,tmsn
Thomson,Tomsen,curated,,,,tmsn
Thomson,Thomason,curated,,,,tmsn
Thomson,Tomson,curated,,,,tmsn
Thomson,Tomsons,curated,,,,tmsn
Thomson,Mactavish,curated,,,,tmsn
Thomson,Thomassen,sounds,,,,tmsn
Thomson,Tumasyan,sounds,,,,tmsn
Thomson,Thomasson,sounds,,,,tmsn
Thomson,Tamson,sounds,,,,tmsn
Thorgersen,Torgersen,curated,,,,trrsn
Thorgersen,Torgeirson,sounds,,,,trrsn
Thorpe,Tharp,curated,,,,trp
Thorpe,Tharpe,sounds,,,,trp
Thorpe,Tropeia,sounds,,,,trp
Thorsteinsson,Þorsteinsson,curated,,,,trstnsn
Tian,Jeon,curated,,,,tn
Tian,Tan,sounds,,,,tn
Tian,Tôn,sounds,,,,tn
Tian,Then,sounds,,,,tn
Tie,Zhao,curated,,,,t
Tie,Zhang,curated,,,,t
Tie,Tô,sounds,,,,t
Tie,Tio,sounds,,,,t
Tie,Thau,sounds,,,,t
Tie,Thái,sounds,,,,t
Tie,Tiêu,sounds,,,,t
Tie,Tạ,sounds,,,,t
Tie,Tao,sounds,,,,t
Tie,Tai,sounds,,,,t
Tietz,Dietz,curated,,,,ttz
Tietz,Tietze,sounds,,,,ttz
Tietz,Titze,sounds,,,,ttz
Tietz,Titz,sounds,,,,ttz
Tietz,Thietz,sounds,,,,ttz
Tietze,Dietz,curated,,,,ttz
Tietze,Tietz,sounds,,,,ttz
Tietze,Titze,sounds,,,,ttz
Tietze,Titz,sounds,,,,ttz
Tietze,Thietz,sounds,,,,ttz
Tiêu,Xiao,curated,,,,t
Tiêu,Qiao,curated,,,,t
Tiêu,Chao,curated,,,,t
Tiêu,Tô,sounds,,,,t
Tiêu,Tie,sounds,,,,t
Tiêu,Tio,sounds,,,,t
Tiêu,Thau,sounds,,,,t
Tiêu,Thái,sounds,,,,t
Tiêu,Tạ,sounds,,,,t
Tiêu,Tao,sounds,,,,t
Tiêu,Tai,sounds,,,,t
Timmer,Zimmer,curated,,,,tmr
Timmer,Timmermeyer,curated,,,,tmr
Timmer,Timmermann,curated,,,,tmr
Timmer,Timmermeier,curated,,,,tmr
Timmer,Zimmermeyer,curated,,,,tmr
Timmer,Zimmermeier,curated,,,,tmr
Timmer,Timmerhues,curated,,,,tmr
Timmer,Timmerhuis,curated,,,,tmr
Timmer,Timmerhaus,curated,,,,tmr
Timmer,Timmerarens,curated,,,,tmr
Timmerarens,Timmer,curated,,,,tmrrns
Timmerhaus,Timmer,curated,,,,tmrhs
Timmerhaus,Timmerhues,sounds,,,,tmrhs
Timmerhaus,Timmerhuis,sounds,,,,tmrhs
Timmerhues,Timmer,curated,,,,tmrhs
Timmerhues,Timmerhuis,sounds,,,,tmrhs
Timmerhues,Timmerhaus,sounds,,,,tmrhs
Timmerhuis,Timmer,curated,,,,tmrhs
Timmerhuis,Timmerhues,sounds,,,,tmrhs
Timmerhuis,Timmerhaus,sounds,,,,tmrhs
Timmerman,Timmermans,curated,,,,tmrmn
Timmerman,Zimmermann,curated,,,,tmrmn
Timmerman,Timmermann,curated,,,,tmrmn
Timmermann,Timmermans,curated,,,,tmrmn
Timmermann,Timmerman,curated,,,,tmrmn
Timmermann,Timmer,curated,,,,tmrmn
Timmermanns,Timmermans,curated,,,,tmrmns
Timmermans,Timmerman,curated,,,,tmrmns
Timmermans,Timmermann,curated,,,,tmrmns
Timmermans,Timmermanns,curated,,,,tmrmns
Timmermans,Zimmermanns,curated,,,,tmrmns
Timmermeier,Timmer,curated,,,,tmrmr
Timmermeier,Timmermeyer,sounds,,,,tmrmr
Timmermeyer,Timmer,curated,,,,tmrmr
Timmermeyer,Timmermeier,sounds,,,,tmrmr
Ting,Ding,curated,,,,tng
Ting,Tong,sounds,,,,tng
Ting,Tang,sounds,,,,tng
Ting,Tung,sounds,,,,tng
Ting,Teng,sounds,,,,tng
Ting,Tyng,sounds,,,,tng
Tio,Zhao,curated,,,,t
Tio,Zhang,curated,,,,t
Tio,Tô,sounds,,,,t
Tio,Tie,sounds,,,,t
Tio,Thau,sounds,,,,t
Tio,Thái,sounds,,,,t
Tio,Tiêu,sounds,,,,t
Tio,Tạ,sounds,,,,t
Tio,Tao,sounds,,,,t
Tio,Tai,sounds,,,,t
TIRELLA,TIRELLI,sounds,IT,archive,Falco,trl
TIRELLI,TIRELLA,sounds,IT,archive,Falco,trl
Tischler,Schreiner,curated,,,,tslr
Tischler,Tišler,sounds,,,,tslr
Tishchenko,Tyshchenko,curated,,,,tshsnk
Tishler,Tišler,curated,,,,tshlr
Tišler,Tishler,curated,,,,tslr
Tišler,Tischler,sounds,,,,tslr
Titz,Dietz,curated,,,,ttz
Titz,Tietze,sounds,,,,ttz
Titz,Tietz,sounds,,,,ttz
Titz,Titze,sounds,,,,ttz
Titz,Thietz,sounds,,,,ttz
Titze,Dietz,curated,,,,ttz
Titze,Tietze,sounds,,,,ttz
Titze,Tietz,sounds,,,,ttz
Titze,Titz,sounds,,,,ttz
Titze,Thietz,sounds,,,,ttz
Tkachuk,Tkaczuk,curated,,,,tkck
Tkachuk,Tkatschuk,curated,,,,tkck
Tkaczuk,Tkachuk,curated,,,,tkck
Tkatschuk,Tkachuk,curated,,,,tktsk
Tô,Su,curated,,,,t
Tô,Tie,sounds,,,,t
Tô,Tio,sounds,,,,t
Tô,Thau,sounds,,,,t
Tô,Thái,sounds,,,,t
Tô,Tiêu,sounds,,,,t
Tô,Tạ,sounds,,,,t
Tô,Tao,sounds,,,,t
Tô,Tai,sounds,,,,t
TOFANO,,,IT,archive,Falco,tfn
TOFFOLI,,,IT,archive,Falco,tfl
Tollefsen,Tollefson,curated,,,,tlfsn
Tollefson,Tollefsen,curated,,,,tlfsn
Tollefson,Tøllefsen,curated,,,,tlfsn
Tołłoczko,Tolochko,curated,,,,tlk
Tolochko,Tołłoczko,curated,,,,tlk
Tom,Thomas,curated,,,,tm
Tom,Thẩm,sounds,,,,tm
Tom,Tomé,sounds,,,,tm
Tom,Thoma,sounds,,,,tm
Tom,Thom,sounds,,,,tm
Tom,Toma,sounds,,,,tm
Tom,Tomi,sounds,,,,tm
Tom,Tomo,sounds,,,,tm
Tom,Tommie,sounds,,,,tm
Tom,Tommy,sounds,,,,tm
Tom,Tam,sounds,,,,tm
Toma,Thomas,curated,,,,tm
Toma,Thẩm,sounds,,,,tm
Toma,Tomé,sounds,,,,tm
Toma,Thoma,sounds,,,,tm
Toma,Thom,sounds,,,,tm
Toma,Tomi,sounds,,,,tm
Toma,Tom,sounds,,,,tm
Toma,Tomo,sounds,,,,tm
Toma,Tommie,sounds,,,,tm
Toma,Tommy,sounds,,,,tm
Toma,Tam,sounds,,,,tm
Tomaň,,,,,,tmn
Tomas,Thomas,curated,,,,tms
Tomas,Tomašek,curated,,,,tms
Tomas,Tomasso,sounds,,,,tms
Tomas,Tomasi,sounds,,,,tms
Tomas,Thomes,sounds,,,,tms
Tomas,Tommaso,sounds,,,,tms
Tomas,Tomaso,sounds,,,,tms
Tomas,Tomos,sounds,,,,tms
Tomas,Thomass,sounds,,,,tms
Tomas,TOMASA,sounds,,,,tms
TOMASA,Tomas,sounds,IT,archive,Falco,tms
TOMASA,Thomas,sounds,IT,archive,Falco,tms
TOMASA,Tomasso,sounds,IT,archive,Falco,tms
TOMASA,Tomasi,sounds,IT,archive,Falco,tms
TOMASA,Thomes,sounds,IT,archive,Falco,tms
TOMASA,Tommaso,sounds,IT,archive,Falco,tms
TOMASA,Tomaso,sounds,IT,archive,Falco,tms
TOMASA,Tomos,sounds,IT,archive,Falco,tms
TOMASA,Thomass,sounds,IT,archive,Falco,tms
Tomaschek,Tomašek,curated,,,,tmsk
Tomašek,Tomaschek,curated,,,,tmsk
Tomašek,Tomaš,curated,,,,tmsk
Tomashevsky,Tomaszewski,curated,,,,tmshvsk
Tomasi,Thomas,curated,,,,tms
Tomasi,Tomas,sounds,,,,tms
Tomasi,Tomasso,sounds,,,,tms
Tomasi,Thomes,sounds,,,,tms
Tomasi,Tommaso,sounds,,,,tms
Tomasi,Tomaso,sounds,,,,tms
Tomasi,Tomos,sounds,,,,tms
Tomasi,Thomass,sounds,,,,tms
Tomasi,TOMASA,sounds,,,,tms
Tomaso,Thomas,curated,,,,tms
Tomaso,Tomas,sounds,,,,tms
Tomaso,Tomasso,sounds,,,,tms
Tomaso,Tomasi,sounds,,,,tms
Tomaso,Thomes,sounds,,,,tms
Tomaso,Tommaso,sounds,,,,tms
Tomaso,Tomos,sounds,,,,tms
Tomaso,Thomass,sounds,,,,tms
Tomaso,TOMASA,sounds,,,,tms
Tomasso,Thomas,curated,,,,tms
Tomasso,Tomas,sounds,,,,tms
Tomasso,Tomasi,sounds,,,,tms
Tomasso,Thomes,sounds,,,,tms
Tomasso,Tommaso,sounds,,,,tms
Tomasso,Tomaso,sounds,,,,tms
Tomasso,Tomos,sounds,,,,tms
Tomasso,Thomass,sounds,,,,tms
Tomasso,TOMASA,sounds,,,,tms
Tomaszewski,Thomashefsky,curated,,,,tmsvsk
Tomaszewski,Tomashevsky,curated,,,,tmsvsk
Tomaz,Thomas,curated,,,,tmz
Tomé,Thomas,curated,,,,tm
Tomé,Thẩm,sounds,,,,tm
Tomé,Thoma,sounds,,,,tm
Tomé,Thom,sounds,,,,tm
Tomé,Toma,sounds,,,,tm
Tomé,Tomi,sounds,,,,tm
Tomé,Tom,sounds,,,,tm
Tomé,Tomo,sounds,,,,tm
Tomé,Tommie,sounds,,,,tm
Tomé,Tommy,sounds,,,,tm
Tomé,Tam,sounds,,,,tm
Tomi,Thomas,curated,,,,tm
Tomi,Thẩm,sounds,,,,tm
Tomi,Tomé,sounds,,,,tm
Tomi,Thoma,sounds,,,,tm
Tomi,Thom,sounds,,,,tm
Tomi,Toma,sounds,,,,tm
Tomi,Tom,sounds,,,,tm
Tomi,Tomo,sounds,,,,tm
Tomi,Tommie,sounds,,,,tm
Tomi,Tommy,sounds,,,,tm
Tomi,Tam,sounds,,,,tm
Tomljanović,,,HR,archive,Blažević,tmlnvc
Tommaso,Thomas,curated,,,,tms
Tommaso,Tomas,sounds,,,,tms
Tommaso,Tomasso,sounds,,,,tms
Tommaso,Tomasi,sounds,,,,tms
Tommaso,Thomes,sounds,,,,tms
Tommaso,Tomaso,sounds,,,,tms
Tommaso,Tomos,sounds,,,,tms
Tommaso,Thomass,sounds,,,,tms
Tommaso,TOMASA,sounds,,,,tms
Tommie,Thomas,curated,,,,tm
Tommie,Thẩm,sounds,,,,tm
Tommie,Tomé,sounds,,,,tm
Tommie,Thoma,sounds,,,,tm
Tommie,Thom,sounds,,,,tm
Tommie,Toma,sounds,,,,tm
Tommie,Tomi,sounds,,,,tm
Tommie,Tom,sounds,,,,tm
Tommie,Tomo,sounds,,,,tm
Tommie,Tommy,sounds,,,,tm
Tommie,Tam,sounds,,,,tm
Tommy,Thomas,curated,,,,tm
Tommy,Thẩm,sounds,,,,tm
Tommy,Tomé,sounds,,,,tm
Tommy,Thoma,sounds,,,,tm
Tommy,Thom,sounds,,,,tm
Tommy,Toma,sounds,,,,tm
Tommy,Tomi,sounds,,,,tm
Tommy,Tom,sounds,,,,tm
Tommy,Tomo,sounds,,,,tm
Tommy,Tommie,sounds,,,,tm
Tommy,Tam,sounds,,,,tm
Tomo,Thomas,curated,,,,tm
Tomo,Thẩm,sounds,,,,tm
Tomo,Tomé,sounds,,,,tm
Tomo,Thoma,sounds,,,,tm
Tomo,Thom,sounds,,,,tm
Tomo,Toma,sounds,,,,tm
Tomo,Tomi,sounds,,,,tm
Tomo,Tom,sounds,,,,tm
Tomo,Tommie,sounds,,,,tm
Tomo,Tommy,sounds,,,,tm
Tomo,Tam,sounds,,,,tm
Tomos,Thomas,curated,,,,tms
Tomos,Tomas,sounds,,,,tms
Tomos,Tomasso,sounds,,,,tms
Tomos,Tomasi,sounds,,,,tms
Tomos,Thomes,sounds,,,,tms
Tomos,Tommaso,sounds,,,,tms
Tomos,Tomaso,sounds,,,,tms
Tomos,Thomass,sounds,,,,tms
Tomos,TOMASA,sounds,,,,tms
Tomsen,Thomson,curated,,,,tmsn
Tomsen,Thomsen,sounds,,,,tmsn
Tomsen,Thomason,sounds,,,,tmsn
Tomsen,Thomassen,sounds,,,,tmsn
Tomsen,Tomson,sounds,,,,tmsn
Tomsen,Tumasyan,sounds,,,,tmsn
Tomsen,Thomasson,sounds,,,,tmsn
Tomsen,Tamson,sounds,,,,tmsn
Tomsic,,,AU,archive,Mazza,tmsc
Tomsic,,,IT,archive,Mazza,tmsc
Tomsic,,,US,archive,Mazza,tmsc
Tomson,Thomson,curated,,,,tmsn
Tomson,Thomsen,sounds,,,,tmsn
Tomson,Tomsen,sounds,,,,tmsn
Tomson,Thomason,sounds,,,,tmsn
Tomson,Thomassen,sounds,,,,tmsn
Tomson,Tumasyan,sounds,,,,tmsn
Tomson,Thomasson,sounds,,,,tmsn
Tomson,Tamson,sounds,,,,tmsn
Tomsons,Thomson,curated,,,,tmsns
Tôn,Sun,curated,,,,tn
Tôn,Tan,sounds,,,,tn
Tôn,Tian,sounds,,,,tn
Tôn,Then,sounds,,,,tn
Tong,Tang,curated,,,,tng
Tong,Song,curated,,,,tng
Tong,Tung,curated,,,,tng
Tong,Teng,sounds,,,,tng
Tong,Tyng,sounds,,,,tng
Tong,Ting,sounds,,,,tng
Torgeirson,Torgersen,curated,,,,trrsn
Torgeirson,Thorgersen,sounds,,,,trrsn
Torgersen,Thorgersen,curated,,,,trrsn
Torgersen,Torgeirson,curated,,,,trrsn
TORINO,Trần,sounds,IT,archive,Falco,trn
TORINO,TERINO,sounds,IT,archive,Falco,trn
TORINO,TORRINO,sounds,IT,archive,Falco,trn
TORINO,Trjan,sounds,IT,archive,Falco,trn
TORINO,Turina,sounds,IT,archive,Falco,trn
TORRES,TORRUSIO,sounds,AR,archive,Lerena,trs
TORRES,TORRUSIO,sounds,ES,archive,Lerena,trs
TORRES,TORRUSIO,sounds,UY,archive,Lerena,trs
TORRES,TROISI,sounds,AR,archive,Lerena,trs
TORRES,TROISI,sounds,ES,archive,Lerena,trs
TORRES,TROISI,sounds,UY,archive,Lerena,trs
TORRES,Torrisi,sounds,AR,archive,Lerena,trs
TORRES,Torrisi,sounds,ES,archive,Lerena,trs
TORRES,Torrisi,sounds,UY,archive,Lerena,trs
TORRINO,Trần,sounds,IT,archive,Falco,trn
TORRINO,TERINO,sounds,IT,archive,Falco,trn
TORRINO,TORINO,sounds,IT,archive,Falco,trn
TORRINO,Trjan,sounds,IT,archive,Falco,trn
TORRINO,Turina,sounds,IT,archive,Falco,trn
Torrisi,TORRUSIO,sounds,AU,archive,Mazza,trs
Torrisi,TORRUSIO,sounds,IT,archive,Mazza,trs
Torrisi,TORRUSIO,sounds,US,archive,Mazza,trs
Torrisi,TROISI,sounds,AU,archive,Mazza,trs
Torrisi,TROISI,sounds,IT,archive,Mazza,trs
Torrisi,TROISI,sounds,US,archive,Mazza,trs
Torrisi,TORRES,sounds,AU,archive,Mazza,trs
Torrisi,TORRES,sounds,IT,archive,Mazza,trs
Torrisi,TORRES,sounds,US,archive,Mazza,trs
TORRUSIO,TROISI,sounds,IT,archive,Falco,trs
TORRUSIO,TORRES,sounds,IT,archive,Falco,trs
TORRUSIO,Torrisi,sounds,IT,archive,Falco,trs
TOZZANO,,,IT,archive,Falco,tzn
TRABACCHINO,,,IT,archive,Falco,trbcsn
TRABANTINO,,,IT,archive,Falco,trbntn
Trabucco,,,AU,archive,Mazza,trbc
Trabucco,,,IT,archive,Mazza,trbc
Trabucco,,,US,archive,Mazza,trbc
TRAFIO,TRUFIO,sounds,IT,archive,Falco,trf
TRAFIO,TRUFO,sounds,IT,archive,Falco,trf
TRAIBEL,,,AR,archive,Lerena,trbl
TRAIBEL,,,ES,archive,Lerena,trbl
TRAIBEL,,,UY,archive,Lerena,trbl
Trần,Chen,curated,,,,trn
Trần,TERINO,sounds,,,,trn
Trần,TORINO,sounds,,,,trn
Trần,TORRINO,sounds,,,,trn
Trần,Trjan,sounds,,,,trn
Trần,Turina,sounds,,,,trn
Trang,Zhuang,curated,,,,trng
Traore,,,,,,trr
TRIGIO,Terry,sounds,IT,archive,Falco,tr
TRIGIO,Thierry,sounds,IT,archive,Falco,tr
Tripoti,,,AU,archive,Mazza,trpt
Tripoti,,,IT,archive,Mazza,trpt
Tripoti,,,US,archive,Mazza,trpt
Trjan,Trần,sounds,HR,archive,Blažević,trn
Trjan,TERINO,sounds,HR,archive,Blažević,trn
Trjan,TORINO,sounds,HR,archive,Blažević,trn
Trjan,TORRINO,sounds,HR,archive,Blažević,trn
Trjan,Turina,sounds,HR,archive,Blažević,trn
TROISI,TORRUSIO,sounds,IT,archive,Falco,trs
TROISI,TORRES,sounds,IT,archive,Falco,trs
TROISI,Torrisi,sounds,IT,archive,Falco,trs
Tropeia,Tharpe,sounds,AU,archive,Mazza,trp
Tropeia,Tharpe,sounds,IT,archive,Mazza,trp
Tropeia,Tharpe,sounds,US,archive,Mazza,trp
Tropeia,Tharp,sounds,AU,archive,Mazza,trp
Tropeia,Tharp,sounds,IT,archive,Mazza,trp
Tropeia,Tharp,sounds,US,archive,Mazza,trp
Tropeia,Thorpe,sounds,AU,archive,Mazza,trp
Tropeia,Thorpe,sounds,IT,archive,Mazza,trp
Tropeia,Thorpe,sounds,US,archive,Mazza,trp
TROSTO,,,IT,archive,Falco,trst
TROTTI,Truteau,sounds,IT,archive,Falco,trt
TROTTI,Tagert,sounds,IT,archive,Falco,trt
TROTTI,TUORTO,sounds,IT,archive,Falco,trt
Trudeau,Trudo,curated,,,,trd
Trudeau,Truteau,curated,,,,trd
Trudo,Trudeau,curated,,,,trd
TRUFFONE,,,IT,archive,Falco,trfn
TRUFIO,TRAFIO,sounds,IT,archive,Falco,trf
TRUFIO,TRUFO,sounds,IT,archive,Falco,trf
TRUFO,TRAFIO,sounds,IT,archive,Falco,trf
TRUFO,TRUFIO,sounds,IT,archive,Falco,trf
Trungadi,,,AU,archive,Mazza,trngd
Trungadi,,,IT,archive,Mazza,trngd
Trungadi,,,US,archive,Mazza,trngd
Truteau,Trudeau,curated,,,,trt
Truteau,Tagert,sounds,,,,trt
Truteau,TROTTI,sounds,,,,trt
Truteau,TUORTO,sounds,,,,trt
Tsai,Cai,curated,,,,ts
Tsai,Tsoy,sounds,,,,ts
Tsai,Tsoi,sounds,,,,ts
Tsai,Tse,sounds,,,,ts
Tsai,TESSA,sounds,,,,ts
Tsang,Zeng,curated,,,,tsng
Tsang,Tsung,sounds,,,,tsng
Tse,Xie,curated,,,,ts
Tse,Tsoy,sounds,,,,ts
Tse,Tsai,sounds,,,,ts
Tse,Tsoi,sounds,,,,ts
Tse,TESSA,sounds,,,,ts
Tsishchanka,Tyshchenko,curated,,,,tsshcnk
Tsitsin,Tsytsin,curated,,,,tstsn
Tsoi,Cai,curated,,,,ts
Tsoi,Tsoy,sounds,,,,ts
Tsoi,Tsai,sounds,,,,ts
Tsoi,Tse,sounds,,,,ts
Tsoi,TESSA,sounds,,,,ts
Tsoy,Cai,curated,,,,ts
Tsoy,Tsai,sounds,,,,ts
Tsoy,Tsoi,sounds,,,,ts
Tsoy,Tse,sounds,,,,ts
Tsoy,TESSA,sounds,,,,ts
Tsung,Zōng,curated,,,,tsng
Tsung,Tsang,sounds,,,,tsng
Tsytsin,Tsitsin,curated,,,,tstsn
Tumasyan,Thompson,curated,,,,tmsn
Tumasyan,Thomsen,sounds,,,,tmsn
Tumasyan,Thomson,sounds,,,,tmsn
Tumasyan,Tomsen,sounds,,,,tmsn
Tumasyan,Thomason,sounds,,,,tmsn
Tumasyan,Thomassen,sounds,,,,tmsn
Tumasyan,Tomson,sounds,,,,tmsn
Tumasyan,Thomasson,sounds,,,,tmsn
Tumasyan,Tamson,sounds,,,,tmsn
Tung,Dong,curated,,,,tng
Tung,Tōng,curated,,,,tng
Tung,Tong,sounds,,,,tng
Tung,Tang,sounds,,,,tng
Tung,Teng,sounds,,,,tng
Tung,Tyng,sounds,,,,tng
Tung,Ting,sounds,,,,tng
TUORTO,Truteau,sounds,IT,archive,Falco,trt
TUORTO,Tagert,sounds,IT,archive,Falco,trt
TUORTO,TROTTI,sounds,IT,archive,Falco,trt
TUOTO,Tageta,sounds,IT,archive,Falco,tt
TURCA,TURCO,sounds,IT,archive,Falco,trc
Turčić,,,HR,archive,Blažević,trsc
TURCO,TURCA,sounds,IT,archive,Falco,trc
Turczyńska,Turczynski,curated,,,,trcnsk
Turczyńska,Turczyński,sounds,,,,trcnsk
Turczyński,Turczyńska,curated,,,,trcnsk
Turczyński,Turczynska,curated,,,,trcnsk
Turgut,Özturgut,curated,,,,trgt
Turina,Trần,sounds,HR,archive,Blažević,trn
Turina,TERINO,sounds,HR,archive,Blažević,trn
Turina,TORINO,sounds,HR,archive,Blažević,trn
Turina,TORRINO,sounds,HR,archive,Blažević,trn
Turina,Trjan,sounds,HR,archive,Blažević,trn
Türk,,,,,,trk
Turner,,,AU,archive,Mazza,trnr
Turner,,,IT,archive,Falco; Mazza,trnr
Turner,,,US,archive,Mazza,trnr
Tvardovskyi,Twardowski,curated,,,,tvrdvsk
Twardowski,Tvardovskyi,curated,,,,tvrdvsk
Tyng,Ding,curated,,,,tng
Tyng,Tong,sounds,,,,tng
Tyng,Tang,sounds,,,,tng
Tyng,Tung,sounds,,,,tng
Tyng,Teng,sounds,,,,tng
Tyng,Ting,sounds,,,,tng
Tyshchenko,Tsishchanka,curated,,,,tshsnk
Tyshchenko,Tishchenko,curated,,,,tshsnk
Uang,Wang,curated,,,,ung
Uang,Uong,sounds,,,,ung
Übelacker,Uiblacker,curated,,,,ublkr
UCCIO,,,IT,archive,Falco,ucs
Udo,Otto,curated,,,,ud
UGLIETTA,,,IT,archive,Falco,uglt
Uiblacker,Übelacker,curated,,,,ublkr
Ullmann,Ullrich,curated,,,,ulmn
Ullrich,Ullmann,curated,,,,ulrc
Ullrich,Ulrich,curated,,,,ulrc
Ulrich,Ullrich,curated,,,,ulrc
Umaru Musa Yar'Adua,Yar'adua,curated,,,,umr ms r
UMBERTO,,,IT,archive,Falco,umbrt
Uminski,Uminskiy,curated,,,,umnsk
Uminskiy,Uminski,curated,,,,umnsk
Uminskiy,Umiński,curated,,,,umnsk
UMMARINO,,,IT,archive,Falco,umrn
Un,Yuan,curated,,,,un
Un,UNO,sounds,,,,un
Underberg,Unterberger,curated,,,,undrbrg
Ungar,Unger,curated,,,,ungr
Unger,Ungar,curated,,,,unr
Unger,Ungár,curated,,,,unr
unknow,,,AU,archive,Mazza,unknv
unknow,,,IT,archive,Mazza,unknv
unknow,,,US,archive,Mazza,unknv
UNO,Un,sounds,IT,archive,Falco,un
UNRESOLVED,,,IT,archive,Falco,unrslvd
Unterberg,Unterberger,curated,,,,untrbrg
Unterberger,Underberg,curated,,,,untrbrr
Unterberger,Unterberg,curated,,,,untrbrr
Uong,Wang,curated,,,,ung
Uong,Uang,sounds,,,,ung
Urban,URBANO,sounds,,,,urbn
URBANO,Urban,sounds,IT,archive,Falco,urbn
Uroda,,,HR,archive,Blažević,urd
USCIALE,,,IT,archive,Falco,usl
Usman,Roger,curated,,,,usmn
UVA,,,IT,archive,Falco,uv
Uy,Huang,curated,,,,u
VACCARIA,VACCARO,sounds,IT,archive,Falco,vcr
VACCARIELLO,,,IT,archive,Falco,vcrl
VACCARO,VACCARIA,sounds,IT,archive,Falco,vcr
VACCUBIA,,,IT,archive,Falco,vcb
Vacek,Watzke,curated,,,,vsk
Vainio,Wainio,curated,,,,vn
Vainio,Won,sounds,,,,vn
Vainio,Wan,sounds,,,,vn
Vainio,Wayne,sounds,,,,vn
Vainio,Wen,sounds,,,,vn
Vainio,Van,sounds,,,,vn
Vainio,VENE,sounds,,,,vn
Vajda,Wajda,curated,,,,vd
Vajda,Waida,sounds,,,,vd
VALENTINO,,,IT,archive,Falco,vlntn
Valkov,Volkov,curated,,,,vlkv
Valkov,Volkaw,sounds,,,,vlkv
Valkov,Volkow,sounds,,,,vlkv
Vallin,Wallin,curated,,,,vln
Vallin,VALLONE,sounds,,,,vln
Vallin,VILLANO,sounds,,,,vln
VALLONE,Vallin,sounds,AU,archive,Mazza,vln
VALLONE,Vallin,sounds,IT,archive,Falco; Mazza,vln
VALLONE,Vallin,sounds,US,archive,Mazza,vln
VALLONE,Wallin,sounds,AU,archive,Mazza,vln
VALLONE,Wallin,sounds,IT,archive,Falco; Mazza,vln
VALLONE,Wallin,sounds,US,archive,Mazza,vln
VALLONE,VILLANO,sounds,AU,archive,Mazza,vln
VALLONE,VILLANO,sounds,IT,archive,Falco; Mazza,vln
VALLONE,VILLANO,sounds,US,archive,Mazza,vln
Valter,Walther,curated,,,,vltr
Valter,Walter,sounds,,,,vltr
Valter,Wolter,sounds,,,,vltr
Van,Wen,curated,,,,vn
Van,Won,sounds,,,,vn
Van,Wan,sounds,,,,vn
Van,Wayne,sounds,,,,vn
Van,Wainio,sounds,,,,vn
Van,Vainio,sounds,,,,vn
Van,VENE,sounds,,,,vn
Van Buren,Buren,curated,,,,vnbrn
van den Berg,Berg,curated,,,,vndn brg
van den Berg,van der Berg,curated,,,,vndn brg
van den Berg,van den Bergh,curated,,,,vndn brg
van den Bergh,van den Berg,curated,,,,vndn brg
Van den Broecke,Broeck,curated,,,,vndn brk
van der Berg,van den Berg,curated,,,,vndr brg
van der Meer,Vermeer,curated,,,,vndr mr
van der Pol,Pohl,curated,,,,vndr pl
Vančina,,,HR,archive,Blažević,vnsn
Vandenbroeke,Broeck,curated,,,,vndnbrk
Vanderbroek,Broeck,curated,,,,vndrbrk
Vardi,Warde,sounds,AU,archive,Mazza,vrd
Vardi,Warde,sounds,IT,archive,Mazza,vrd
Vardi,Warde,sounds,US,archive,Mazza,vrd
Vardi,Ward,sounds,AU,archive,Mazza,vrd
Vardi,Ward,sounds,IT,archive,Mazza,vrd
Vardi,Ward,sounds,US,archive,Mazza,vrd
Vardi,VERDE,sounds,AU,archive,Mazza,vrd
Vardi,VERDE,sounds,IT,archive,Mazza,vrd
Vardi,VERDE,sounds,US,archive,Mazza,vrd
Vardi,VERDI,sounds,AU,archive,Mazza,vrd
Vardi,VERDI,sounds,IT,archive,Mazza,vrd
Vardi,VERDI,sounds,US,archive,Mazza,vrd
VARRONE,VERRONE,sounds,IT,archive,Falco,vrn
Vasconcellos,Vasconcelos,curated,,,,vscnsls
Vasconcelos,Vasconcellos,curated,,,,vscnsls
Vasilev,Vasilyev,curated,,,,vslv
Vasilyev,Vasilev,curated,,,,vslv
VASSALLO,Wesley,sounds,IT,archive,Falco,vsl
Vaynman,Weinman,curated,,,,vnmn
Vaznyak,Woźniak,curated,,,,vznk
Vaznyak,Wozniak,sounds,,,,vznk
VE,Wei,sounds,IT,archive,Falco,v
VE,Wi,sounds,IT,archive,Falco,v
VE,Wu,sounds,IT,archive,Falco,v
VE,Weigiya,sounds,IT,archive,Falco,v
VE,Woo,sounds,IT,archive,Falco,v
VE,Wai,sounds,IT,archive,Falco,v
Veber,Weber,curated,,,,vbr
Veber,Wäber,sounds,,,,vbr
Veber,Webber,sounds,,,,vbr
VECCHIA,VECCHIO,sounds,IT,archive,Falco,vcs
VECCHIARO,,,IT,archive,Falco,vcsr
VECCHIO,VECCHIA,sounds,IT,archive,Falco,vcs
VECE,Vos,sounds,IT,archive,Falco,vs
VECE,Weis,sounds,IT,archive,Falco,vs
VECE,Weiß,sounds,IT,archive,Falco,vs
VECE,Weise,sounds,IT,archive,Falco,vs
VECE,Wais,sounds,IT,archive,Falco,vs
VECE,Ways,sounds,IT,archive,Falco,vs
VECE,Wiese,sounds,IT,archive,Falco,vs
VECE,Weisz,sounds,IT,archive,Falco,vs
VECE,Weisse,sounds,IT,archive,Falco,vs
VECE,Waiß,sounds,IT,archive,Falco,vs
VECE,Wiesse,sounds,IT,archive,Falco,vs
VECONE,,,IT,archive,Falco,vcn
VEGA,,,AR,archive,Lerena,vg
VEGA,,,ES,archive,Lerena,vg
VEGA,,,UY,archive,Lerena,vg
Veidt,Veith,curated,,,,vdt
Veidt,Feith,curated,,,,vdt
Veidt,Veit,curated,,,,vdt
Veidt,Vitus,curated,,,,vdt
Veidt,Feidt,curated,,,,vdt
Veidt,Viedts,curated,,,,vdt
Veidt,Feid,curated,,,,vdt
Veidt,Feydt,curated,,,,vdt
Veidt,Width,sounds,,,,vdt
Veins,Wayne,curated,,,,vns
Veins,Vince,sounds,,,,vns
Veit,Veidt,curated,,,,vt
Veit,Vito,sounds,,,,vt
Veit,Witt,sounds,,,,vt
Veit,Veith,sounds,,,,vt
Veit,Witte,sounds,,,,vt
Veit,Voit,sounds,,,,vt
Veit,Wit,sounds,,,,vt
Veit,With,sounds,,,,vt
Veit,Watt,sounds,,,,vt
Veitch,,,AU,archive,D'Arcy,vtc
Veitch,,,GB,archive,D'Arcy,vtc
Veitch,,,IE,archive,D'Arcy,vtc
Veith,Veidt,curated,,,,vt
Veith,Vito,sounds,,,,vt
Veith,Witt,sounds,,,,vt
Veith,Veit,sounds,,,,vt
Veith,Witte,sounds,,,,vt
Veith,Voit,sounds,,,,vt
Veith,Wit,sounds,,,,vt
Veith,With,sounds,,,,vt
Veith,Watt,sounds,,,,vt
Veksler,Wechsler,curated,,,,vkslr
Veksler,Wexler,sounds,,,,vkslr
Veksler,Vexler,sounds,,,,vkslr
Vela,Bello,curated,,,,vl
Vela,Vogel,sounds,,,,vl
Vela,Vögele,sounds,,,,vl
Vela,Voegele,sounds,,,,vl
Vela,[VILLA?],sounds,,,,vl
Velasco,Belasco,curated,,,,vlsc
VELLERE,Vogeler,sounds,IT,archive,Falco,vlr
Veltz,Weltz,curated,,,,vltz
VENAFRA,VENAFRO,sounds,IT,archive,Falco,vnfr
VENAFRO,VENAFRA,sounds,IT,archive,Falco,vnfr
Vencel,Wenzel,curated,,,,vnsl
Vencel,Venczel,sounds,,,,vnsl
Vencel,Wenczel,sounds,,,,vnsl
Venczel,Wenzel,curated,,,,vnsl
Venczel,Vencel,sounds,,,,vnsl
Venczel,Wenczel,sounds,,,,vnsl
VENE,Won,sounds,IT,archive,Falco,vn
VENE,Wan,sounds,IT,archive,Falco,vn
VENE,Wayne,sounds,IT,archive,Falco,vn
VENE,Wainio,sounds,IT,archive,Falco,vn
VENE,Vainio,sounds,IT,archive,Falco,vn
VENE,Wen,sounds,IT,archive,Falco,vn
VENE,Van,sounds,IT,archive,Falco,vn
VENEZIANO,,,IT,archive,Falco,vnzn
VENINO,,,IT,archive,Falco,vnn
VENTICINQUE,,,IT,archive,Falco,vntsnk
VENTINI,,,IT,archive,Falco,vntn
Ventrice,Winters,sounds,AU,archive,Mazza,vntrs
Ventrice,Winters,sounds,IT,archive,Mazza,vntrs
Ventrice,Winters,sounds,US,archive,Mazza,vntrs
VERDE,Warde,sounds,IT,archive,Falco,vrd
VERDE,Ward,sounds,IT,archive,Falco,vrd
VERDE,VERDI,sounds,IT,archive,Falco,vrd
VERDE,Vardi,sounds,IT,archive,Falco,vrd
VERDI,Warde,sounds,IT,archive,Falco,vrd
VERDI,Ward,sounds,IT,archive,Falco,vrd
VERDI,VERDE,sounds,IT,archive,Falco,vrd
VERDI,Vardi,sounds,IT,archive,Falco,vrd
Verdicchio,,,IT,archive,Falco,vrdcs
Vereshchagin,Vereshchahin,curated,,,,vrshcn
Vereshchahin,Vereshchagin,curated,,,,vrshchn
Vermeer,van der Meer,curated,,,,vrmr
VERPISTO,,,IT,archive,Falco,vrpst
VERRECCHIA,VERROCCHIO,sounds,IT,archive,Falco,vrcs
VERRECCHIA,VERRUCCHIO,sounds,IT,archive,Falco,vrcs
VERROCCHIO,VERRECCHIA,sounds,IT,archive,Falco,vrcs
VERROCCHIO,VERRUCCHIO,sounds,IT,archive,Falco,vrcs
VERRONE,VARRONE,sounds,IT,archive,Falco,vrn
VERRUCCHIO,VERRECCHIA,sounds,IT,archive,Falco,vrcs
VERRUCCHIO,VERROCCHIO,sounds,IT,archive,Falco,vrcs
VERTIGA,,,IT,archive,Falco,vrtg
Vescovo,Bishop,curated,,,,vscv
VeSota,MacGowan,curated,,,,vst
VeSota,Vest,sounds,,,,vst
VeSota,West,sounds,,,,vst
VeSota,Westh,sounds,,,,vst
Vest,West,curated,,,,vst
Vest,VeSota,sounds,,,,vst
Vest,Westh,sounds,,,,vst
VESTEGO,,,IT,archive,Falco,vstg
VETRONE,,,IT,archive,Falco,vtrn
VETTONE,VITTONE,sounds,IT,archive,Falco,vtn
Vexler,Wechsler,curated,,,,vkslr
Vexler,Wexler,sounds,,,,vkslr
Vexler,Veksler,sounds,,,,vkslr
Vicén,Vincent,curated,,,,vsn
Vicent,Vincent,curated,,,,vsnt
Vicent,Vicente,sounds,,,,vsnt
Vicente,Vincent,curated,,,,vsnt
Vicente,Vicent,sounds,,,,vsnt
VICO,,,IT,archive,Falco,vc
Viedts,Veidt,curated,,,,vdts
Vietz,Vincent,curated,,,,vtz
VIGLIOTTA,Vigliotti,sounds,IT,archive,Falco,vglt
Vigliotti,VIGLIOTTA,sounds,IT,archive,Falco,vglt
Vild,Wild,curated,,,,vld
Vild,Wylde,sounds,,,,vld
Vild,Wilde,sounds,,,,vld
Vild,Wyld,sounds,,,,vld
Vild,Vilde,sounds,,,,vld
Vilde,Wild,curated,,,,vld
Vilde,Wylde,sounds,,,,vld
Vilde,Wilde,sounds,,,,vld
Vilde,Wyld,sounds,,,,vld
Vilde,Vild,sounds,,,,vld
Viljamsa,Williams,curated,,,,vlms
Viljamsa,Willems,sounds,,,,vlms
Viljamsa,Willyams,sounds,,,,vlms
Viljamsa,Wiliems,sounds,,,,vlms
VILLANO,Vallin,sounds,IT,archive,Falco,vln
VILLANO,Wallin,sounds,IT,archive,Falco,vln
VILLANO,VALLONE,sounds,IT,archive,Falco,vln
Villaume,Vuillaume,curated,,,,vlm
Villaume,William,sounds,,,,vlm
Villemin,Vuillemin,curated,,,,vlmn
VILLOTTO,,,IT,archive,Falco,vlt
VINACCIA,,,IT,archive,Falco,vncs
Vince,Vincent,curated,,,,vns
Vince,Veins,sounds,,,,vns
Vincent,Vicent,curated,,,,vnsnt
Vincent,Vincenzo,curated,,,,vnsnt
Vincent,Vincente,curated,,,,vnsnt
Vincent,Vince,curated,,,,vnsnt
Vincent,Vicente,curated,,,,vnsnt
Vincent,Vietz,curated,,,,vnsnt
Vincent,Vicén,curated,,,,vnsnt
Vincente,Vincent,curated,,,,vnsnt
Vincenzo,Vincent,curated,,,,vnsnz
Vinck,Finke,curated,,,,vnk
Vinck,Vink,sounds,,,,vnk
Vinck,Vinke,sounds,,,,vnk
Vinck,Vincke,sounds,,,,vnk
Vincke,Finke,curated,,,,vnk
Vincke,Vink,sounds,,,,vnk
Vincke,Vinke,sounds,,,,vnk
Vincke,Vinck,sounds,,,,vnk
Vincken,Finke,curated,,,,vnkn
Vincken,Vinken,sounds,,,,vnkn
Vindisch,Windisch,curated,,,,vnds
Vink,Finke,curated,,,,vnk
Vink,Fink,curated,,,,vnk
Vink,Vinke,sounds,,,,vnk
Vink,Vincke,sounds,,,,vnk
Vink,Vinck,sounds,,,,vnk
Vinke,Finke,curated,,,,vnk
Vinke,Vink,sounds,,,,vnk
Vinke,Vincke,sounds,,,,vnk
Vinke,Vinck,sounds,,,,vnk
Vinken,Finke,curated,,,,vnkn
Vinken,Vincken,sounds,,,,vnkn
Vinkler,Winckler,curated,,,,vnklr
Vinkler,Winkler,sounds,,,,vnklr
Vinkler,Winkeler,sounds,,,,vnklr
Vinther,Winter,curated,,,,vntr
Vinther,Winther,sounds,,,,vntr
Vinther,Wynter,sounds,,,,vntr
VIRGOLA,,,IT,archive,Falco,vrgl
VISCARIELLO,,,IT,archive,Falco,vscrl
Vischer,Fisher,curated,,,,vsr
Vischer,Fischl,curated,,,,vsr
Vischer,Fischler,curated,,,,vsr
Vischer,Fischer,curated,,,,vsr
Vischer,Visser,curated,,,,vsr
Vischer,Visscher,curated,,,,vsr
Visscher,Vischer,curated,,,,vsr
Visscher,Visser,sounds,,,,vsr
Visser,Vischer,curated,,,,vsr
Visser,Visscher,sounds,,,,vsr
VITALE,,,IT,archive,Falco,vtl
Vito,DeVito,curated,,,,vt
Vito,Witt,sounds,,,,vt
Vito,Veith,sounds,,,,vt
Vito,Veit,sounds,,,,vt
Vito,Witte,sounds,,,,vt
Vito,Voit,sounds,,,,vt
Vito,Wit,sounds,,,,vt
Vito,With,sounds,,,,vt
Vito,Watt,sounds,,,,vt
Vitrale,Weatherall,sounds,AU,archive,Mazza,vtrl
Vitrale,Weatherall,sounds,IT,archive,Mazza,vtrl
Vitrale,Weatherall,sounds,US,archive,Mazza,vtrl
Vitrale,Weatherill,sounds,AU,archive,Mazza,vtrl
Vitrale,Weatherill,sounds,IT,archive,Mazza,vtrl
Vitrale,Weatherill,sounds,US,archive,Mazza,vtrl
VITTONE,VETTONE,sounds,IT,archive,Falco,vtn
VITTORIA,VITTORIO,sounds,IT,archive,Falco,vtr
VITTORIO,VITTORIA,sounds,IT,archive,Falco,vtr
Vitus,Veidt,curated,,,,vts
VIVANDIERO,,,IT,archive,Falco,vvndr
VIVENDOLO,,,IT,archive,Falco,vvndl
VIVIANO,,,IT,archive,Falco,vvn
Vlk,Wilk,curated,,,,vlk
Vlk,Vovk,curated,,,,vlk
Voegele,Vogel,curated,,,,vl
Voegele,Vögele,sounds,,,,vl
Voegele,Vela,sounds,,,,vl
Voegele,[VILLA?],sounds,,,,vl
Vogel,Vogler,curated,,,,vl
Vogel,Fogel,curated,,,,vl
Vogel,Vögele,curated,,,,vl
Vogel,Voegele,curated,,,,vl
Vogel,Vogl,curated,,,,vl
Vogel,Grünvogel,curated,,,,vl
Vogel,Vela,sounds,,,,vl
Vogel,[VILLA?],sounds,,,,vl
Vögele,Vogel,curated,,,,vl
Vögele,Voegele,sounds,,,,vl
Vögele,Vela,sounds,,,,vl
Vögele,[VILLA?],sounds,,,,vl
Vogeler,Vogler,curated,,,,vlr
Vogeler,VELLERE,sounds,,,,vlr
Vogl,Vogel,curated,,,,vgl
Vogler,Vogel,curated,,,,vglr
Vogler,Vogeler,curated,,,,vglr
Voigt,Voit,curated,,,,vgt
Voigt,Wight,sounds,,,,vgt
Voit,Voigt,curated,,,,vt
Voit,Vito,sounds,,,,vt
Voit,Witt,sounds,,,,vt
Voit,Veith,sounds,,,,vt
Voit,Veit,sounds,,,,vt
Voit,Witte,sounds,,,,vt
Voit,Wit,sounds,,,,vt
Voit,With,sounds,,,,vt
Voit,Watt,sounds,,,,vt
Volf,Wolff,curated,,,,vlf
Volf,Wolfe,sounds,,,,vlf
Volf,Wolf,sounds,,,,vlf
Volkaw,Volkov,curated,,,,vlkv
Volkaw,Volkow,sounds,,,,vlkv
Volkaw,Valkov,sounds,,,,vlkv
Volkoff,Volkov,curated,,,,vlkf
Volkov,Volkaw,curated,,,,vlkv
Volkov,Volkoff,curated,,,,vlkv
Volkov,Volkovs,curated,,,,vlkv
Volkov,Volkow,curated,,,,vlkv
Volkov,Valkov,curated,,,,vlkv
Volkovs,Volkov,curated,,,,vlkvs
Volkow,Volkov,curated,,,,vlkv
Volkow,Volkaw,sounds,,,,vlkv
Volkow,Valkov,sounds,,,,vlkv
von Adelmannsfelden,,,AU,archive,D'Arcy,vn dlmns
von Adelmannsfelden,,,GB,archive,D'Arcy,vn dlmns
von Adelmannsfelden,,,IE,archive,D'Arcy,vn dlmns
von Arnold,Arnold,curated,,,,vn rnld
von Bock,Bock,curated,,,,vn bk
von Braun,Braun,curated,,,,vn brn
von Degenfeld,von Degenfield,sounds,AU,archive,D'Arcy,vn dnfld
von Degenfeld,von Degenfield,sounds,GB,archive,D'Arcy,vn dnfld
von Degenfeld,von Degenfield,sounds,IE,archive,D'Arcy,vn dnfld
von Degenfield,von Degenfeld,sounds,AU,archive,D'Arcy,vn dnfld
von Degenfield,von Degenfeld,sounds,GB,archive,D'Arcy,vn dnfld
von Degenfield,von Degenfeld,sounds,IE,archive,D'Arcy,vn dnfld
von der Borg,Borg,curated,,,,vn dr br
von der Pfalz,"von der Pflaz, King of Bohemia",sounds,AU,archive,D'Arcy,vn dr pf
von der Pfalz,"von der Pflaz, King of Bohemia",sounds,GB,archive,D'Arcy,vn dr pf
von der Pfalz,"von der Pflaz, King of Bohemia",sounds,IE,archive,D'Arcy,vn dr pf
"von der Pflaz, King of Bohemia",von der Pfalz,sounds,AU,archive,D'Arcy,vn dr pf
"von der Pflaz, King of Bohemia",von der Pfalz,sounds,GB,archive,D'Arcy,vn dr pf
"von der Pflaz, King of Bohemia",von der Pfalz,sounds,IE,archive,D'Arcy,vn dr pf
von DIEPHOLZ,,,AU,archive,D'Arcy,vn dflz
von DIEPHOLZ,,,GB,archive,D'Arcy,vn dflz
von DIEPHOLZ,,,IE,archive,D'Arcy,vn dflz
von Falkenstein,Falkenstein,curated,,,,vn flkns
von Fuchs,Fuchs,curated,,,,vn fcs
von Hirsch,Hirsch,curated,,,,vn hrs
von Kohl,Kohl,curated,,,,vn khl
von König,König,curated,,,,vn kng
Von Meyer,Meyer,curated,,,,vn mr
von Moller,Moller,curated,,,,vn mlr
von Oldenburg,,,AU,archive,D'Arcy,vn ldnbr
von Oldenburg,,,GB,archive,D'Arcy,vn ldnbr
von Oldenburg,,,IE,archive,D'Arcy,vn ldnbr
von Overbeck,Overbeck,curated,,,,vn vrbk
von RIETBERG,,,AU,archive,D'Arcy,vn rtbrg
von RIETBERG,,,GB,archive,D'Arcy,vn rtbrg
von RIETBERG,,,IE,archive,D'Arcy,vn rtbrg
von Schomberg,,,AU,archive,D'Arcy,vn smbrg
von Schomberg,,,GB,archive,D'Arcy,vn smbrg
von Schomberg,,,IE,archive,D'Arcy,vn smbrg
von Schönberg,von Schönburg,sounds,AU,archive,D'Arcy,vn snbrg
von Schönberg,von Schönburg,sounds,GB,archive,D'Arcy,vn snbrg
von Schönberg,von Schönburg,sounds,IE,archive,D'Arcy,vn snbrg
von Schönburg,von Schönberg,sounds,AU,archive,D'Arcy,vn snbrg
von Schönburg,von Schönberg,sounds,GB,archive,D'Arcy,vn snbrg
von Schönburg,von Schönberg,sounds,IE,archive,D'Arcy,vn snbrg
von Schwartz,Schwartz,curated,,,,vn svrtz
von Tecklenburg,,,AU,archive,D'Arcy,vn tklnb
von Tecklenburg,,,GB,archive,D'Arcy,vn tklnb
von Tecklenburg,,,IE,archive,D'Arcy,vn tklnb
von Wagner,Wagner,curated,,,,vn vgnr
von Wildeshausen,,,AU,archive,D'Arcy,vn vldsh
von Wildeshausen,,,GB,archive,D'Arcy,vn vldsh
von Wildeshausen,,,IE,archive,D'Arcy,vn vldsh
Vondráček,Wondratschek,curated,,,,vndrsk
Vondráček,Wondracek,curated,,,,vndrsk
Vos,De Vos,curated,,,,vs
Vos,Weis,sounds,,,,vs
Vos,Weiß,sounds,,,,vs
Vos,Weise,sounds,,,,vs
Vos,Wais,sounds,,,,vs
Vos,Ways,sounds,,,,vs
Vos,Wiese,sounds,,,,vs
Vos,Weisz,sounds,,,,vs
Vos,Weisse,sounds,,,,vs
Vos,Waiß,sounds,,,,vs
Vos,Wiesse,sounds,,,,vs
Vos,VECE,sounds,,,,vs
Võssotskaja,Vysotskaya,curated,,,,vstsk
Vovk,Wilk,curated,,,,vvk
Vovk,Vlk,curated,,,,vvk
Voynilovich,Woyniłłowicz,curated,,,,vnlvc
Vrčević,,,HR,archive,Blažević,vrsvc
Vries,De Vries,curated,,,,vrs
Vuillaume,Villaume,curated,,,,vlm
Vuillaume,William,sounds,,,,vlm
Vuillemin,Villemin,curated,,,,vlmn
Vukassovich,,,HR,archive,Blažević,vksvc
Vukelic,,,HR,archive,Blažević,vklc
Vương,Wang,curated,,,,vng
Vương,Wong,sounds,,,,vng
Vương,Weng,sounds,,,,vng
Vương,Wing,sounds,,,,vng
Vuorinen,Wuorinen,curated,,,,vrnn
Vysotskaya,Võssotskaja,curated,,,,vstsk
Waagener,Wagner,curated,,,,vnr
Waagener,Wegener,sounds,,,,vnr
Waagener,Wagener,sounds,,,,vnr
Waagener,Waghenaer,sounds,,,,vnr
Waagener,Wagenaar,sounds,,,,vnr
Wäber,Webber,sounds,,,,vbr
Wäber,Weber,sounds,,,,vbr
Wäber,Veber,sounds,,,,vbr
Wachter,Wächtler,curated,,,,vctr
Wächtler,Wachter,curated,,,,vctlr
Wächtler,Wächter,curated,,,,vctlr
Wagenaar,Waghenaer,curated,,,,vnr
Wagenaar,Wegener,sounds,,,,vnr
Wagenaar,Wagener,sounds,,,,vnr
Wagenaar,Waagener,sounds,,,,vnr
Wagener,Wagner,curated,,,,vnr
Wagener,Wegener,sounds,,,,vnr
Wagener,Waghenaer,sounds,,,,vnr
Wagener,Wagenaar,sounds,,,,vnr
Wagener,Waagener,sounds,,,,vnr
Waggner,Wagner,curated,,,,vgnr
Waggner,Wegner,sounds,,,,vgnr
Waghenaer,Wagenaar,curated,,,,vnr
Waghenaer,Wegener,sounds,,,,vnr
Waghenaer,Wagener,sounds,,,,vnr
Waghenaer,Waagener,sounds,,,,vnr
Wagner,Wainwright,curated,,,,vgnr
Wagner,Wegener,curated,,,,vgnr
Wagner,Stellmacher,curated,,,,vgnr
Wagner,Wegner,curated,,,,vgnr
Wagner,Kołodziej,curated,,,,vgnr
Wagner,Wagener,curated,,,,vgnr
Wagner,Waggner,curated,,,,vgnr
Wagner,von Wagner,curated,,,,vgnr
Wagner,Waagener,curated,,,,vgnr
Wah,Hua,curated,,,,vh
Wah,who,sounds,,,,vh
Wahlstrøm,,,,,,vhlstrm
Wai,Wei,curated,,,,v
Wai,Wi,sounds,,,,v
Wai,Wu,sounds,,,,v
Wai,Weigiya,sounds,,,,v
Wai,Woo,sounds,,,,v
Wai,VE,sounds,,,,v
Waida,Wajda,curated,,,,vd
Waida,Vajda,sounds,,,,vd
Wainio,Vainio,curated,,,,vn
Wainio,Won,sounds,,,,vn
Wainio,Wan,sounds,,,,vn
Wainio,Wayne,sounds,,,,vn
Wainio,Wen,sounds,,,,vn
Wainio,Van,sounds,,,,vn
Wainio,VENE,sounds,,,,vn
Wainwright,Wagner,curated,,,,vnvrgt
Wais,Weis,curated,,,,vs
Wais,Witt,curated,,,,vs
Wais,Vos,sounds,,,,vs
Wais,Weiß,sounds,,,,vs
Wais,Weise,sounds,,,,vs
Wais,Ways,sounds,,,,vs
Wais,Wiese,sounds,,,,vs
Wais,Weisz,sounds,,,,vs
Wais,Weisse,sounds,,,,vs
Wais,Waiß,sounds,,,,vs
Wais,Wiesse,sounds,,,,vs
Wais,VECE,sounds,,,,vs
Waiß,Witt,curated,,,,vs
Waiß,Vos,sounds,,,,vs
Waiß,Weis,sounds,,,,vs
Waiß,Weiß,sounds,,,,vs
Waiß,Weise,sounds,,,,vs
Waiß,Wais,sounds,,,,vs
Waiß,Ways,sounds,,,,vs
Waiß,Wiese,sounds,,,,vs
Waiß,Weisz,sounds,,,,vs
Waiß,Weisse,sounds,,,,vs
Waiß,Wiesse,sounds,,,,vs
Waiß,VECE,sounds,,,,vs
Wajda,Vajda,curated,,,,vd
Wajda,Waida,curated,,,,vd
Wakefield,,,AU,archive,D'Arcy,vkfld
Wakefield,,,GB,archive,D'Arcy,vkfld
Wakefield,,,IE,archive,D'Arcy,vkfld
Waldman,Waldmann,curated,,,,vldmn
Waldmann,Waldman,curated,,,,vldmn
Walker,,,AU,archive,D'Arcy,vlkr
Walker,,,GB,archive,D'Arcy,vlkr
Walker,,,IE,archive,D'Arcy,vlkr
Wallin,Vallin,curated,,,,vln
Wallin,VALLONE,sounds,,,,vln
Wallin,VILLANO,sounds,,,,vln
Walter,Wolters,curated,,,,vltr
Walter,Walther,curated,,,,vltr
Walter,Wolter,sounds,,,,vltr
Walter,Valter,sounds,,,,vltr
Walters,Wolters,curated,,,,vltrs
Walters,Walther,curated,,,,vltrs
Walther,Walters,curated,,,,vltr
Walther,Walter,curated,,,,vltr
Walther,Valter,curated,,,,vltr
Walther,Wolter,sounds,,,,vltr
Wan,Yin,curated,,,,vn
Wan,Won,sounds,,,,vn
Wan,Wayne,sounds,,,,vn
Wan,Wainio,sounds,,,,vn
Wan,Vainio,sounds,,,,vn
Wan,Wen,sounds,,,,vn
Wan,Van,sounds,,,,vn
Wan,VENE,sounds,,,,vn
Wang,Heng,curated,,,,vng
Wang,Vương,curated,,,,vng
Wang,Ong,curated,,,,vng
Wang,Wong,curated,,,,vng
Wang,Uong,curated,,,,vng
Wang,Uang,curated,,,,vng
Wang,Ouang,curated,,,,vng
Wang,Weng,sounds,,,,vng
Wang,Wing,sounds,,,,vng
Ward,Warde,curated,AU,archive,D'Arcy,vrd
Ward,Warde,curated,GB,archive,D'Arcy,vrd
Ward,Warde,curated,IE,archive,D'Arcy,vrd
Ward,VERDE,sounds,AU,archive,D'Arcy,vrd
Ward,VERDE,sounds,GB,archive,D'Arcy,vrd
Ward,VERDE,sounds,IE,archive,D'Arcy,vrd
Ward,VERDI,sounds,AU,archive,D'Arcy,vrd
Ward,VERDI,sounds,GB,archive,D'Arcy,vrd
Ward,VERDI,sounds,IE,archive,D'Arcy,vrd
Ward,Vardi,sounds,AU,archive,D'Arcy,vrd
Ward,Vardi,sounds,GB,archive,D'Arcy,vrd
Ward,Vardi,sounds,IE,archive,D'Arcy,vrd
Warde,Ward,curated,,,,vrd
Warde,VERDE,sounds,,,,vrd
Warde,VERDI,sounds,,,,vrd
Warde,Vardi,sounds,,,,vrd
Waters,Wouters,sounds,AU,archive,Mazza,vtrs
Waters,Wouters,sounds,IT,archive,Mazza,vtrs
Waters,Wouters,sounds,US,archive,Mazza,vtrs
Watt,Vito,sounds,AU,archive,D'Arcy,vt
Watt,Vito,sounds,GB,archive,D'Arcy,vt
Watt,Vito,sounds,IE,archive,D'Arcy,vt
Watt,Witt,sounds,AU,archive,D'Arcy,vt
Watt,Witt,sounds,GB,archive,D'Arcy,vt
Watt,Witt,sounds,IE,archive,D'Arcy,vt
Watt,Veith,sounds,AU,archive,D'Arcy,vt
Watt,Veith,sounds,GB,archive,D'Arcy,vt
Watt,Veith,sounds,IE,archive,D'Arcy,vt
Watt,Veit,sounds,AU,archive,D'Arcy,vt
Watt,Veit,sounds,GB,archive,D'Arcy,vt
Watt,Veit,sounds,IE,archive,D'Arcy,vt
Watt,Witte,sounds,AU,archive,D'Arcy,vt
Watt,Witte,sounds,GB,archive,D'Arcy,vt
Watt,Witte,sounds,IE,archive,D'Arcy,vt
Watt,Voit,sounds,AU,archive,D'Arcy,vt
Watt,Voit,sounds,GB,archive,D'Arcy,vt
Watt,Voit,sounds,IE,archive,D'Arcy,vt
Watt,Wit,sounds,AU,archive,D'Arcy,vt
Watt,Wit,sounds,GB,archive,D'Arcy,vt
Watt,Wit,sounds,IE,archive,D'Arcy,vt
Watt,With,sounds,AU,archive,D'Arcy,vt
Watt,With,sounds,GB,archive,D'Arcy,vt
Watt,With,sounds,IE,archive,D'Arcy,vt
Watzke,Vacek,curated,,,,vtzk
Wayne,Veins,curated,,,,vn
Wayne,Won,sounds,,,,vn
Wayne,Wan,sounds,,,,vn
Wayne,Wainio,sounds,,,,vn
Wayne,Vainio,sounds,,,,vn
Wayne,Wen,sounds,,,,vn
Wayne,Van,sounds,,,,vn
Wayne,VENE,sounds,,,,vn
Ways,Weis,curated,,,,vs
Ways,Witt,curated,,,,vs
Ways,Vos,sounds,,,,vs
Ways,Weiß,sounds,,,,vs
Ways,Weise,sounds,,,,vs
Ways,Wais,sounds,,,,vs
Ways,Wiese,sounds,,,,vs
Ways,Weisz,sounds,,,,vs
Ways,Weisse,sounds,,,,vs
Ways,Waiß,sounds,,,,vs
Ways,Wiesse,sounds,,,,vs
Ways,VECE,sounds,,,,vs
Weatherall,Weatherill,curated,,,,vtrl
Weatherall,Vitrale,sounds,,,,vtrl
Weatherill,Weatherall,curated,,,,vtrl
Weatherill,Vitrale,sounds,,,,vtrl
Webb,Webbe,curated,,,,vb
Webbe,Webb,curated,,,,vb
Webber,Weber,curated,,,,vbr
Webber,Wäber,sounds,,,,vbr
Webber,Veber,sounds,,,,vbr
Weber,Webber,curated,,,,vbr
Weber,Veber,curated,,,,vbr
Weber,Wäber,sounds,,,,vbr
Wechsler,Wexler,curated,,,,vcslr
Wechsler,Veksler,curated,,,,vcslr
Wechsler,Vexler,curated,,,,vcslr
Wegener,Wagner,curated,,,,vnr
Wegener,Wagener,sounds,,,,vnr
Wegener,Waghenaer,sounds,,,,vnr
Wegener,Wagenaar,sounds,,,,vnr
Wegener,Waagener,sounds,,,,vnr
Wegner,Wagner,curated,,,,vgnr
Wegner,Waggner,sounds,,,,vgnr
Wei,Ngai,curated,,,,v
Wei,Wi,curated,,,,v
Wei,Weigiya,curated,,,,v
Wei,Ngụy,curated,,,,v
Wei,Wai,curated,,,,v
Wei,Wu,sounds,,,,v
Wei,Woo,sounds,,,,v
Wei,VE,sounds,,,,v
Weidman,Wideman,curated,,,,vdmn
Weidman,Weidmann,curated,,,,vdmn
Weidmann,Weidman,curated,,,,vdmn
Weidmann,Wideman,sounds,,,,vdmn
Weigiya,Wei,curated,,,,v
Weigiya,Wi,sounds,,,,v
Weigiya,Wu,sounds,,,,v
Weigiya,Woo,sounds,,,,v
Weigiya,Wai,sounds,,,,v
Weigiya,VE,sounds,,,,v
Weihs,Weis,curated,,,,vhs
Weinbrenner,Brenner,curated,,,,vnbrnr
Weinman,Vaynman,curated,,,,vnmn
Weinreb,Weinrib,curated,,,,vnrb
Weinrib,Weinreb,curated,,,,vnrb
Weis,Witt,curated,,,,vs
Weis,Weiß,curated,,,,vs
Weis,Weise,curated,,,,vs
Weis,Weihs,curated,,,,vs
Weis,Wais,curated,,,,vs
Weis,Ways,curated,,,,vs
Weis,Vos,sounds,,,,vs
Weis,Wiese,sounds,,,,vs
Weis,Weisz,sounds,,,,vs
Weis,Weisse,sounds,,,,vs
Weis,Waiß,sounds,,,,vs
Weis,Wiesse,sounds,,,,vs
Weis,VECE,sounds,,,,vs
Weise,Weis,curated,,,,vs
Weise,Witte,curated,,,,vs
Weise,Wiese,curated,,,,vs
Weise,Vos,sounds,,,,vs
Weise,Weiß,sounds,,,,vs
Weise,Wais,sounds,,,,vs
Weise,Ways,sounds,,,,vs
Weise,Weisz,sounds,,,,vs
Weise,Weisse,sounds,,,,vs
Weise,Waiß,sounds,,,,vs
Weise,Wiesse,sounds,,,,vs
Weise,VECE,sounds,,,,vs
Weiß,Weis,curated,,,,vs
Weiß,Witt,curated,,,,vs
Weiß,Vos,sounds,,,,vs
Weiß,Weise,sounds,,,,vs
Weiß,Wais,sounds,,,,vs
Weiß,Ways,sounds,,,,vs
Weiß,Wiese,sounds,,,,vs
Weiß,Weisz,sounds,,,,vs
Weiß,Weisse,sounds,,,,vs
Weiß,Waiß,sounds,,,,vs
Weiß,Wiesse,sounds,,,,vs
Weiß,VECE,sounds,,,,vs
Weisse,Witte,curated,,,,vs
Weisse,Vos,sounds,,,,vs
Weisse,Weis,sounds,,,,vs
Weisse,Weiß,sounds,,,,vs
Weisse,Weise,sounds,,,,vs
Weisse,Wais,sounds,,,,vs
Weisse,Ways,sounds,,,,vs
Weisse,Wiese,sounds,,,,vs
Weisse,Weisz,sounds,,,,vs
Weisse,Waiß,sounds,,,,vs
Weisse,Wiesse,sounds,,,,vs
Weisse,VECE,sounds,,,,vs
Weisz,Witt,curated,,,,vs
Weisz,Vos,sounds,,,,vs
Weisz,Weis,sounds,,,,vs
Weisz,Weiß,sounds,,,,vs
Weisz,Weise,sounds,,,,vs
Weisz,Wais,sounds,,,,vs
Weisz,Ways,sounds,,,,vs
Weisz,Wiese,sounds,,,,vs
Weisz,Weisse,sounds,,,,vs
Weisz,Waiß,sounds,,,,vs
Weisz,Wiesse,sounds,,,,vs
Weisz,VECE,sounds,,,,vs
Wellesley,Wesley,curated,,,,vlsl
Weltz,Veltz,curated,,,,vltz
Wen,Won,curated,,,,vn
Wen,Moon,curated,,,,vn
Wen,Bun,curated,,,,vn
Wen,Men,curated,,,,vn
Wen,Van,curated,,,,vn
Wen,Văn,curated,,,,vn
Wen,Wan,sounds,,,,vn
Wen,Wayne,sounds,,,,vn
Wen,Wainio,sounds,,,,vn
Wen,Vainio,sounds,,,,vn
Wen,VENE,sounds,,,,vn
Wenczel,Wenzel,curated,,,,vnsl
Wenczel,Venczel,sounds,,,,vnsl
Wenczel,Vencel,sounds,,,,vnsl
Wendeling,Wendlinger,curated,,,,vndlng
Wendeling,Wendling,sounds,,,,vndlng
Wendling,Wendlinger,curated,,,,vndlng
Wendling,Wendeling,sounds,,,,vndlng
Wendlinger,Wendling,curated,,,,vndlnr
Wendlinger,Wendeling,curated,,,,vndlnr
Weng,Ong,curated,,,,vng
Weng,Eng,curated,,,,vng
Weng,Yung,curated,,,,vng
Weng,Ang,curated,,,,vng
Weng,Iong,curated,,,,vng
Weng,Rong,curated,,,,vng
Weng,Wong,sounds,,,,vng
Weng,Wang,sounds,,,,vng
Weng,Vương,sounds,,,,vng
Weng,Wing,sounds,,,,vng
Wenzel,Venczel,curated,,,,vnzl
Wenzel,Vencel,curated,,,,vnzl
Wenzel,Wenczel,curated,,,,vnzl
Wenzel,Wenzl,curated,,,,vnzl
Wenzl,Wenzel,curated,,,,vnzl
Werder,Werdermann,curated,,,,vrdr
Werdermann,Werder,curated,,,,vrdrmn
Wesley,Wellesley,curated,,,,vsl
Wesley,VASSALLO,sounds,,,,vsl
West,Vest,curated,,,,vst
West,Westh,curated,,,,vst
West,Oeste,curated,,,,vst
West,VeSota,sounds,,,,vst
Westerman,Westermann,curated,,,,vstrmn
Westermann,Westerman,curated,,,,vstrmn
Westh,West,curated,,,,vst
Westh,VeSota,sounds,,,,vst
Westh,Vest,sounds,,,,vst
Wexler,Wechsler,curated,,,,vkslr
Wexler,Veksler,sounds,,,,vkslr
Wexler,Vexler,sounds,,,,vkslr
Whalen,Phelan,curated,,,,vhln
Whiite,White,sounds,AU,archive,D'Arcy,vht
Whiite,White,sounds,GB,archive,D'Arcy,vht
Whiite,White,sounds,IE,archive,D'Arcy,vht
Whiite,Whyte,sounds,AU,archive,D'Arcy,vht
Whiite,Whyte,sounds,GB,archive,D'Arcy,vht
Whiite,Whyte,sounds,IE,archive,D'Arcy,vht
Whitaker,,,AU,archive,Mazza,vhtkr
Whitaker,,,IT,archive,Mazza,vhtkr
Whitaker,,,US,archive,Mazza,vhtkr
White,Blanco,curated,AU,archive,D'Arcy,vht
White,Blanco,curated,GB,archive,D'Arcy,vht
White,Blanco,curated,IE,archive,D'Arcy,vht
White,Witt,curated,AU,archive,D'Arcy,vht
White,Witt,curated,GB,archive,D'Arcy,vht
White,Witt,curated,IE,archive,D'Arcy,vht
White,Whyte,curated,AU,archive,D'Arcy,vht
White,Whyte,curated,GB,archive,D'Arcy,vht
White,Whyte,curated,IE,archive,D'Arcy,vht
White,Wight,curated,AU,archive,D'Arcy,vht
White,Wight,curated,GB,archive,D'Arcy,vht
White,Wight,curated,IE,archive,D'Arcy,vht
White,de Wit,curated,AU,archive,D'Arcy,vht
White,de Wit,curated,GB,archive,D'Arcy,vht
White,de Wit,curated,IE,archive,D'Arcy,vht
White,Whiite,sounds,AU,archive,D'Arcy,vht
White,Whiite,sounds,GB,archive,D'Arcy,vht
White,Whiite,sounds,IE,archive,D'Arcy,vht
who,Wah,sounds,AR,archive,Lerena,vh
who,Wah,sounds,ES,archive,Lerena,vh
who,Wah,sounds,UY,archive,Lerena,vh
Whyte,White,curated,,,,vht
Whyte,Whiite,sounds,,,,vht
Wi,Wei,curated,,,,v
Wi,Wu,sounds,,,,v
Wi,Weigiya,sounds,,,,v
Wi,Woo,sounds,,,,v
Wi,Wai,sounds,,,,v
Wi,VE,sounds,,,,v
Wichman,Wiechmann,curated,,,,vcmn
Wichman,Wiechman,sounds,,,,vcmn
Wideman,Weidman,curated,,,,vdmn
Wideman,Weidmann,sounds,,,,vdmn
Width,Witt,curated,,,,vdt
Width,Veidt,sounds,,,,vdt
Wiechman,Wiechmann,curated,,,,vcmn
Wiechman,Wichman,sounds,,,,vcmn
Wiechmann,Wichman,curated,,,,vcmn
Wiechmann,Wiechman,curated,,,,vcmn
Wiederman,Wiedermann,curated,,,,vdrmn
Wiedermann,Wiederman,curated,,,,vdrmn
Wiese,Weise,curated,,,,vs
Wiese,Wiesse,curated,,,,vs
Wiese,Vos,sounds,,,,vs
Wiese,Weis,sounds,,,,vs
Wiese,Weiß,sounds,,,,vs
Wiese,Wais,sounds,,,,vs
Wiese,Ways,sounds,,,,vs
Wiese,Weisz,sounds,,,,vs
Wiese,Weisse,sounds,,,,vs
Wiese,Waiß,sounds,,,,vs
Wiese,VECE,sounds,,,,vs
Wiesner,Wießner,curated,,,,vsnr
Wiesner,Wiessner,curated,,,,vsnr
Wiesner,Wieszner,curated,,,,vsnr
Wiesse,Wiese,curated,,,,vs
Wiesse,Vos,sounds,,,,vs
Wiesse,Weis,sounds,,,,vs
Wiesse,Weiß,sounds,,,,vs
Wiesse,Weise,sounds,,,,vs
Wiesse,Wais,sounds,,,,vs
Wiesse,Ways,sounds,,,,vs
Wiesse,Weisz,sounds,,,,vs
Wiesse,Weisse,sounds,,,,vs
Wiesse,Waiß,sounds,,,,vs
Wiesse,VECE,sounds,,,,vs
Wießner,Wiesner,curated,,,,vsnr
Wießner,Wieszner,sounds,,,,vsnr
Wieszner,Wiesner,curated,,,,vsnr
Wieszner,Wießner,sounds,,,,vsnr
Wight,White,curated,,,,vgt
Wight,Wright,curated,,,,vgt
Wight,Voigt,sounds,,,,vgt
Wild,Wylde,curated,,,,vld
Wild,Wilde,curated,,,,vld
Wild,Wyld,curated,,,,vld
Wild,Vild,curated,,,,vld
Wild,Vilde,curated,,,,vld
Wilde,Wild,curated,,,,vld
Wilde,Wylde,sounds,,,,vld
Wilde,Wyld,sounds,,,,vld
Wilde,Vild,sounds,,,,vld
Wilde,Vilde,sounds,,,,vld
Wiliems,Williams,curated,,,,vlms
Wiliems,Willems,sounds,,,,vlms
Wiliems,Willyams,sounds,,,,vlms
Wiliems,Viljamsa,sounds,,,,vlms
Wilk,Vlk,curated,,,,vlk
Wilk,Vovk,curated,,,,vlk
Willems,Williams,curated,,,,vlms
Willems,Willyams,sounds,,,,vlms
Willems,Wiliems,sounds,,,,vlms
Willems,Viljamsa,sounds,,,,vlms
William,Williams,curated,,,,vlm
William,Villaume,sounds,,,,vlm
William,Vuillaume,sounds,,,,vlm
Williams,Guillaume,curated,,,,vlms
Williams,Willems,curated,,,,vlms
Williams,Guilhem,curated,,,,vlms
Williams,William,curated,,,,vlms
Williams,Willyams,curated,,,,vlms
Williams,Wiliems,curated,,,,vlms
Williams,Viljamsa,curated,,,,vlms
Williamsen,Williamson,curated,,,,vlmsn
Williamsen,Williamsson,sounds,,,,vlmsn
Williamson,Williamsen,curated,,,,vlmsn
Williamson,Williamsson,curated,,,,vlmsn
Williamsson,Williamson,curated,,,,vlmsn
Williamsson,Williamsen,sounds,,,,vlmsn
Willson,Wilson,curated,,,,vlsn
Willson,Wilsson,sounds,,,,vlsn
Willyams,Williams,curated,,,,vlms
Willyams,Willems,sounds,,,,vlms
Willyams,Wiliems,sounds,,,,vlms
Willyams,Viljamsa,sounds,,,,vlms
Wilson,Willson,curated,,,,vlsn
Wilson,Wilsson,curated,,,,vlsn
Wilsson,Wilson,curated,,,,vlsn
Wilsson,Willson,sounds,,,,vlsn
Wimmer,Wimmert,curated,,,,vmr
Wimmert,Wimmer,curated,,,,vmrt
Winckel,Winckler,curated,,,,vnkl
Winckel,Winkel,sounds,,,,vnkl
Winckler,Winkler,curated,,,,vnklr
Winckler,Winkeler,curated,,,,vnklr
Winckler,Winkel,curated,,,,vnklr
Winckler,Winckel,curated,,,,vnklr
Winckler,Winkels,curated,,,,vnklr
Winckler,Vinkler,curated,,,,vnklr
Windisch,Vindisch,curated,,,,vnds
Wing,Rong,curated,,,,vng
Wing,Wong,sounds,,,,vng
Wing,Wang,sounds,,,,vng
Wing,Vương,sounds,,,,vng
Wing,Weng,sounds,,,,vng
Winkel,Winckler,curated,,,,vnkl
Winkel,Winckel,sounds,,,,vnkl
Winkeler,Winckler,curated,,,,vnklr
Winkeler,Winkler,sounds,,,,vnklr
Winkeler,Vinkler,sounds,,,,vnklr
Winkels,Winckler,curated,,,,vnkls
Winkler,Winckler,curated,,,,vnklr
Winkler,Winkeler,sounds,,,,vnklr
Winkler,Vinkler,sounds,,,,vnklr
Winter,Vinther,curated,,,,vntr
Winter,Winters,curated,,,,vntr
Winter,Winther,curated,,,,vntr
Winter,Wynter,curated,,,,vntr
Winters,Winter,curated,,,,vntrs
Winters,Ventrice,sounds,,,,vntrs
Winther,Winter,curated,,,,vntr
Winther,Vinther,sounds,,,,vntr
Winther,Wynter,sounds,,,,vntr
Wissmann,,,,,,vsmn
Wit,Witte,curated,,,,vt
Wit,Witt,curated,,,,vt
Wit,Vito,sounds,,,,vt
Wit,Veith,sounds,,,,vt
Wit,Veit,sounds,,,,vt
Wit,Voit,sounds,,,,vt
Wit,With,sounds,,,,vt
Wit,Watt,sounds,,,,vt
With,Witt,curated,,,,vt
With,Vito,sounds,,,,vt
With,Veith,sounds,,,,vt
With,Veit,sounds,,,,vt
With,Witte,sounds,,,,vt
With,Voit,sounds,,,,vt
With,Wit,sounds,,,,vt
With,Watt,sounds,,,,vt
Witt,White,curated,,,,vt
Witt,Weis,curated,,,,vt
Witt,Witte,curated,,,,vt
Witt,Weiß,curated,,,,vt
Witt,Witting,curated,,,,vt
Witt,Wittke,curated,,,,vt
Witt,Weisz,curated,,,,vt
Witt,Wittmann,curated,,,,vt
Witt,Width,curated,,,,vt
Witt,With,curated,,,,vt
Witt,Hvidt,curated,,,,vt
Witt,Wit,curated,,,,vt
Witt,Wais,curated,,,,vt
Witt,Ways,curated,,,,vt
Witt,Waiß,curated,,,,vt
Witt,Witthinrich,curated,,,,vt
Witt,Vito,sounds,,,,vt
Witt,Veith,sounds,,,,vt
Witt,Veit,sounds,,,,vt
Witt,Voit,sounds,,,,vt
Witt,Watt,sounds,,,,vt
Witte,Witt,curated,,,,vt
Witte,Weise,curated,,,,vt
Witte,Wit,curated,,,,vt
Witte,Weisse,curated,,,,vt
Witte,Vito,sounds,,,,vt
Witte,Veith,sounds,,,,vt
Witte,Veit,sounds,,,,vt
Witte,Voit,sounds,,,,vt
Witte,With,sounds,,,,vt
Witte,Watt,sounds,,,,vt
Witthinrich,Witt,curated,,,,vtnrc
Witting,Witt,curated,,,,vtng
Wittke,Witt,curated,,,,vtk
Wittmann,Witt,curated,,,,vtmn
Wodehouse,Woodhouse,curated,,,,vdhs
Wolf,Wolff,curated,,,,vlf
Wolf,Wolfe,sounds,,,,vlf
Wolf,Volf,sounds,,,,vlf
Wolfe,Wolff,curated,,,,vlf
Wolfe,Wolf,sounds,,,,vlf
Wolfe,Volf,sounds,,,,vlf
Wolff,Wolfe,curated,,,,vlf
Wolff,Wolf,curated,,,,vlf
Wolff,Volf,curated,,,,vlf
Wolter,Wolters,curated,,,,vltr
Wolter,Walter,sounds,,,,vltr
Wolter,Walther,sounds,,,,vltr
Wolter,Valter,sounds,,,,vltr
Wolters,Walter,curated,,,,vltrs
Wolters,Walters,curated,,,,vltrs
Wolters,Wouters,curated,,,,vltrs
Wolters,Wolter,curated,,,,vltrs
Won,Yuan,curated,,,,vn
Won,Wen,curated,,,,vn
Won,Wan,sounds,,,,vn
Won,Wayne,sounds,,,,vn
Won,Wainio,sounds,,,,vn
Won,Vainio,sounds,,,,vn
Won,Van,sounds,,,,vn
Won,VENE,sounds,,,,vn
Wondracek,Vondráček,curated,,,,vndrsk
Wondratschek,Vondráček,curated,,,,vndrtsk
Wong,Huang,curated,,,,vng
Wong,Wang,curated,,,,vng
Wong,Vương,sounds,,,,vng
Wong,Weng,sounds,,,,vng
Wong,Wing,sounds,,,,vng
Woo,Yu,curated,,,,v
Woo,Hu,curated,,,,v
Woo,Wei,sounds,,,,v
Woo,Wi,sounds,,,,v
Woo,Wu,sounds,,,,v
Woo,Weigiya,sounds,,,,v
Woo,Wai,sounds,,,,v
Woo,VE,sounds,,,,v
Woodhouse,Wodehouse,curated,,,,vdhs
Wouters,Wolters,curated,,,,vtrs
Wouters,Waters,sounds,,,,vtrs
Woyniłłowicz,Voynilovich,curated,,,,vnlvc
Wozniak,Vaznyak,curated,,,,vznk
Wright,Wight,curated,AU,archive,D'Arcy,vrgt
Wright,Wight,curated,GB,archive,D'Arcy,vrgt
Wright,Wight,curated,IE,archive,D'Arcy,vrgt
WRITTEN,,,IT,archive,Falco,vrtn
Wu,Oh,curated,,,,v
Wu,Ngo,curated,,,,v
Wu,Ngu,curated,,,,v
Wu,Ng,curated,,,,v
Wu,Goh,curated,,,,v
Wu,Go,curated,,,,v
Wu,Ngô,curated,,,,v
Wu,Gou,curated,,,,v
Wu,Kure,curated,,,,v
Wu,Hu,curated,,,,v
Wu,Eng,curated,,,,v
Wu,Wei,sounds,,,,v
Wu,Wi,sounds,,,,v
Wu,Weigiya,sounds,,,,v
Wu,Woo,sounds,,,,v
Wu,Wai,sounds,,,,v
Wu,VE,sounds,,,,v
Wuorinen,Vuorinen,curated,,,,vrnn
Wyld,Wild,curated,,,,vld
Wyld,Wylde,sounds,,,,vld
Wyld,Wilde,sounds,,,,vld
Wyld,Vild,sounds,,,,vld
Wyld,Vilde,sounds,,,,vld
Wylde,Wild,curated,,,,vld
Wylde,Wilde,sounds,,,,vld
Wylde,Wyld,sounds,,,,vld
Wylde,Vild,sounds,,,,vld
Wylde,Vilde,sounds,,,,vld
Wynter,Winter,curated,,,,vntr
Wynter,Vinther,sounds,,,,vntr
Wynter,Winther,sounds,,,,vntr
Xander,Zander,curated,,,,ksndr
Xia,Ha,curated,,,,ks
Xia,Xu,sounds,,,,ks
Xia,Xiao,sounds,,,,ks
Xia,Xie,sounds,,,,ks
Xia,Quaiuci,sounds,,,,ks
Xián,Ham,curated,,,,ksn
Xián,Sian,curated,,,,ksn
Xián,Hsien,curated,,,,ksn
Xián,Xin,sounds,,,,ksn
Xián,Xuan,sounds,,,,ksn
Xián,Kosina,sounds,,,,ksn
Xiao,So,curated,,,,ks
Xiao,Siew,curated,,,,ks
Xiao,Sio,curated,,,,ks
Xiao,Seow,curated,,,,ks
Xiao,Siau,curated,,,,ks
Xiao,Siu,curated,,,,ks
Xiao,Tiêu,curated,,,,ks
Xiao,Xia,sounds,,,,ks
Xiao,Xu,sounds,,,,ks
Xiao,Xie,sounds,,,,ks
Xiao,Quaiuci,sounds,,,,ks
Xie,Cheah,curated,,,,ks
Xie,Sa,curated,,,,ks
Xie,Tạ,curated,,,,ks
Xie,Tse,curated,,,,ks
Xie,Chia,curated,,,,ks
Xie,Xia,sounds,,,,ks
Xie,Xu,sounds,,,,ks
Xie,Xiao,sounds,,,,ks
Xie,Quaiuci,sounds,,,,ks
Xin,Shin,curated,,,,ksn
Xin,Sun,curated,,,,ksn
Xin,Sin,curated,,,,ksn
Xin,Hsin,curated,,,,ksn
Xin,Xián,sounds,,,,ksn
Xin,Xuan,sounds,,,,ksn
Xin,Kosina,sounds,,,,ksn
Xiong,Yung,curated,,,,ksng
Xiong,Hung,curated,,,,ksng
Xiong,Him,curated,,,,ksng
Xu,Heo,curated,,,,ks
Xu,Shiu,curated,,,,ks
Xu,Khou,curated,,,,ks
Xu,Hoi,curated,,,,ks
Xu,Hsu,curated,,,,ks
Xu,Sheu,curated,,,,ks
Xu,Hui,curated,,,,ks
Xu,Khoo,curated,,,,ks
Xu,Kho,curated,,,,ks
Xu,Kou,curated,,,,ks
Xu,Syu,curated,,,,ks
Xu,Xia,sounds,,,,ks
Xu,Xiao,sounds,,,,ks
Xu,Xie,sounds,,,,ks
Xu,Quaiuci,sounds,,,,ks
Xuan,Seon,curated,,,,ksn
Xuan,Sun,curated,,,,ksn
Xuan,Xin,sounds,,,,ksn
Xuan,Xián,sounds,,,,ksn
Xuan,Kosina,sounds,,,,ksn
Xubrinić,Žubrinić,curated,,,,ksbrnc
Xubrinić,Xubrinich,sounds,,,,ksbrnc
Xubrinich,Žubrinić,curated,HR,archive,Blažević,ksbrnc
Xubrinich,Xubrinić,sounds,HR,archive,Blažević,ksbrnc
Yakavenka,Yakovenko,curated,,,,ikvnk
Yakhimovich,Jachimowicz,curated,,,,ihmvc
Yakovenko,Yakavenka,curated,,,,ikvnk
Yakub,Jacob,curated,,,,ikb
Yakub,Jakob,curated,,,,ikb
Yakub,Jakab,sounds,,,,ikb
Yakub,Jakub,sounds,,,,ikb
Yakub,Jakobi,sounds,,,,ikb
Yakub,Jakoby,sounds,,,,ikb
Yakub,Jackoby,sounds,,,,ikb
Yan,Eom,curated,,,,in
Yan,Yim,curated,,,,in
Yan,Nghiem,curated,,,,in
Yan,Ngiam,curated,,,,in
Yan,Yen,curated,,,,in
Yan,Ngan,curated,,,,in
Yan,Gan,curated,,,,in
Yang,Yeong,curated,,,,ing
Yang,Dương,curated,,,,ing
Yang,Ieong,curated,,,,ing
Yang,Yong,curated,,,,ing
Yang,Liáng,curated,,,,ing
Yanishevsky,Janiszewski,curated,,,,inshvsk
Yao,Yeu,curated,,,,i
Yao,Yiu,curated,,,,i
Yao,Iu,curated,,,,i
Yao,Yau,curated,,,,i
Yap,Ye,curated,,,,ip
Yap,Yapp,sounds,,,,ip
Yap,Ip,sounds,,,,ip
Yap,Yip,sounds,,,,ip
Yapp,Ye,curated,,,,ip
Yapp,Ip,sounds,,,,ip
Yapp,Yip,sounds,,,,ip
Yapp,Yap,sounds,,,,ip
Yar'adua,Umaru Musa Yar'Adua,curated,,,,ird
Yar'adua,Jordi,sounds,,,,ird
Yar'adua,GIORDI,sounds,,,,ird
Yau,Hayashi,curated,,,,i
Yau,Yao,curated,,,,i
Ye,Yapp,curated,,,,i
Ye,Ip,curated,,,,i
Ye,Yip,curated,,,,i
Ye,Yap,curated,,,,i
Ye,Rui,curated,,,,i
Yen,Yan,curated,,,,in
Yeo,Lü,curated,,,,i
Yeo,Yu,curated,,,,i
Yeong,Yang,curated,,,,ing
Yerafeyeu,Yerofeyev,curated,,,,irf
Yerofeiev,Yerofeyev,curated,,,,irfv
Yerofeiev,Yerofeieva,sounds,,,,irfv
Yerofeiev,Yerofeyeva,sounds,,,,irfv
Yerofeieva,Yerofeyeva,curated,,,,irfv
Yerofeieva,Yerofeiev,sounds,,,,irfv
Yerofeieva,Yerofeyev,sounds,,,,irfv
Yerofeyev,Yerofeiev,curated,,,,irfv
Yerofeyev,Yerafeyeu,curated,,,,irfv
Yerofeyev,Jerofejevs,curated,,,,irfv
Yerofeyev,Yerofeieva,sounds,,,,irfv
Yerofeyev,Yerofeyeva,sounds,,,,irfv
Yerofeyeva,Yerofeieva,curated,,,,irfv
Yerofeyeva,Yerofeiev,sounds,,,,irfv
Yerofeyeva,Yerofeyev,sounds,,,,irfv
Yeu,Yao,curated,,,,i
Yevstigneyev,Jevstignejev,curated,,,,ivstgnv
Yí,Tai,curated,,,,i
Yim,Yan,curated,,,,im
Yim,Imu,sounds,,,,im
Yim,Jaime,sounds,,,,im
Yim,Jim,sounds,,,,im
Yim,Jaume,sounds,,,,im
Yin,Yoon,curated,,,,in
Yin,Wan,curated,,,,in
Yip,Ye,curated,,,,ip
Yip,Yapp,sounds,,,,ip
Yip,Ip,sounds,,,,ip
Yip,Yap,sounds,,,,ip
Yiu,Yao,curated,,,,i
Yojida,Yoshida,curated,,,,id
Yojida,Igeda,sounds,,,,id
Yolkin,Elkin,curated,,,,ilkn
Yong,Yang,curated,,,,ing
Yong,Long,curated,,,,ing
Yoo,Liu,curated,,,,i
Yoo,Yu,curated,,,,i
Yoon,Yin,curated,,,,in
Yoshida,Yoshita,curated,,,,ishd
Yoshida,Yojida,curated,,,,ishd
Yoshida,Kichida,curated,,,,ishd
Yoshida,Kitta,curated,,,,ishd
Yoshita,Yoshida,curated,,,,isht
Yousefi,Youssefi,curated,,,,isf
Youssefi,Yousefi,curated,,,,isf
Yrjö,George,curated,,,,ir
Yrjö,Georgi,curated,,,,ir
Yu,Yoo,curated,,,,i
Yu,Woo,curated,,,,i
Yu,Yeo,curated,,,,i
Yu,Dư,curated,,,,i
Yuan,Won,curated,,,,in
Yuan,Yuen,curated,,,,in
Yuan,Un,curated,,,,in
Yuan,Iun,curated,,,,in
Yue,Yueh,curated,,,,i
Yue,Lè,curated,,,,i
Yueh,Yue,curated,,,,ih
Yuen,Yuan,curated,,,,in
Yuk,Lu,curated,,,,ik
Yung,Weng,curated,,,,ing
Yung,Xiong,curated,,,,ing
Yuri,George,curated,,,,ir
Yurovsky,Jurowski,curated,,,,irvsk
YURRAMENDI,,,AR,archive,Lerena,irmnd
YURRAMENDI,,,ES,archive,Lerena,irmnd
YURRAMENDI,,,UY,archive,Lerena,irmnd
Yushkevich,Juszkiewicz,curated,,,,ishkvc
Z]ORBONE,[S,curated,,,,zrbn
ZACCARIELLO,,,IT,archive,Falco,zcrl
Zador,,,,,,zdr
ZAFFARANO,,,IT,archive,Falco,zfrn
Zaino,Zhen,sounds,IT,archive,Falco,zn
Zaino,Zhǎnɡ,sounds,IT,archive,Falco,zn
Zajac,Zajec,curated,,,,zc
Zajac,Zayats,curated,,,,zc
Zajec,Zając,curated,,,,zc
Zajec,Zajac,sounds,,,,zc
Zakharaw,Zakharov,curated,,,,zhrv
Zakharchuk,Zakhartchouk,curated,,,,zhrck
Zakharov,Zakharaw,curated,,,,zhrv
Zakhartchouk,Zakharchuk,curated,,,,zhrtck
Zaks,Sachs,curated,,,,zks
ZAMPANO,,,IT,archive,Falco,zmpn
ZAMPAOLO,Zampiello,sounds,IT,archive,Falco,zmpl
Zampiello,ZAMPAOLO,sounds,AU,archive,D'Arcy,zmpl
Zampiello,ZAMPAOLO,sounds,GB,archive,D'Arcy,zmpl
Zampiello,ZAMPAOLO,sounds,IE,archive,D'Arcy,zmpl
Zampiello,ZAMPAOLO,sounds,IT,archive,Falco,zmpl
ZANARELLA,,,IT,archive,Falco,znrl
Zander,Alexander,curated,,,,zndr
Zander,Sander,curated,,,,zndr
Zander,Zanders,curated,,,,zndr
Zander,Xander,curated,,,,zndr
Zander,Zanter,curated,,,,zndr
Zander,Zanters,curated,,,,zndr
Zanders,Zander,curated,,,,zndrs
ZANGOLARO,,,IT,archive,Falco,znglr
Žanić,,,HR,archive,Blažević,znc
Zanter,Zander,curated,,,,zntr
Zanters,Zander,curated,,,,zntrs
ZANTON,,,IT,archive,Falco,zntn
ZAPARDO,,,IT,archive,Falco,zprd
ZAPPA,,,IT,archive,Falco,zp
ZAPPARELLA,ZIPPARULO,sounds,IT,archive,Falco,zprl
ZAPPUTO,,,IT,archive,Falco,zpt
Žarković,,,HR,archive,Blažević,zrkvc
Zavaglia,,,IT,archive,Falco,zvgl
Zavalia,,,IT,archive,Falco,zvl
Zayats,Zając,curated,,,,zts
ZEFFREDI,,,IT,archive,Falco,zfrd
Zegers,Segers,curated,,,,zrs
Zeng,Tsang,curated,,,,zng
Zeng,Tăng,curated,,,,zng
Zeng,Zhang,sounds,,,,zng
Zeng,Zhuang,sounds,,,,zng
Zeng,Zhong,sounds,,,,zng
Zeng,Zōng,sounds,,,,zng
Zeng,Zhēng,sounds,,,,zng
ZENOLATO,,,IT,archive,Falco,znlt
ZEPPETELLA,ZEPPETELLI,sounds,IT,archive,Falco,zptl
ZEPPETELLI,ZEPPETELLA,sounds,IT,archive,Falco,zptl
ZEZO,,,IT,archive,Falco,zz
Zhang,Jang,curated,,,,zng
Zhang,Chong,curated,,,,zng
Zhang,Cheung,curated,,,,zng
Zhang,Chang,curated,,,,zng
Zhang,Tio,curated,,,,zng
Zhang,Tie,curated,,,,zng
Zhang,Dsang,curated,,,,zng
Zhang,Zhuang,sounds,,,,zng
Zhang,Zhong,sounds,,,,zng
Zhang,Zeng,sounds,,,,zng
Zhang,Zōng,sounds,,,,zng
Zhang,Zhēng,sounds,,,,zng
Zhǎnɡ,Cheung,curated,,,,zn
Zhǎnɡ,Zhen,sounds,,,,zn
Zhǎnɡ,Zaino,sounds,,,,zn
Zhao,Cho,curated,,,,z
Zhao,Chiu,curated,,,,z
Zhao,Ziu,curated,,,,z
Zhao,Chao,curated,,,,z
Zhao,Chio,curated,,,,z
Zhao,Cheu,curated,,,,z
Zhao,Jaw,curated,,,,z
Zhao,Tie,curated,,,,z
Zhao,Jau,curated,,,,z
Zhao,Tio,curated,,,,z
Zhao,Ceu,curated,,,,z
Zhao,Jiu,curated,,,,z
Zhao,Zhi,sounds,,,,z
Zhao,Zhou,sounds,,,,z
Zhao,Zhuo,sounds,,,,z
Zhao,Zhu,sounds,,,,z
Zhao,Zou,sounds,,,,z
Zhao,Zǔ,sounds,,,,z
Zhen,Kyeon,curated,,,,zn
Zhen,Zhǎnɡ,sounds,,,,zn
Zhen,Zaino,sounds,,,,zn
Zhēng,Ching,curated,,,,zng
Zhēng,Zhang,sounds,,,,zng
Zhēng,Zhuang,sounds,,,,zng
Zhēng,Zhong,sounds,,,,zng
Zhēng,Zeng,sounds,,,,zng
Zhēng,Zōng,sounds,,,,zng
Zhi,Chi,curated,,,,z
Zhi,Zhao,sounds,,,,z
Zhi,Ziu,sounds,,,,z
Zhi,Zhou,sounds,,,,z
Zhi,Zhuo,sounds,,,,z
Zhi,Zhu,sounds,,,,z
Zhi,Zou,sounds,,,,z
Zhi,Zǔ,sounds,,,,z
Zhong,Jong,curated,,,,zng
Zhong,Chung,curated,,,,zng
Zhong,Zhang,sounds,,,,zng
Zhong,Zhuang,sounds,,,,zng
Zhong,Zeng,sounds,,,,zng
Zhong,Zōng,sounds,,,,zng
Zhong,Zhēng,sounds,,,,zng
Zhou,Ju,curated,,,,z
Zhou,Chau,curated,,,,z
Zhou,Chao,curated,,,,z
Zhou,Chow,curated,,,,z
Zhou,Châu,curated,,,,z
Zhou,Zhao,sounds,,,,z
Zhou,Ziu,sounds,,,,z
Zhou,Zhi,sounds,,,,z
Zhou,Zhuo,sounds,,,,z
Zhou,Zhu,sounds,,,,z
Zhou,Zou,sounds,,,,z
Zhou,Zǔ,sounds,,,,z
Zhu,Je,curated,,,,z
Zhu,Zhao,sounds,,,,z
Zhu,Ziu,sounds,,,,z
Zhu,Zhi,sounds,,,,z
Zhu,Zhou,sounds,,,,z
Zhu,Zhuo,sounds,,,,z
Zhu,Zou,sounds,,,,z
Zhu,Zǔ,sounds,,,,z
Zhuang,Chong,curated,,,,zng
Zhuang,Trang,curated,,,,zng
Zhuang,Ch'ng,curated,,,,zng
Zhuang,Zhang,sounds,,,,zng
Zhuang,Zhong,sounds,,,,zng
Zhuang,Zeng,sounds,,,,zng
Zhuang,Zōng,sounds,,,,zng
Zhuang,Zhēng,sounds,,,,zng
Zhuo,Tak,curated,,,,z
Zhuo,Zhao,sounds,,,,z
Zhuo,Ziu,sounds,,,,z
Zhuo,Zhi,sounds,,,,z
Zhuo,Zhou,sounds,,,,z
Zhuo,Zhu,sounds,,,,z
Zhuo,Zou,sounds,,,,z
Zhuo,Zǔ,sounds,,,,z
Ziegenfuß,,,,,,znfs
Ziesch,Ziesche,curated,,,,zs
Ziesch,Ziese,sounds,,,,zs
Ziesche,Ziese,curated,,,,zs
Ziesche,Ziesch,curated,,,,zs
Ziesche,Zschiesche,curated,,,,zs
Ziesche,Zieske,curated,,,,zs
Ziese,Ziesche,curated,,,,zs
Ziese,Ziesch,sounds,,,,zs
Zieske,Ziesche,curated,,,,zsk
ZIGNATELLA,,,IT,archive,Falco,zgntl
Zilberman,Silberman,curated,,,,zlbrmn
Zilberman,Zylberman,sounds,,,,zlbrmn
Zimbardo,,,AU,archive,D'Arcy,zmbrd
Zimbardo,,,GB,archive,D'Arcy,zmbrd
Zimbardo,,,IE,archive,D'Arcy,zmbrd
Zimbardo,,,IT,archive,Falco,zmbrd
Zimber,Zimmer,curated,,,,zmbr
Zimber,Zombori,sounds,,,,zmbr
Zimber,Zombory,sounds,,,,zmbr
ZIMMARINO,,,IT,archive,Falco,zmrn
Zimmer,Timmer,curated,,,,zmr
Zimmer,Zimmermann,curated,,,,zmr
Zimmer,Zimmerman,curated,,,,zmr
Zimmer,Zimber,curated,,,,zmr
Zimmer,Zimmerer,curated,,,,zmr
Zimmer,Zimmerle,curated,,,,zmr
Zimmer,Zimmerlin,curated,,,,zmr
Zimmer,Zimmerling,curated,,,,zmr
Zimmer,Zimmers,curated,,,,zmr
Zimmer,Zimmerlein,curated,,,,zmr
Zimmer,Zimmering,curated,,,,zmr
Zimmer,Zimmerl,curated,,,,zmr
Zimmerer,Zimmer,curated,,,,zmrr
Zimmering,Zimmer,curated,,,,zmrng
Zimmerl,Zimmer,curated,,,,zmrl
Zimmerl,Zimmerle,sounds,,,,zmrl
Zimmerle,Zimmer,curated,,,,zmrl
Zimmerle,Zimmerl,sounds,,,,zmrl
Zimmerlein,Zimmer,curated,,,,zmrln
Zimmerlein,Zimmerlin,sounds,,,,zmrln
Zimmerlin,Zimmer,curated,,,,zmrln
Zimmerlin,Zimmerlein,sounds,,,,zmrln
Zimmerling,Zimmer,curated,,,,zmrlng
Zimmerman,Zimmer,curated,,,,zmrmn
Zimmerman,Zimmermann,sounds,,,,zmrmn
Zimmermann,Zimmer,curated,,,,zmrmn
Zimmermann,Timmerman,curated,,,,zmrmn
Zimmermann,Zimmerman,sounds,,,,zmrmn
Zimmermanns,Timmermans,curated,,,,zmrmns
Zimmermeier,Timmer,curated,,,,zmrmr
Zimmermeier,Zimmermeyer,sounds,,,,zmrmr
Zimmermeyer,Timmer,curated,,,,zmrmr
Zimmermeyer,Zimmermeier,sounds,,,,zmrmr
Zimmers,Zimmer,curated,,,,zmrs
ZIMMINO,,,IT,archive,Falco,zmn
ZINGARO,,,IT,archive,Falco,zngr
Zinkevich,Zinkyevich,curated,,,,znkvc
Zinkyevich,Zinkevich,curated,,,,znkvc
ZIPPARULO,ZAPPARELLA,sounds,IT,archive,Falco,zprl
Zirilli,,,AU,archive,Mazza,zrl
Zirilli,,,IT,archive,Mazza,zrl
Zirilli,,,US,archive,Mazza,zrl
ZITO,,,IT,archive,Falco,zt
Ziu,Zhao,curated,,,,z
Ziu,Zhi,sounds,,,,z
Ziu,Zhou,sounds,,,,z
Ziu,Zhuo,sounds,,,,z
Ziu,Zhu,sounds,,,,z
Ziu,Zou,sounds,,,,z
Ziu,Zǔ,sounds,,,,z
ZIVKOVIC,,,IT,archive,Falco,zvkvc
ZIVOTTI,,,IT,archive,Falco,zvt
Zmuda,,,,,,zmd
Zøllner,,,,,,zlnr
Zombori,Zombory,curated,,,,zmbr
Zombori,Zimber,sounds,,,,zmbr
Zombory,Zombori,curated,,,,zmbr
Zombory,Zimber,sounds,,,,zmbr
Zōng,Chong,curated,,,,zng
Zōng,Jong,curated,,,,zng
Zōng,Sō,curated,,,,zng
Zōng,Syū,curated,,,,zng
Zōng,Mune,curated,,,,zng
Zōng,Chung,curated,,,,zng
Zōng,Tsung,curated,,,,zng
Zōng,Zhang,sounds,,,,zng
Zōng,Zhuang,sounds,,,,zng
Zōng,Zhong,sounds,,,,zng
Zōng,Zeng,sounds,,,,zng
Zōng,Zhēng,sounds,,,,zng
ZOPPOLI,,,IT,archive,Falco,zpl
Zou,Chau,curated,,,,z
Zou,Chu,curated,,,,z
Zou,Chao,curated,,,,z
Zou,Chow,curated,,,,z
Zou,Zhao,sounds,,,,z
Zou,Ziu,sounds,,,,z
Zou,Zhi,sounds,,,,z
Zou,Zhou,sounds,,,,z
Zou,Zhuo,sounds,,,,z
Zou,Zhu,sounds,,,,z
Zou,Zǔ,sounds,,,,z
Zrinski,,,HR,archive,Blažević,zrnsk
Zschiesche,Ziesche,curated,,,,zss
Zǔ,Cho,curated,,,,z
Zǔ,Zhao,sounds,,,,z
Zǔ,Ziu,sounds,,,,z
Zǔ,Zhi,sounds,,,,z
Zǔ,Zhou,sounds,,,,z
Zǔ,Zhuo,sounds,,,,z
Zǔ,Zhu,sounds,,,,z
Zǔ,Zou,sounds,,,,z
Žubrinić,Xubrinich,curated,HR,archive,Blažević,zbrnc
Žubrinić,Xubrinić,curated,HR,archive,Blažević,zbrnc
Žubrinić,Xubrinic,curated,HR,archive,Blažević,zbrnc
Žubrinić,Zubrinich,curated,HR,archive,Blažević,zbrnc
Zubrinich,Žubrinić,curated,HR,archive,Blažević,zbrnc
Župančič,Supancic,curated,,,,zpnsc
Župančič,Suppantschitsch,curated,,,,zpnsc
Zvonarev,Zvonareva,curated,,,,zvnrv
Zvonareva,Zvonarev,curated,,,,zvnrv
Zylberman,Silberman,curated,,,,zlbrmn
Zylberman,Zilberman,sounds,,,,zlbrmn
Zyllenhardt,,,AU,archive,D'Arcy,zlnhrdt
Zyllenhardt,,,GB,archive,D'Arcy,zlnhrdt
Zyllenhardt,,,IE,archive,D'Arcy,zlnhrdt
Østberg,Östberg,curated,,,,stbrg
Østerberg,Österberg,curated,,,,strbrg
Østlund,Östlund,curated,,,,stlnd
Þorsteinsson,Thorsteinsson,curated,,,,orstnsn
Đàm,Tan,curated,,,,am
Đặng,Deng,curated,,,,ang
Đặng,Ang,sounds,,,,ang
Đào,Tao,curated,,,,a
Đào,Ai,sounds,,,,a
Đào,Au,sounds,,,,a
Đào,Ao,sounds,,,,a
Đào,Aue,sounds,,,,a
Đinh,Ding,curated,,,,inh
Đoàn,Duan,curated,,,,on
Đoàn,On,sounds,,,,on
Đoàn,Ōno,sounds,,,,on
Đoàn,Ouno,sounds,,,,on
Łoboda,Loboda,curated,,,,obd
Łukaszewicz,Lukashevich,curated,,,,uksvc
Œhler,Oehler,curated,,,,hlr
Œhler,Hillary,sounds,,,,hlr
Œhler,Hilaria,sounds,,,,hlr
Œhler,Hilaire,sounds,,,,hlr
Œhler,Hilary,sounds,,,,hlr
Œhlert,Oehler,curated,,,,hlrt
Əliyev,Alijevas,curated,,,,lv
Əliyev,Aliev,curated,,,,lv
Əliyev,Alıyev,curated,,,,lv
Əliyev,Alilany,curated,,,,lv
Əliyev,Aliylany,curated,,,,lv
Əliyev,Ḣalil,curated,,,,lv
Əliyev,Äliev,curated,,,,lv
Əliyev,Ḣaliev,curated,,,,lv
Əliyev,Aliyleni,curated,,,,lv
Əliyev,Galiyev/Ğaliev,curated,,,,lv
Əliyev,Alievrin,curated,,,,lv
Əliyev,Ghaliev,curated,,,,lv
Əliyev,Aliyev,curated,,,,lv
Əliyev,Law,sounds,,,,lv
Əliyev,Lew,sounds,,,,lv
Əliyev,Leavy,sounds,,,,lv
Əliyev,Levey,sounds,,,,lv
Əliyev,Leavey,sounds,,,,lv
Əliyev,Lőwy,sounds,,,,lv
Əliyev,Lœwy,sounds,,,,lv
Əliyev,Liow,sounds,,,,lv
Əliyev,Lev,sounds,,,,lv
Əliyev,Love,sounds,,,,lv
Əzizov,Azizov,curated,,,,zzv
—,,,HR,archive,Blažević,
—,,,IT,archive,Falco,
鬍,Hu,curated,,,,
